[PAD]
[SEP]
[CLS]
[UNK]
[MASK]
!
"
#
$
%
&
'
(
)
*
+
,
-
.
/
0
1
2
3
4
5
6
7
8
9
:
;
<
=
>
?
@
A
B
C
D
E
F
G
H
I
J
K
L
M
N
O
P
Q
R
S
T
U
V
W
X
Y
Z
[
\
]
^
_
`
a
b
c
d
e
f
g
h
i
j
k
l
m
n
o
p
q
r
s
t
u
v
w
x
y
z
{
|
}
~
¡
¢
£
¤
¥
¦
§
¨
©
ª
«
¬
®
¯
°
±
²
³
´
µ
¶
·
¸
¹
º
»
¼
½
¾
¿
À
Á
Â
Ã
Ä
Å
Æ
Ç
È
É
Ê
Ë
Ì
Í
Î
Ï
Ð
Ñ
Ò
Ó
Ô
Õ
Ö
×
Ø
Ù
Ú
Û
Ü
Ý
Þ
ß
à
á
â
ã
ä
å
æ
ç
è
é
ê
ë
ì
í
î
ï
ð
ñ
ò
ó
ô
õ
ö
÷
ø
ù
ú
û
ü
ý
þ
ÿ
Ā
ā
Ă
ă
Ą
ą
Ć
ć
Ĉ
ĉ
Ċ
ċ
Č
č
Ď
ď
Đ
đ
Ē
ē
Ĕ
ĕ
Ė
ė
Ę
ę
Ě
ě
Ĝ
ĝ
Ğ
ğ
Ġ
ġ
Ģ
ģ
Ĥ
ĥ
Ħ
ħ
Ĩ
ĩ
Ī
ī
Ĭ
ĭ
Į
į
İ
ı
Ĳ
ĳ
Ĵ
ĵ
Ķ
ķ
ĸ
Ĺ
ĺ
Ļ
ļ
Ľ
ľ
Ŀ
ŀ
Ł
ł
Ń
00
01
0000
000
45
ff
80
bb
06
801
4000
03
450000
83
ca
010
97
000001
ce
01080
00000101080
cd
be
05
dc
34
20
de
006
17
10
69
50
42
45000
40004
caf
90
33
450005
32
15
87
aa
16
82
ffff
0097
96
002
40004006
0001
36
85
47
35
ad
cf
65
30
40
12
86
77
46
ab
89
cb
fe
ae
fd
11
cc
92
95
70
80100
acd
37
62
906
af
84
00000
81
db
bede
45000034
60
31
ee
55
df
bc
ac
99
ec
0303
67
27
dd
41
009701
88
301
91
fb
26
00020
24
25
94
fa
75
eb
fc
0050
8011
da
00000000
44
ef
ea
21
801000
76
057
28
ed
000110
39
57
61
bf
011
ba
22
bd
64
942
3306
74
23
93
affff
cece
007
02
00008011
14
00004
66
501
00003
98
001
54
51
56
38
68
48
72
71
096
00003306
52
43
49
170303
0002
63
07
4500008
59
09
73
000032
708
065
29
8010015
0000380
53
19
000210
04
adc
79
13
0000801100000
005
08
18
58
78
004
ffffe
bbe
00002
8010007
bbb
870
bbc
80180
bbd
691
bba
0650
4500003
40004011
ceced
05783
bcbede
4500002
00004000
036
800
00004011
204
450001
30050
000000000000
4500005
||
00003806
632
683
40002
8006
616
45000028
00001
aacd
40008006
000083
0000001
054
000000101080
affffe
976
901
80101
3106
fffff
20405
4000401
3406
4500006
0035
45000562
217
0000020405
94200
40003306
401
0100
00000000000000
40003106
2080
459
201
907
030
402080
801006
696
00008011000083
cbede
312
817
4500056200004000
ffe
00970050
160303
90000
40402080
cdb
283
ccc
805
80000
dca
40003406
337
3506
dce
00010
03636
202
09683
0000401
559
7906
800000101080
801801
380
801005
69007
821
801800
345
deb
442
40003506
300000101080
0107
dcb
afffff
0000010001
00005
900000101080
dcd
450
400000101080
3206
ffffd
478
830
fadc
900
dcf
17030305
200000101080
601
573
0964
902
bbf
942007
9765
40003206
924
adad
650
100000101080
700000101080
101
600000101080
9916
3606
909
003
000003
cbcd
504
980
7780
4500004
500000101080
018
01000
230
0001108
421
676
306
40003606
701
8180
118
dcc
501000
340
456
030306
6324
fea
656
106
801003
0101
942007780
383
817573
dcccc
026
30000
991609
20000
303
883
70000
1703030585
ace
40000
daa
357
6161
4500009
376
317
368
000001030306
eacd
60000
50000
0001109
983
452
410
6900
fce
cce
651
beb
8018
483
bee
495
288
cfe
cae
406
05683
bec
40008011
10000
117
bce
461
903
500
17030301
fad
9036
880
234
783
45935
bacd
bed
874
bea
fcf
806
657
632007
8906
aaf
336
8010003
400040065
430
bef
636
9026
4545
6906
65000
617
158
0035002
183
aae
470
affffd
583
650976
057976
060
400040067
aaa
dea
99160985
16030300
012
ffa
124
2112
630
400040062
adb
466
737
caa
debaf
45000042
280
300
450002
170303058500000000000000
cff
aab
450000345
3311
3006
ece
485
abf
628
305
50100
170
747
746
905
0569
801805
365
400040066
400040064
862
acb
0000000000000000
0006
991609850107
400040060
aee
854
ada
4000380
450005620000400032
aea
815
377
00008
40478
aca
056
fee
aba
780
400040061
ccd
abd
400040069
875
0000000001030306
40003006
860
1603
00006
00007
454502
cca
afb
736
aad
868
0906
6584
083
dee
ffc
895
206
80100020
932
abb
ffb
4593523
154
820
90001
174
abc
160
fcb
7504
fca
fdd
afc
69821
dad
962
aeb
706
fff
ded
732
155
ddb
165
0574
475
864
bcd
0000000000000
fcd
626
861
841
454
cfd
690
aed
064
017
814
dec
cfc
bfe
31203
eaa
865
667
9906
00400
efb
abe
def
960
adf
0002109
970
102
473
8450005
cba
4554
ffd
685
451
376337
add
3906
dbf
efe
0002108
3450005
032
bca
472
9450005
971
066
dfb
400040068
4906
dfe
455
400040063
974
935
915
842
061
dfa
825
17030300
594
009768
233
82357
844
067
7777
866
937
fdf
850
aec
4500007
111
695
872
912
692
892
faf
aac
ceb
474
342
977
cbd
dbc
afe
876
435
975
fdb
50107
109
4554202
5018
ecd
477
405
dbd
457
9005
eca
1703030
867
972
877
600
414
849
829
1906
0567
2906
cfb
460
107
395
80102
4450005
822
23030
207
652
936
168
857
425
cee
aef
315
80100077
dba
855
bcb
859
112
dfbb
5906
402
474554202
fda
180
893
826
351
062
114
00004500002
ebe
cfa
76337
ccb
992
325
334
eea
3120323030
846
ced
afa
717
fac
891
039
ddd
000045000028
871
068
167
170303058500000000000000450005
157
917
407
bfb
505
dfc
cde
450000341
894
934
873
cab
933
623
812
0001000
77924
113
cad
cac
146
618
450805
cea
373
cdd
700
995
973
eae
851
400
063
965
818
9691
eed
694
536
790
845
203
476
843
950
45000562000040003211
903630
16030100
1450005
827
256
2450005
ebf
310
fed
024
eee
115
770
8010060
27005
170303002
bae
9803
ebb
cda
856
feb
fae
450000344
000000
904
896
404
116
9765018
840004006
969
946
205
dab
773
035
ecb
200
fec
400052
450000340
314
dda
016
427
cec
dbb
450000347
dbe
dde
824
cdc
acf
925
000008011
104
bde
eba
458
122
848
450000342
996
fbd
aff
cdf
370
eec
266
436
fef
434
2020
73007
dae
152
8717
813
733
852
eeb
417
908
adbe
276
daf
467
940004006
cbb
dff
80180559
823
120
5004
ade
166
afd
85454502
162
502
cef
396
cbf
927
151
8018015
627
015
428
80100076
ead
802
80100559
000002
156
edb
5450005
fbb
baa
670
7450005
100
acc
164
653
828
dfd
108
ddc
069
eab
119
340004006
eff
fbe
172
bfd
faa
cacd
fcc
dac
bab
bad
fde
930
807
637
255
ebc
8010016
6450005
eaf
8010055
bdd
8018055
ccf
fbf
595
725
fba
00009
840
bdb
ebd
171
050
819
8018060
030307
803
432
8018007
450000346
bff
471
edd
5010001
246
00003206
ede
775
961
492
887
945
742
735
403
cbc
0005
010001
125
eef
863
161
360
ddf
889
726
349
210
295
437
446
efd
0450005
979
123
fbc
420
baf
879
ecc
eac
966
127
080
232
355
756
885
bda
ecf
cbe
bcc
655
0000042
991
40008006000083
963
703
040000
693
bdf
921
899
fab
bcf
433
810
415
4508
968
dacd
727
479
048
bac
efc
440004006
126
facd
985
235
795
edc
1691
450000343
453
302
40201
42100
677
755
195
edf
bdc
175
765
000004
eda
978
bfc
30035
346
400037
008
672
055
468
940
027
426
fdc
424
762
943
208
335
640
099
313
8010001
347
465
910
635
00000001
922
375
4610000042
4610000042410
393
480
462
878
413
095
888
fffffe
121
00010002
853
836
330
422
009
418
135
964
929
776
914
260
450000348
913
989
450005620000400035
341
267
464
025
698
382
efa
bfa
367
262
209
037
326
8010011
835
994
944
777
214
400040117
8010056
926
816
486
153
967
535
5691
222
890
702
374
140004006
699
159
847
240004006
419
507
316
40003806
344
804
738
014
832
450000349
8010017
778
760
839
772
666
000000005004
993
614
343
858
000040003311
898
947
103
4686
423
348
955
767
332
740004006
659
923
268
041
361
160303004610000042410
cbcdb
503
647
01000001
517
00971
331
948
831
570
45000062
902630
17030302
371
796
646
697
531
322
928
409
506
ffffb
631
650004
50101
225
797
640004006
931
304
ffffed
997
987
163
0303001
052
527
450004
408
00970
540004006
363
612
9765158
398
918
372
444
680
00010001
431
553
227
949
40005206
01040201
575
616197
715
366
525
0077
219
45000562000040003311
077
400040115
837
603
443
132
220
098
897
445
385
532
190
801007
397
882
724
362
009717
916
bbab
986
562
952
412
766
040004006
000003306
834
998
356
307
669
110
602
654
919
133
869
577
429
105
881
387
545
957
400040112
447
448
215
941
320
50180
956
705
4210
580
364
745
954
750
999
350
0180
038
662
177
1686
951
982
34541
515
633
034
212
833
bbdf
449
213
145
463
758
0100400
838
45000562000040003511
416
194
920
660
50100400
185
238
707
00000801100000
649
469
487
668
400040116
176
031
013
496
938
3414
990
450005620000400033
768
622
587
585
567
615
7991609850107
020
261
386
642
040
389
801002
ffffff
533
522
886
557
075
665
911
bbea
324
704
010007
bbde
047
688
761
774
394
0054
000038067
741
730
058
942006
051
245
ffffc
00970035
686
514
321
bbce
00010000000000000
607
352
645
bbdb
033
808
482
565
610
379
bbaa
187
323
634
150
8010063
984
265
242
059
271
682
710
787
452805
456005
319
318
740
786
269
450800
811
643
247
173
734
754
000101
bbae
592
716
010303
129
ffffeb
226
641
551
722
8018003
390
bbad
287
569
137
509
196
297
ffffec
785
244
289
769
136
259
08000
392
087
40003706
801803
596
0303000101
720
0102
249
748
128
160303002
182
789
130
240
216
45000061
781
953
285
530
236
282
218
5010007
624
744
547
597
620
494
45000060
809
497
134
582
369
63200
959
00003406
560
160303005
189
687
179
399
bbbb
274
bbcc
328
711
070
248
053
939
625
197
277
354
082
534
958
384
7080
586
140
490
792
439
292
bbed
000040002
714
296
085
bbcb
338
791
169
782
333
648
45934
658
237
192
574
045
712
508
0048
981
606
01006
170303001
616187
520
044
000000000000000
090
540
576
491
199
501006
272
243
028
884
086
589
147
450003
49588
47991609
353
ffffee
45000067
58010007
bbbf
499
bbaf
709
544
0000801
779
743
542
019
8010006
142
275
661
358
4500010
bbba
000037
097
555
311
309
281
286
40101040201
000038069
148
000080001
440
010000
339
484
510
046
546
512
adbc
1586
bbbd
252
391
516
ffffa
605
752
340478
327
644
537
590
150303001
bbca
568
552
9080
030359
00503
186
131
663
229
757
01005
489
291
042
239
223
450000283
076
681
591
178
293
5010
359
264
381
771
599
241
378
481
0006002
0000485454502
550
621
021
80014
308
689
002000080001
511
501005
290
673
284
092
00080014
450000282
556
609
251
329
000000000
00508
450000287
0000170303
639
4500058
8018056
00000000000003
584
784
8742
250
299
764
664
524
988
613
270
411
0060
181
579
273
009736
566
bbdc
221
799
739
3120323030204
521
ffffef
485454502
253
0000000050040000
bbbe
679
bbac
023
719
257
684
604
072
640402080
000033065
751
731
bbeb
000040117
231
441
089
450005620000400032118
5616
224
619
526
450000285
258
80100586
bbcf
759
34143414
022
0578
45000092
611
254
801008
80123
501800
3345
438
2636
191
598
139
141
388
00011087
00509
7680
518
675
608
721
bbcd
144
549
ffffdb
9070
450000280
564
880000
bbec
091
00505
794
084
278
8010008
674
400056
629
029
763
753
581
554
578
211
094
043
0000020405640402080
02636
563
000040115
dffffe
5011
0127
bbdd
193
718
713
263
749
558
00506
affffb
bffffe
000006
671
572
cffffe
184
788
80110
8010200
aadc
000040116
294
793
561
000004011
279
cfce
00011089
000005
450000286
51006
493
149
049
081
638
723
143
548
593
0303000101160303002
488
00501
4815
0006001
bbda
498
0000450001
450000280000
678
97680
400040111
000033069
6103636
abede
effffe
942007680
400040110
000038065
298
801001
70303
513
7580
729
400040114
00011086
8741
61619
942007880
400040113
8376337
228
798
071
08000601
00000100
450000284
400040118
961686
6503636
074
541
80100154
00002112
450005620000400033117
571
00011093
093
45000084
529
ffea
8010012
90363
539
010002
45000064
0049
000040112
519
affffa
088
543
0269
0047
1706
0000450000
400053
45000065
bbbc
528
188
acbcd
45000032
00011092
0376337
cadc
073
80180020
0016
42112
473696
45000089
377924
0000100002112
20202020
00011094
00500
0000400035
00011091
ffffdd
450000281
728
0000000003
456000
00050001
523
ffffea
7480
198
400040119
cfcd
0036
010000010000000000000
0170303
942007580
801010
138
000038062
588
00003106
538
000033067
00004006
40006
dadc
75000
000033061
8018002
ffffdf
00011095
eadc
18010007
057961686
000046
17030303
affffed
57276
079
0000320
942007980
7501
801009
000038068
45000047
1000032
badc
056990
0101080
000040110
030359450005
000038060
48010015
4627
6963
4500000101080
9916098
fadfc
45000063
40101040201030307
2333
4018
00011096
85403
8000032
3628
000003806
00050
33303
45080034
078
5010002
000038063
00000000000001
fffffd
000033066
0101002
01010101
9000032
4593402
00010002000000000
61696
45000037
0000450005
0000400035118
ffffde
7000032
942007080
80180154
000040111
000033060
00021
6936
908030
942007480
7706
2000032
00542112
47340
980100077
00011097
80100202
00011098
3288
616365
667266
932616365
333032333
932616365333032333
8540300080014
00976
34593523
373007
00011099
000038066
9000100000001
01030307
00011085
45000087
05701
0070
3484
5944
4640
2349
affffeb
0097345
6000032
4501
3000032
000017
0000474554202
affffec
47070
000033064
0509
8080
030300
7326
000014
0001000000000000
0990000100002112
0046
5000032
aafc
000007
8018001
000022
8501
80180202
4500012
300509
80000801100000
9420
4799160984
7075
5310
8010058
90000801100000
009700508
801806
4000032
0501
000033062
450000289
30000801100000
40000801100000
4500011
0562
affffee
00979
000035
bbee
1501
4541
000017030301
45000028000040004006
20000801100000
000009
080006
2501
45000564
000110880000
8018016
affffef
000021
10000801100000
0089
1603030046100000424104
70000801100000
53657276
010200010001
00502
4677
000008
907830
61618
000110870000
8743
69001
000042
942007380
9501
000025
773007
60000801100000
3746
600001
50000801100000
adde
000045
68010007
300003306
4707
8196
01050
800003306
69636
0075
200003306
479916098
100003306
300508
adfc
65723
000016
6501
45000090
0006001932616365333032333
58010015
000015
00000380
000047
800002
801011
400003306
801100
0078
900003306
ffffdc
3501
160303004
8000
45000053
4500022
1465
000040119
affffc
700003306
7288
000055
000040118
45000086
0123
600003306
8018063
000038061
00011
000017030305
500003306
45000043
000040
40005606
88010007
6616
000023
8650
000024
ffffffff
450000288
cfcc
8400000101080
1603010200010001
459340
45000034000040002
45000066
9700000101080
40005306
8200000101080
01030308
8900000101080
8700000101080
38010015
bece
8600000101080
000110890000
97652
8500000101080
80103
8100000101080
80181
45000056
ffffda
affffdb
0127120
adae
9000
98010007
5365727665723
000027
00507
45000091
000008011000083
8300000101080
4700000101080
50100021
04883
8010020
affffea
0051
8800000101080
90263
907030
942007280
030309
00013
8018017
0097628
600002
000010054
9600000101080
9430
00504
4376337
4600000101080
450005620000400033118
05699
8012390
000110860000
8010057
3120323030450005
000189
501001
6900000101080
5501
1600000101080
000050
dcaf
45000085
1500000101080
000000000000037777
000031
4542
2616
00021091
400031
00021090000
4734
000110930000
ffac
5018002
1100000101080
4424
4200000101080
1700000101080
900002
1200000101080
4100000101080
9500000101080
00021092
057780
9200000101080
6901
000040114
000040113
8010071
3300000101080
8012
80102001
000036
3400000101080
000033
6574
9900000101080
3537
00021093
0026
0300000101080
160303006
4200
bbacd
000011
000041
2785
3100000101080
40050
00000000037777
000017030300
00021091000032
39765018
0000000101080
9100000101080
3900000101080
400031065
0500000101080
9400000101080
8010004
700002
9630
9380
3200000101080
00303
000057
affffde
0100021
030308
cbcdbf
000012
69006
80100041
003500
300002
3700000101080
00021092000032
2800
00000401
0333
3500000101080
3600000101080
7306
4500003400004000
4426
affffdf
6936800
ffee
000110920000
45000095
9300000101080
280100
bfffff
affffdd
8018020
50100042
00021093000032
28010015
000100030000
acdb
000110940000
0076
00021094
0052
459340220
4400000101080
3800000101080
0100559
000110910000
945000034
3131
45000562000040003511874
0000170303002
500002
cfffff
8018011
9800000101080
8010009
009777924
00021098
80100082
00021095
000038064
880100
580100
000019
480100
845000034
400002
73746
00021096
becf
6703636
445000034
17103636
980100
aaac
4701
ffeb
545000034
000048
365626
6616365626
200002
00021097
245000034
140303000101160303002
00012
dfffff
00021099
100002
00021094000032
5018001
6500000101080
8636
145000034
8054
efffff
4800000101080
0079
61678
4900000101080
000110900000
801101
345000034
942007180
80180165
0001000200000000
afffffe
4300000101080
745000034
69305
0031
00021098000032
000026
6000001
80180076
0100000101080
ffffce
380100
00044
866616365626
00021095000032
00021096000032
32303
ffef
645000034
9501000
69656
010111
fffffa
43586
0083
000033068
0600000101080
15971
eeacd
180100
000030
2800000101080
010055
0603
00021097000032
7500
43586859
1597169305
81960
73743586859
467773743586859
1597169305467773743586859
6964
4500015
3636
2100000101080
03030
00010060
00021099000032
50187
000110950000
7700000101080
2500000101080
680100
8010
780100
2700000101080
2600000101080
50100559
ffed
018002
00000000000000450005
800000
000033063
801100000
6403636
5010111
080100
47991609842
2400000101080
045000034
000443484
400035
80100669
0045
000034
000080114
fecd
fbacd
68010015
45000069
80123908
08010007
00000020405
000110960000
2200000101080
6700000101080
50050
00450005
96001
0187
2300000101080
0180559
39765
0000032
2900000101080
00000000000000450000
026410
45000045
affffff
5010055
dbacd
009740478
ffec
9201
0072
4500023
4500056200004000321187
6400000101080
1742
3790
6200000101080
1400000101080
000039
50180559
801012
45000052
17030304
1800000101080
5010003
0585
45000059
4500056200004000331180
80006
000051
7789
bbfd
45000094
7100000101080
000010
3414341434143414
800003806
000500
85415
6100000101080
6800000101080
900003806
7300000101080
000018
7400000101080
7200000101080
1300000101080
8616
7800000101080
018055
7600000101080
6561706
1900000101080
2046
9801
45600034
7500000101080
000110970000
000016030100
caae
45000083
35002
7007
400080069
000110980000
1466
0055
6600000101080
4703
7900000101080
0000010000000000000
6300000101080
000045000
fffffc
90783
8183
334541
903230
300003806
4706
2401
5500000101080
000110990000
4574
8541500080014
80303
61696475
000044
5018055
0653
6169647503636
3120333
5100000101080
400003806
700000
4001
affffdc
000100602112
fffffb
3231
00010003
400034
bbcba
00000101050
340004011
5018007
3133
2054
000110850000
200003806
6561706973
dcfe
0000400032
5600000101080
5900000101080
700003806
bbfb
5700000101080
bbff
9701
6564
0074
62616
240004011
dcdb
5300000101080
80050
00001703034018
000043
00060021597169305467773743586859
100003806
00021088
45000096
5400000101080
5200000101080
2717103636
000600216
5800000101080
8201
ffafb
39765158
400032
4000800600000
009734541
1703030021
840004011
00021087
6965
5501000
0002103
800004011
740004011
940004011
00021089
140004011
000056
900004011
affffda
00011088
500003806
0000016
450005620000400035118
bbfe
600003806
300004011
0034
440004011
640004011
4500016
801106
000038
8082
900000
80001
540004011
5943
0000027
400004011
801013
200004011
400080110
7075626
3335
dcba
100004011
90050
00021088000032
45000097
6320036
4067075626
33118
baaa
0000000
00021087000032
4425
42007080
0080
700004011
6601
000040003206
05026
4500056200004000321184
600004011
0023
74616
8089
500000
9401
00021089000032
0501000
500004011
4500013
8007
60050
45000040
80102017
4736
942001
1183
040004011
5010008
001000443484
9000146
0200000101080
600000
4500021
acbcdb
010505
0900000101080
1817
8501000
8010201
00200004
0800000101080
400026
6577
000016030300
8018006
00004000331185
dcbf
80100696
23496
0700000101080
08010015
7109
9910
dcac
34815
0301
000049
0400000101080
05736
dcfd
45000562000040003511868
47991609841
dcca
4202
840002
000013
1767
280100077
000001000000000000
501007
940002
5100
0064
3601
8200
5901
440002
05626169647503636
8280
340002
6054
00000170303
8010074
4500056
8706
4378010007
6900336
00000000000000004500002
7525
adadc
0200004
656170697303636
94000
2531
4500014
dcde
8401
ffaf
06010505
1590
240002
801014
4616
5002
000029
740002
4252
0380
8701
000040003106
0201
3146
84000
31466
501805
400033069
8018004
2020202020202020
018001
000020
0073
0053
dcfb
140002
174653
8101
400035068
30663
70050
400031062
10050
00000000001
991609850187
96265
4266
adadb
aaff
8901
44000
8301
8483
040002
0000400033118
400000
540002
00974627
446174653
adade
dcfc
3685
6875
7701
80111
9101
74000
400035069
640002
bbfa
34000
000052
501011
45000068
9765758
20485454502
00000000001030306
8842
6945
dcbe
300000
060102
00004000331183
4724
3101
9901
100000
0097790
05778
24000
88010015
98010015
dcbb
4401
afffffa
400033068
effffd
0480016
5006
5301
31313537
45000082
9626531313537
962653131353730663
7445
9783
2001
01002
ceef
8011007
0900
bbef
00021086
0265
550100
14000
fbeb
4183
0000321
0000329
dcae
3936
54000
0022
1201
45000562000040003211847
64000
dcbc
4101
00011084
400033060
200000
efee
3000000101080
45000093
4740
501801
addc
dcab
9746
170303101
4500024
7801
5995
3450000
009700509
3120333032
8000000101080
4869
45000562000040003511864
6000000101080
dccd
400032065
8005
3746174
dcce
801004
dcbd
01030309
dcff
78010007
20450005
4617
dcee
3901
16030300500200004
0000000000000001
9116
16030300251
4000000101080
9000000101080
4325
0659
160303003
90803
1801000
2601
3801
0000327
690076
0473696
7000000101080
dcad
0106
000100050000
9230
5530
7071
4060
8117
1000000101080
501004
8683
0000325
cbcdbe
ffffcf
400080119
bbfc
5040
5277
45000126
afffffc
400034065
5000000101080
afffffd
0000322
4011
dcda
00021090000032
04000
1380
1054
4501000
0068
6001
0000021
cffffd
ffde
7201
bbbce
5401
1601
00971466
3054
09601
2583
fcea
2000000101080
0027
7367
0000324
0000326
800001
38010007
45000088
afffffb
3701
000080112
4846
01000001000000000000027
dffffd
bffffd
0033
0122
06583
0020
5054
9283
8011056
4054
400031060
7535
5801
8783
400035065
000059
0000328
ceacd
8648
450801
0030
000080111
dcec
4593404
80100165
3706
61706
1193
0044
6461
0066
5101
3497
801015
4958
3246
4601
45000055
dcfa
dcef
0071
1101
6569
4003
9601
6255
8000003
adfa
010054
0000323
0302
2706
000100542112
5746
9983
bcce
01010
8189
20050
0101010101010101
50103
0028
9483
4901
0601
4683
8480
dccf
8489
450000420
1083
dced
4801
400031061
9383
4283
9631
69450005
2301
801802
4500
74450005
93547
00977
0262
3336
000028
0001000300000000
000065
4450000
4646
3483
65450005
3201
8010082
0363
3301
0004067075626
90703
dcaa
69007989
8283
3983
45080
000040004006
400031064
4500019
400033061
7001
04183
7801000
96260
8011015
5450000
0126
adadd
000100020000
0120
0006001962653131353730663
2433
0057
51303
adbce
1001
34545
9830
0065
8289
65636
9801000
000053
dcdc
becd
4500020
1583
0450000
feaf
8983
6501000
5010056
9583
abce
6702636
1501000
dcdf
8400
8450000
0577
9429
06676
0029
feae
2801
170303003
6450000
90675
8583
1703034018
5945
7301
528010015
45000041
fead
3383
dcdd
45000562000040003511880
9509
4725
9656
01000001000000000000
012712
8380
7616
0007
477706
0801
4083
6983
4583
69010
17030306
4201
6572
dccb
1189
880101
becb
459340210
2450000
1801
74656
3401
8083
3801000
010056
4500027
000040003406
9363
000054
3883
69007889
8883
9450000
beca
aecd
801807
4568
5115
450000906
687503636
0004
0670
2701
6201
00010003000000000
940008006
34542
beaa
6500048
942008080
45000239
3485
4757
0100000100000000000001
1301
dffff
6483
80100078
840008006
2683
7450000
000017030302
130333
0003
86450005
80000020405
effff
40002906
5010063
60000012
5001
00979765018
477706164
2025
cdcc
800004
4500025
8282
1703031
00974815
690075
84564
6801
800003
000077
cffff
450000422
838010015
0300
0683
93743
bbaae
4726
780101
900008011000083
000066
800008011000083
000089
4500003487
1901
2083
030300010116030300
8406
400033062
440008006
67071
000062
90676
1283
4483
28010007
45000058
3283
45000030
9083
6801000
4500026
400034068
feaa
8403
73450005
4636
9883
4528
0583
5083
9683
dceb
7601
face
736703636
340008006
feab
5701
8601
9477
8801000
300008011000083
6265
000040003506
580101
2215
4783
240008006
280101
200008011000083
01030305
90000020405
51005
0082
459359
140008006
400008011000083
2101
30000020405
000080113
3501000
7697
00015
6240
500000000000000
000004000
daca
20000020405
dccc
dede
018007
3459340
4500001
34500004
7401
480101
9183
400034066
40000020405
becc
4301
8389
aeacd
02000046
0015
5005
18010015
1450000
37461746963
70000020405
170303004
fcdb
aaae
eedc
100008011000083
700008011000083
bedd
801105
0037
400032061
380101
000058
80000000000000000
7901
9626
2190
0667
81450005
7683
5201
dfbbc
0345
0085
080101
2645
60000020405
8801
306676
740008006
feac
9301
8008
400033067
efba
4801000
10000020405
4500056200004000351186
00004000331186
00014
3083
62337
dcea
200006
36065
3783
45000562000040003211849
42526
adcf
cbce
3736
45000036
00101040201
0000450000282
640008006
0008
600008011000083
49599
1683
0056
540008006
0032
0383
2883
030304
500008011000083
010063
4000400627
bebd
3782
814450
80100170
6101
6583
0123890
47030
000064
48010007
000060
67303
00010001000000000
3230
8517
4610
45000028000040002
0002109000003
228010015
82450005
0000450000283
7020000
9640
3001
1707
425262337
1252
4500017
8010085
400033065
2801000
3380
50183
7101
5130333
168010015
6461425262337
4883
84450005
32314574
00021086000032
beac
009742
87635
00001703030
6301
0603551
7445557
0960016
0000150303001
50000020405
0681
1170
0401
73746174
45450005
8003
400031066
450000901
6967
030305
cace
180101
1783
0062
7083
8801003
bebe
8010000
4650
3583
90303
978010015
45000189
3183
0121
aabb
7777772
9280
8157
040008006
deea
adbee
7706676
bffff
00001703030590
000082
00975
0010
2901
bedb
8018008
5000
9450
00000000000000000000000000000000
8580
798010015
0010000
4002
bebf
90450005
23495
2983
7489
2483
4983
69007789
97450005
000101080
befd
45000038
decd
5354202
9732
0980
980101
69003
0000020
bbbba
0676
00890089
1676
dcbcd
3686
bbbdd
1741
801000206
1401
7150
4010000
313337
beee
1701
6701
400031068
3120323030456005
950100
40002606
2785280
40450005
3683
000000000000037777770
beda
8880
0000450002
702000053
150100
0021
43414
8747
02641
00973
3082
7783
801000201
801000205
31450005
00890089003
2383
beae
2000
dbce
77326
000040003306
9747
88450005
011056
aace
400031063
9001
3746174696303636
46450005
5601
8010090
6088
8210
9616
0241
7583
1187
6083
9415
801000203
527779
bedc
9634
ffffffffffffffff
beba
aeaa
6783
450000421
00001000000000000
010100542112
33313337
176764
680101
ceab
7183
befe
5883
67303941
00050000
752576
edfe
1447
0100587
030100
3253335
000100040000
333133373253335
9143
685752576
850100
898080
bebb
41450005
acce
00011090000
40101040201030309
ddce
87450005
2783
ebfd
0081
7520
6002
3010060
9054
2650
0000450000287
94450005
4737
2300
6262
000040003606
2183
7483
89450005
1383
dedd
797065
47450005
8780
80820
2343
4000400667
6401
4500003425
8585
80450005
8736
11450005
400036067
9636
45000562000040003211842
0097246
7776
62400
8010093
6007
fcfaf
6106
95735
2669
434143414341434143414
1483
92450005
81691
000092
1883
7883
4000400662
bedf
8562
aece
000076
0067
12450005
345428
50100587
abeb
9617
2201
3007
36450005
7961686
450100
000222
85450005
900001
10450005
ddbe
abff
4000400646
50450005
942008180
000067
009734
60303
deee
0009
7414
daae
122478
6963646
96450005
bdebb
00000100000000000001
42450005
178010015
adada
aaab
0024
beec
32450005
160303002510000021
9790
800000000000000
4272
8136
ffce
aabe
0103030
20302
18010003
9920
4500018
15450005
6283
03030012
2283
39450005
00000000037777770
7974
34450005
8192
9517
99450005
0061
8575
38450005
00016
8680
37450005
ccce
0014
8010002
70000001
9770
17450005
170303401
30450005
158010007
000087
45000070
6383
beef
4000400637
8934
45000562000040003211845
00021085
afce
adca
160303005702000053
fcaf
47991609843
16450005
4500034
002190
95450005
4065995
aaba
7000
fece
90323
6183
0675
89691
8001
820402080
020000480303
0086
fffbe
4000400626
8011060
0602
beaf
400034064
773696
8756
6010000
3726
8490
4383
0020405
900004
4000400625
6900806
6575
4025
fbae
67450005
500001
2659
8246
aeba
3132
45000562000040003211844
4000400657
7500036
900003
4594
4500003403
bebc
70450005
85691
4500003489
61450005
35450005
accd
93450005
840003106
9780
4422
0020000800019509
7100
45000077
80180072
598010015
8299
7983
faca
400035063
cdce
4500029
1983
0901
7636
7383
940003306
414542
840003306
4500003436
700001
4000400669
00350
340003306
4000400605
1737
000010000000000002046
45691
9482
4545434143414341434143414
4846414542
454543414341434143414341434143414
4846414542454543414341434143414341434143414
450000847
0361706
0801000
80112
400032062
fcce
69015
4555
4000400655
4665
bcdb
ffcd
90000000001030306
4000400694
7677
28450005
03450005
05450005
400032066
addd
4500003435
4500003465
06082
00060021644
3333
4000400642
005085
69691
bfef
23573
4000400617
400035066
3024
30627
000086
8589
78010015
0000100000000000020464846414542454543414341434143414341434143414
00035002
80000000001030306
91450005
69008089
00350029
940003106
000600212
0063
95080000
801805595
ecdb
9729
0605
6370
4500003427
0701
6005
400034067
4500003486
4000400696
2617
3110
befb
801805592
33450005
abbe
11691
02000057
400080060
452005
000080110
3052
0502680000
1000100602112
20303
4500003417
6996
00974593523
480000
5583
06092
0000450000280
340003106
ebce
4500003483
2620
020000460303
dece
4500056200004000321183
5983
140003306
3945
3780
440003306
caec
9715
45000080
00101040201030304
801005595
1065
ceadb
dbcd
400034062
0647
dace
22450005
4000400682
350100
240003306
03800
3544
7283
740003306
0012
8212
85010001
8018057
aafd
41691
4000400645
73736
4000400665
dfce
4262
740003106
00003506
aaed
8619
8011016
8004
6503
00350026
ffca
77450005
4500003445
98450005
2096
0571686
00979765158
5801000
8615
7726
01703030585
440003106
540003306
4500040
450000842
400032060
00974
938010015
9545
4000400632
4000400695
6617
bcde
579696
74303
345486
640003306
0103
adcd
9706
400034060
458000
88180
6315
19999
4000400612
30627579696
640003106
9750
4932
0000450000284
000080
4500003437
ccde
aafb
69007689
0617
8545
0669
400034061
99691
ccaf
4500003412
30000000001030306
0224
240003106
9255
600003
8288
9515
130333501
40000000001030306
450000423
000010000000000002046484641454245454341434143414341434143414341434500004
39691
0183
700003
6966
700000010001
9211
900000000000000
aaee
4550
501806
8702
3681
8110
0000100542112
0038
005094
8815
398010015
43450005
801808
00018
7501000
fced
9717
235738010007
000100000000000008636
140003106
abde
aede
0050380
5283
91691
540003106
4190
49450005
1007
000096
beed
6883
5018003
5483
5183
7206
7303
05010001
010610000
000073
15691
4602
9880
0783
040003306
ccdb
2480
fbce
00000000000000000
45000562000040003211846
801005597
0001000100000000
6220
0240
48450005
aedd
450000903
0355040
4696
4500003401
0097146
80100047
7265
beeb
aaaf
8272
4500003495
45000562000040003
0006002176764
3757
400038062
4500003475
1300
050100
8232
04736
3025
4000400636
facb
72450005
8617
24450005
4500003447
beab
aead
200001
8002
45000057
31691
4500003462
bdfd
79706503636
3417
afca
adbea
acff
9330
4000400687
75450005
40003
0646
0011
8980
00350028
6006
4500003472
6683
59450005
8533
650100
44450005
6500050
1000
4500003432
501009
8383
aacdd
4000400635
8603
300001
aeab
25450005
800005
4000400644
4500003416
faba
8704
66450005
801005592
45000562000040003211860
9986
0696
4664
0042
4500003442
63450005
400056064
eece
009757
3734
aafca
1096
8816
95691
20000000001030306
678010007
3915
bdce
4500003485
5543
64726
befa
4667
05691
0657
29450005
040003106
8018058
bbbcde
abad
450000846
bbcee
0069
bfce
2095
1087
450000905
801805596
801805597
170303005
bbdaab
9875
000091
0662
4000400686
4000400647
aeee
2010000
400032063
700004
68585
afbc
6465
45010001
1587
0000000000000477706164
0632
4000400601
beea
4000400661
4752
06450005
ffdf
9078
8689
aade
5010066
801005596
aeed
8010040
4277
747306676
bcef
21450005
45000046
456002
aaaa
8217
bfbc
4508003
9917
4000400692
0800000000000003
cacc
35691
4500003424
adcc
000069
7917
000095
2303
100001
cdea
4000400652
74797
01105
400032064
7747
7657
0092
1585
4000400675
6580
ecce
4500003497
6025
0483
400036065
adbd
4500003406
70000000001030306
69368009
62450005
160303010610000
00010005
400001
1190
8766
facc
64450005
01450005
5683
2920
90677
dbdb
cafe
bbecd
adce
caeb
4500003426
648010007
8729
010066
3220
aeeb
aeea
5617
5823
26450005
aabd
459352
1749
3525
4000400616
0677
beff
4000400671
40303
000061
0610
8993
80100072
801779
0396
cafc
8628
4660
0883
bcdf
6510
6232
7054
4000400660
4000400685
27450005
0283
616765
3937
0680
6320
4000400631
3134
9480
abbf
dfcb
8485
cafa
600004
00017
7766
4063
eace
5010000
0604
47240
4500003422
fbfc
69008189
4150
4169
45000562000040003211840
8240
9615
4716
467652
3642
4500003450
8010096
278528
3000
7717
efce
00350027
45000562000040003211893
befc
4500003433
4727
000079
decb
4500003415
0000400032118
8775
005095
4316
1010000
bfcb
8230
170303006
4288
8792
60001
000075
15010001
fdce
4000400651
09648010007
8890
4580
bbcdb
78450005
aaeb
dbfa
6962
4596
30303
8010077
00019
4741
5783
0000450000289
0576
5383
abba
4000400666
766965
ccee
4500003477
4500003456
5130333501
65691
6706
aeae
bace
432599
cdfa
cfef
2018010007
3737
10000000001030306
19450005
9100
840003406
9000003
65740000010001
aecb
957358010007
1210
60000000001030306
400004
4000400680
65010001
7370
0000450000288
00000000000000000000
0628
4500003430
01000001000000000000037777
fdbf
9368
250100
000000000000000045000028
8036
68450005
afcf
4443
400038067
9095
edce
700005
4730
edbacd
864886
aadf
4500003411
200003
650107
8440
148010015
ceda
9656467652
7332
5106
0040
8685
4500003446
9940
1650
6561
4548
aacc
45486
aaca
1580
450000843
7378010015
4946
50100046
940003406
942008280
7473
7174740
7174740866616365626
3732
76450005
300003
000063
0101040201
4000400650
005097
1182
8928010015
0000450000286
7198010015
0000026
97991609850107
4420
4500003452
abea
6267
400080068
0000450000281
747970653
ccbd
4000400600
0246
3454
3303
0648010015
4500003480
53450005
450000845
71450005
ffcb
0983
0688
aadb
728650
adbca
0025
40200005
4500003496
aabc
0059
0000045000028
6922
009748
4000400689
4041
500004
4000400664
56450005
79450005
3455
0634
ccdf
500003
140303000101160303002800
545010007
fecf
4416
80100087
8428010015
4647
49691
0000450000285
3300
6500049
45000098
3081
21691
056285
cfbc
1584
1068
0618
4500003405
caed
0687
9010000
50016
0685
8146
8889
1662
6000
170303014
1636
20201
1138010015
23450005
7737
000000010000000000000477706164
750100
000003206
00004000331189
4000400622
6905
4027
bead
4000400629
40659958010015
11700
10303
0636
50000000001030306
440003406
09008010015
87991609850107
ccca
fcab
3518010015
400003
4000400603
4750
4427
0099
ddcd
2501000
000085
4000400641
ddac
400038061
ccda
4500003402
acec
0355
4000400606
0084
400035067
facf
abca
fefe
3469
1140
0043
1762
51450005
3005096
7896
60450005
0303004610000042410
240003406
9754
8790
4790
576255
6900796
393669
340003406
aaad
0017
75001
aeec
1180
8011063
69007589
90990
8732
4307
ccbc
ecaa
aafa
800006
dbad
801017
40007306
1132
2380
daac
4500003476
13039
0695
abae
4000400623
0000040003311
55450005
01000001000000000000026
1192
cdbc
2075
1303
4170
740003406
bcaa
1002
8010059
5192
50100610
1628
feff
18450005
caad
8789
4000400699
4000400688
94778010015
1005
4000400611
8413
800007
170303012
40200006
eeda
000045000028000040004006
4500003444
7267
eaea
4812
ddbf
2128010015
1680
4500033
4000400615
1135
adef
000071
14450005
6500051
942008
1224788010015
dbfb
4140
3912
000097
4000400697
6182
5206
4185
2915
13450005
dcacd
140003406
4000400624
efbe
ffcc
400035064
50303
000500000001
aebc
2506
cbda
3986
80035002
400032068
400036060
3005
8805
0087
1275
9820
3946
caab
1181
4500003459
4756
4000400670
4500003467
4762
fdfd
4500003434
ebbacd
000094
000072
1646
2590
0313
4500032
4000400633
640003406
25691
47250
ccac
4612
540003406
801005599
100004
acdd
4500003407
1717
9027
febe
1195
0124
afaa
1400
52450005
4000400674
bddf
3534
000017030340180000000000000
100003
2685
2005
8812
500201
9881
0668
1726
4784
450000305
aadd
8602
50020100000000000000000000
9739
4000400620
8612
801005591
400000000000000
6270
7759
6769
3005081
400036069
8697
801805594
bbeda
97902
3450
2580
16030300251000002120
4314
abbd
0100000100000000000003
7002
4144
4000400630
abaf
54450005
400036062
cceb
93417
9759
8112
4000400683
8810
9199
bfac
9801005
9795
400032067
000074
8627
2938010015
1185
200004
4595
8057
0615
400032069
0612
4267
3135
1124
8100
3447
00010004
aafe
abdf
9218
bccb
4137
ffba
3170
8989
6264
801016
3065
acab
dedc
4000400610
7010000
9405
4382
801805591
0000160303004610000042410
20466
deaa
51007
4000400656
9775
690079
0655
8734
9628
4500003492
29691
10200004
766965773
69632
035504
ccdd
4500003419
1134
7095
4500003491
cced
1660
4000400681
47991609850107
afcd
fcbb
62696
6000004
4500003469
abbb
ffdd
4500028
bbdeb
1620
0100020100
1595
4500003404
00483
477924
801805599
4000400621
1133
8800
4506
ddad
4000400676
801103
440003506
9727
3180
9840
000000000000004500005
400031069
9737
fccb
00021085000032
4000400654
3565
3555
4072
0000000000000002
ddbc
caee
4792
4760
1677
cccc
0118
7220
940003506
600005
6533
040003406
011000010000000000002046484641454245454341434143414341434143414341434500004
5010005
840003506
3250
adfb
4500003421
0613
030000
1117
8190
4310
7857
8392
2518
8010064
6900846
bdac
340003506
aaef
adbb
50100020
83450005
5733
0609
0536
4000400677
aeca
6585
5844
4000400653
dade
abcb
8903
61691
45000081
45000048
400036068
9950
0091
4626
7986
1845
3454869
dfde
fabb
801005594
4000400691
6297
dabd
1115
0005000100
adff
1203
5145
cbbe
35547
aeac
cbbc
1186
7345
9632
69008289
450000900
9659
75010001
4000400643
400005
fccf
240003506
4980
16030300540200005
4560003
2995
8801005
000084
011007
4796
5189
8770
4732
8684
140003506
4000400640
6900786
9041
1146
4000400668
9315
4557
7005
fdcb
9931
aefd
4500003409
0108
8245
affffce
71691
5801005
4500003440
9796
00280000
afcc
3332
4702
7700
4010104020103030
696432303
cdcf
47301
75747
caea
decc
adfd
4012
bcab
6801003
8382
8900
0385
6924
4755
00488
8052
6562
3657
3216
efca
7242
0000020405820402080
400507326
edcb
3742
79691
616434
0652
acbb
0100610
3021
4520
9757
fdfb
0113
19691
edbf
0616
ffcf
eabe
0658
58450005
312033303220466
2801005
aeaf
640003506
acaf
cdaa
1736
50100083
300004
6000003
9559
3733
dacc
bfaf
bfbf
9096
4000400634
90674
500005
accc
bdee
4628
6500052
5025
0035003
cfdb
0000000005
05746
caaa
0303000101160303002800
16030300640200006
040201
3475
4406
980000
450000306
690078
fabe
4005
740003506
abfb
4000400614
8667
00114
1136
91343
8000045000028
45000051
4000400602
6292
6288
8020000
45000039
fdff
5730
69640
1268
9525
8417
cfde
abcd
bdaf
01001
1247
75691
bbced
450000844
aceb
adea
4149
efed
3357
380000
540003506
fcae
aada
0095
4345
fcdc
9733
4000400607
450000904
feacd
2002
3801005
dedb
8405
57450005
51691
02865
397652
1534
4000400672
0674
4000400698
1110
4000400609
9532
0402010101010101010101
fbbb
95010001
1725
801000200
bffa
6961
dfae
73696
6500047
3680
6242
005092
4000400639
3705
fcca
ccab
45000562000040003211867
0635
450000902
abdb
0000000003777777
ebae
4500003460
9345
450000840
4500037
4000400693
4396
4801003
05000
abdd
2186
9792
aaea
9146
45000146
affa
8435
00100
cfea
fbaf
9485
aefe
2670
6567
450800349
5011007
4742
4500003429
450000896
345934022
bdeb
000078
fdacd
4502
6915
faff
400038063
0627
7537
edde
4317
59691
fcbd
cbff
7318
9760
8225
1395
80016
1801005
45000099
3232
cdeb
4000400613
fbcc
9182
9842
9762
0000020404
adaa
4500003438
55691
ecaf
9772
4504
5077
9084
4500003461
8124
040003506
700000000000000
1567
07450005
8014
8777
ccad
9680
4746
6500
4000801
cdda
cfdf
50340
1545
6525
1703030019
450000897
cdde
8700
ccea
caacd
4280
400036066
28180
beacd
9618
3253
8677
80100122
4500003466
eefe
0601050507
9675
abee
8594
45000044
9120
eafe
25010001
dacb
59501
fcfc
0822
1218
9385
adbf
acfc
450000907
deac
4710
170303015
4250
00020100
5011056
6876
4500003490
0622
0203
8454
8750
bddc
900005
cacb
abab
1188
8055
6725
400038064
fffb
1617
9412
4607
aebe
9817
438010007
4700
4500003470
4500003431
9117
3934
acea
09450005
caca
cfacd
7741
6710
72656
69007489
abbc
400036063
8802
801805590
0001000200000000036
2105
9555
3740
4000400604
1100
deeb
1644
4000400658
170303018
4080
501012
dbee
0314
eadb
aacf
80180669
8130
7974696
9786
abac
eedf
4146
801804
5018056
7089
afde
8430
bcaf
9685
feeb
bbafe
4480
801005590
000110840000
1212
9980
501008
6801005
bbdcc
3405
fdad
801005593
7006
9801003
8445
9180
80100800
2294
eadf
3903
0058
0543484
001140543484
37991609850107
cbbd
450000841
fdca
400038068
8440004006
9000045000028
1703030032
6903
65722
9736
9562
ccbcd
ffbf
8465
2736
6985
8640
4500003482
452800
dbcb
2742
4130
3935
000070
9094
8740
dbdd
7506
2942
8722
abdc
4180
6662
45000562000040003311805
18180
aaacd
3932
0436
000100020000000003
5450001
dbeb
4514
8725
2070
daff
bbcce
8735
abcf
edad
acae
cdfd
4000400684
5580
0600
002340
ebca
fcdf
6953
4500045
00972
3519
90007
4500003449
1027
98180
4000400618
2117
4315
400031067
0392
bbaea
8688
2320
6450001
4000400663
aefb
afbd
0573
0155
9688
6360
5022
cccd
ddacd
3108
2041
4500003414
5992
bdcf
fccc
0630
748010007
08450005
0654
8536
1255
fbff
fcad
2656
caac
4269
4680
6238
2072
debb
17991609850107
ddcc
3137
fafb
0689
58180
4662
ddcf
addb
300005
cadf
4000400649
bdacd
2392
16030300510200004
0305
9930
4530
4735
48180
4500003443
fafd
0090
8060
4205
3711
eecb
3815
170303201
3000045000028
345935
6570
ebcb
bddd
adda
8270
bbead
45000136
8640004006
6506
6790
500201000000000000000000004500002
4505
aacb
eaca
0572
8018012
4510
9999
4240
1184
4500003418
160303005702000053030359
bccc
4500042
eede
fcde
801805593
eccb
4500035
1615
8933
dbff
dfbf
fbda
4124
bcbb
04450005
3400
8285
4772
cecc
7020
4500003439
00200005
840000
ddcb
3412
eacc
8306
cefe
1685
65616
9549
9465
2103
4801005
1080
6940
8290
9937
aebb
dfcc
25601
bdfb
40005006
6980
55010001
dfcd
38180
dadb
1040
aecf
0570
4500050
8140004006
400036064
acac
9703
6573
9292
9740004006
800008
78180
1780
8236
daaa
0801005
debd
1144
1480
7205
cdcb
aedb
4500003468
2430
fefd
6070
6614
9202
005081
00970050864
4232
6289
4000045000028
300000000000000
ccae
1095
450000320
65736
afdd
00040004
0606
00219
8776
8235
1591
170303010
bdbd
daeb
4103
058010015
adaf
8632
9568
1130
9725
4500031
7705
9700
8567
4500003423
4323
45000562000040003311847
9756
2790
2630
bbccf
cecd
10201
9275
65617
4500056200004000331183
abacd
bbbaa
08180
ecbd
fffe
3334
8740004006
8730
daaf
6124
cdaf
8530
690077
9047
1574
8958
aebf
1120
1200
6080
1259
000068
4500043
ffda
4500003413
dadf
acaa
10676
03030001011603030020
9720
cdacd
deca
8132
deda
1103
7801005
9602
8642
afdb
8420
02000037
450000883
801018
6900776
faae
aabf
abfd
9197
9320
9370
bcacd
4500003464
cbfb
ebcc
7420
4517
1503030012
4780
cbacd
afba
daad
9964
8350
47010
4767
ebeb
cbfa
0672
9662
8662
effd
0674616
3427
4000400608
00487
3436
abda
fdfc
bfdf
fcbcd
1450001
ddfa
9520
4117
2985
0656
ceca
acacd
afdf
eaab
cdca
9665
450005620000400032118759
5080
3988
26743
4527
0631
baca
9317
4532
3644
8432
dbde
dbda
2697
adcb
3450001
0000004
fbdd
fabf
8240004006
4685
7991609850187
9393
8840004006
eabb
bdae
68180
edcc
9090
fecb
1150
8120
448010007
3930
1280
3917
1985
ccec
3801003
ffffcd
7306676
6976
450000895
9595
02000037030359450005
edfb
afab
6815
977924
2450001
0625
deec
fddb
1105
eead
450000892
cfca
fbab
2180
fadf
0692
aaec
8682
4136
2317
0665
4500003463
dfed
bade
1610
4099
fdfe
1112
dfad
02450005
acfe
0530
defe
810000
8011000083
4073
3136
000100010000
effe
6955
7574
3791
4500003471
801019
ddeb
fbef
fdee
60754
400033063
9006
1600
3130
51002
1060
2890
debc
8597
801805598
900008011
bdcb
ddfb
fdab
8447
dfcf
6940004006
1517
3682
6555
8940004006
ddbb
6164
8540004006
cbfe
dbcc
170303023
aedf
afacd
9417
efacd
400033066
bcbcd
1072
0960035
1062
eada
0642
3280
9252
4800
0000140303000101160303002
cebb
27536
69008
8796
adacd
1137
fbcb
3865
9704
eaacd
1020
baaf
deff
4629
abcc
904000100542112
8014060
3630
2637
2570
3871
7991609
dbbe
ebbd
ecbcd
9767
cebd
1630
8532
4450001
edcf
3480
eccd
faacd
9600
bfacd
942008380
0515
9043
4500003441
0000160303004
caaf
1142
eafd
3002
01010054
3980
4312
9002
80127
defb
8630
7765
ebaa
affb
0620
7733
9765818
00010005000000000
367071
4717
4733
9103
380001
01000001000000000000016
dada
6960
8590
abfe
eeed
accb
edbd
3880
dfeb
0096
3490
6917
4000400628
dbcf
dacf
abaa
8817
5732
8726
aedc
ebdd
bbddc
1205
dbec
820000
4745
7439
400008011
9246
8150
6306
8103
4465
fcacd
800008011
deed
75626
0450001
00080000
450000925
deacd
1637
9277
5441
dafb
0599
450000917
5801003
ccbb
8495
850101
4715
dddf
160303014
345459
2124
baacd
3481
4740004006
cbaa
dbaf
8162
4500003420
bbbed
8255
dbca
ccacd
6995
fefb
9310
daee
1703031018
0645
9016
cfbd
ebab
05000382
daacd
8635
8387
4095
eebb
2647
877924
5501003
2040004006
3650
cbdc
aecc
0114
9387
020100020100
1061
0633
0666
8665
09691
000100060000
baab
8250
8670
afbb
9935
9189
4392
0775
fcfe
77991609850107
4132
9115
0285
1316
afee
8755
8436
2382
4575
9730
9093
4705
fade
4500056200004000331187
dbdf
eeee
45000562000040003311811
4217
aeff
8410
06690
4500003494
deab
5044
1625
9610
addf
4668
eebd
1197
ddea
ecae
caba
8917
ebcd
bfcd
8010061
eade
dbea
acee
168696
0391
cfba
9212
bfad
4995
ecda
8924
6717
00004500005
cedb
8720
fcfd
6564696
ceaf
4296
febb
fedb
8194
ccaa
0637
fbdb
bcac
bfae
dfef
3499
4769
9215
8182
9136
45000562000040003211872
dfbc
6305
00000000000000450001
100005
300008011
1046
3817
9735
8912
00004500022
0607
4236
cbdb
3103
ffacd
efcf
8020
ceba
eeca
bfed
0248
2057
0332
3465
850100400
8469
8439
dbed
4525
acba
baac
8600
8412
69008389
8669
edacd
2000045000028
feef
8135
dbae
dfaa
01691
4567
1025
8757
002636
00482
840003206
cfcb
3738
9440
3995
0211
9782
8115
9865
840008011
fdeb
0626
4765
fccd
000104
7450001
1703030590
acef
4500003457
4591
17030307
01800
8610
cbde
9220
8496
180000
902000055
ccef
940008011
0621
8710
8715
3717
4500003474
fbcd
efbb
edcd
bfbb
69530
afff
8956
cbab
1459
9450001
3655
3320
4380
ceff
8705
200008011
eaba
defc
00234
1194
fbdf
6677
fdae
eeae
fadb
cabc
4688
8441
acbe
accf
7203
16030300600200005
8505
400038065
eacb
80100079
27991609850107
2603
ebacd
4061
4570
450101
1634
89504
1140004006
6075
acfa
4535
4297
6735
3950
0101010101
100008011
2628
4500003479
9449
1066
500008011
dfdf
0664
0041
068010007
4770
8938
801000209
dadd
940003206
fedf
fddc
06589
450100400
bbbeb
ceee
9288
ddab
840003606
bfeb
6920
1616
8220
4000400619
fefc
5194
450000912
700008011
bdcc
ecfd
faee
dead
8746
890000
7133
0100542112
dfdd
ddae
abed
8625
940003606
cbbb
4592
8017
9702
2766
fcee
600008011
1640
0640
1435
6510048
801005598
0000002
cddc
340001
801000204
050107
3236
7512
1533
8500
cccf
dabb
9300
bfea
0397
8105
6345
5172
abef
deaf
aebd
dbab
2100
9312
0611
8540
4417
fceb
cfff
018056
6320070
febf
9982
1688
8910
afaf
dddc
400038066
fbea
cdef
1735
1577
4000400690
9135
defa
4287
1555
04020101010101010101010101010101
dfbd
4593415
7801003
abec
deba
1063
daab
6969
4635
fecc
ddaf
8840
edca
dded
8703
8595
8905
fcff
aded
daed
9766
adab
450000882
340003206
740003606
4141
0013
eaaf
4524
cdee
860000
ccff
3370
2170
7075736
420000
cbdd
eaad
8064
4500003481
9912
9397
4536
fedc
80100637
3305
4000400648
8555
4777
1143
8797
5469
ddbd
ceeb
fefa
3846
ffbc
cafb
cfac
8416
4070
9815
afea
eadd
8605
3462
3426
8955
1196
8865
30203
fbfb
0019
daea
eaee
4712
8015
9217
200005
dffc
cddf
10906
00010000
1131
63646
440003206
4000400673
4000400679
8520
adac
650101
1000045000028
3070
fbde
6817
fcfb
fcac
8450001
3437
7790
fdba
4115
daba
4295
3095
8620
fdfa
eaff
edbb
bfcc
450000887
00003706
4540
fede
1138
acde
680000
2992
9660
4781
cbcc
edeb
feca
cdff
1570
eebc
3940
7106
7000045000028
450000916
acbc
4497
1887
78010003
1288
ebad
7369
fbbf
8069
cdec
4747
9436
7550
5345
bcad
1169
dbfc
eecc
80100081
0109
3235
cfaf
fbad
dfea
30016
ccbf
140003206
dbbb
dbbf
1709
4020
4500003408
400034069
ffdb
40002706
1703
8482
8850
65026
1470
ccba
6526
7631
4934
000100070000
fbbe
4377
5000045000028
badb
8622
dddb
ffffefe
240003606
bffe
4240004006
ecbb
6767
edbe
dffe
8503
3730
dafd
440008011
3233
fafe
9015
870000
8925
bccf
4140004006
3940004006
800009
ecacd
340003606
0001000100000000037777
4235
9040004006
1597
8231
801000207
dfee
801000202
fcda
4004
eaaa
9071
8233
9411
8000000
acad
00010001000000000377777706676
8893
fffd
057168696
fada
5018063
3826
cadb
005096
bacb
bdbf
fdcf
ddca
fcbe
bcae
fffffed
4040004006
4663
8195
7450
740003206
faeb
cedf
dedf
1575
8433
aced
5727669636
dabf
4540004006
450000894
3406676
170303041
1596
4797
4500003473
0717
4560026
fadd
747336
1042
cfeb
1199
5306
1317
2805
8216
4500003428
8510
afbf
5103
1067
340008011
baba
caef
9092
3625
4632
aeda
8138
8767
4500003478
0243
dfdb
faad
cecb
cdbe
3634
cfad
1917
4500003484
738010015
74733606676
4435
4903
140003606
8067
0697
1111
efde
74733406676
2006
9386
ecab
3317
8560
9203
bdde
726564646
7974696373
affc
edee
eaeb
8930
5577
afda
dafa
ebec
8957
acbf
01000001000000000000036
900007
640003206
8056
8116
9900
edae
440003606
0644
9940004006
cfbf
ecca
dddd
2395
8227
8911
240003206
eaae
fbed
4565
0619
fddd
6635
9375
4544
4787
afcb
240008011
9805
0686
9257
3140004006
8065
deae
afad
cabd
ceea
cfec
3916
5007
9256
80100167
4500003498
9020000550303
bdfa
eafa
1167
adeb
bcfe
edba
2312
0608
05696
8139
900006
ccfb
00004500004
4515
4562
8062
3448
6932
67991609850107
2260
fcaa
6935
9640004006
4640004006
9140004006
5480
2888
fafa
774696
faaf
4533
6795
418010007
bacc
2042
1640004006
8203
3672
dbaa
9840004006
6910
9240004006
dbfd
9494
6900766
685814450
ecde
fbaa
bdbe
640003606
eabf
cabb
adfe
1240004006
eebf
dabe
280000
8018071
10750
2060
540003206
ffaa
3442
cbcb
fbcf
6000045000028
ebba
eaed
3444
2076
1732
3400010064
38010003
6927
828010007
3662
ddde
0160303
0684
8570
8675
4670
dfac
3172
fadca
ecac
efff
0039
fffa
0651
960000
41346
7595
000017030303
9726
cebe
8525
9495
51100505
540003606
faed
8727
1684
4091
1289
ddda
ccfe
4546
ffffca
8535
8882
4255
4500003448
ddff
ffffecf
dcaab
450000301
cdab
056774696
1603030064020000600303
140008011
dffa
011001
80180041
aaffd
dfacd
740008011
dfff
fdcc
8550
2344
0575
debe
8795
fdaa
acca
3010000
9440004006
4444
eddb
7500033
0690
350100400
450000915
45000562000040003311817
012130
0595
000100
6469
cccb
8191
73657
ccfd
4522
feee
4500003499
40006002
8456
8325
0104
8572
4624
bfab
acfd
6902
cfcf
8140
dafc
5075
eeab
2840
bcea
edef
8041
0691
9710
ffffffe
363002636
bfff
dabc
ffad
9666
8516
1147
7180
640008011
0507
8011003
7003
4148
3840
affd
cbea
ffbd
9753
2492
9437
0018
2917
0649
9707
4215
cfab
ddaa
cddb
6989
400034063
0333363002636
000090
4587
4577
6536
dfdc
2225
edaa
edac
bfca
1801003
badd
cbaf
eefb
fcfa
0000000000000000450000285
8672
fdcd
8820
8076
9620
0001000000000000037777770
2195
3992
4500003453
0001000300000000027
5942
690000
ebfe
801000208
bcba
0682
bbedc
bded
3407
1755
fbca
3810
0641
6930
eeaa
3933
4223
3635
cfda
2495
000040004011
6912
fdbd
1141
3716
61790
400052063
cffe
eafb
6520
3755
dbbd
4526
9797
1546
dfaf
4543
8448
64323
7880
6500046
80103828
040003606
0186
0660
8010107
8332
cebc
1041
4782
1603030054020000500303
450000891
9670
3117
ddba
2349540
0317
3640
8564
acda
8487
dbef
1246
8676
8133
5980
23494
737461742
8260
3027
1116
69007389
9000114
dffd
aefc
9244
fbfd
90016
adec
0624
8277
faab
0125
470000
3500
bdad
affffcf
7347
9734
150000
9627
110000
bcfd
450000942
8633
9222
700007
040003206
01271
9112
801809
08000668
0559
3607501
cada
1525
2310
0699
ceac
8751
6760
9897
8275
8990
aeef
3766
dfab
ddfd
9800
3850
bbdee
6950
8262
8185
8886
acbd
3355
3595
9303
900013607501
dffb
005022
0417
50180083
2040
50048
eafc
01268
1503
eeaf
2385
4350
540008011
cadd
2071
1092
4785
fedd
2760
fbba
4560
3806
49586
ebea
0590
3580
1221
8434
bfcf
400033064
ddee
1746
4265
8257
23324
cded
9221
3196
34548
1790
3330
dbfe
bcff
9165
0399
6146
bcbd
fdea
0093
0671
cedc
8760
8719
8668
ebfc
fafc
cdad
9650
6565
baff
bbaff
bcbf
abfa
9229
9580
ecff
fcba
3825
daef
eccc
eced
baea
45010
3632
2757
4110
2453
ddef
3440004006
8491
bdfe
02000057030359
babf
0548
150100400
cbad
3182
edaf
21700
adee
baeb
bcfc
1668
cbca
84906
8026
428010015
cfbe
abfc
9936
780000
450000424
42728403
acfb
efdd
450000616
afbe
eecd
babe
9816
1206
9132
0000000005004
faea
8486
bccd
babd
8552
3570
7767
fbfe
bfde
5606
0325
cafd
9639
cfaa
7755
dfbe
4230
ceaa
8940
30100
cead
6968
6206
afac
2933
40583
fded
cdfb
cfee
120000
8915
afae
4440004006
9340004006
8818
cedd
909906
4203
4500030
026580
baad
eabd
faef
4795
bdab
cabe
9605
450000885
6320077
4006
60002
3350
fddf
9540004006
81906
fbdc
bdfc
edea
1022
8646
8954
bfdc
7835
ebbe
4237
2845
63726
450000632
cefb
deef
1697
3688
3590
6631
8010067
5020
4270
feba
6680
8010068
6925
4197
fcec
4500003451
86163636
9625
ebdb
bbeac
1510
4751
7773
acdc
8438
8186
333630627579696
430740201
4582
9633
9592
bcee
0000000000000000450000283
fbee
5043
9682
ebfb
1064
0643
450000924
4500003488
9490
0910
dfba
9886
2123
feed
7578
707573682
8452
00000100000000000003
0500
8534
bfaa
3840004006
9040
3270
7769
2780
390000
2288
ebbf
ecfb
eaef
ffae
90866616365626
1670
7634
fcbf
ebecf
45000562000040003311849
affe
4564
8492
9992
4495
eceb
80100778
0917
000032067
bdef
0614
5040004006
400030064
152454
450000893
3492
150101
9985
4403
bddb
9025
ecbc
baae
7912
bcdc
decf
dafe
efcc
6937
adba
5567
4880
75747562
9860
1040004006
87906
8707
8660
ddfe
7915
97580
ecdf
bdbc
cbec
faac
9082
8592
8624
eecf
4105
66154
07701
000081
4245
1500
eccf
6180
13001
6500053
3425
3369
45000576
650100400
007500
0861
effa
bbceb
8437
6095
3143
2110
bdca
000100020000000001
ffbe
1540004006
8566
80100124
eeba
baef
9740
cdcd
9677
dbac
edab
bdbb
ecef
fdaf
2455
babc
dbba
9403
6639
9823
4675
9550
45000562000040003311813
bada
4551
8557
9140
600007
1220
8414
bcbe
9110
5917
eabc
ffbb
9667
3617
fdbe
9721
cefa
6957
4260
9655
4771
efcd
bfba
4744
4940004006
45000040000040003311
daec
6916
3331
8267
4040
1145
afdc
9184
bbeceab
ecba
00022
9712
eedd
2604
60000038400
3822
cbeb
970000
9777
8252
cbae
4874
ffab
8303
3478
35010001
feda
fdac
8010019
302406082
cdbb
1077
5024
8295
8537
6317
bbbda
9794
9676
410000
9755
4720
6505
1703030028
0661
4749
cfdd
8920
eeac
910000
fcbc
1703030033
3090
1114
9270
3942
0000000000000000450000286
45000562000040003311803
3377
11906
9276
bfbe
4389
400035061
efda
bbeed
3434
6913
3240004006
bcec
ecfe
8765
1236
7070
9374
dfda
8542
94430740201
9305
00000000000003777777
067020302
6474
9205
eddf
ffffedb
8345
defd
2840004006
3800
7317
00080000005
bffb
4271
0571
cecf
8774
8995
8431
017030301
1635
1148
9905
bdea
8234
850000
00001703034018000000000000
baed
bcfa
4630
2445
2146
57991609850107
9812
651004
000800000053544
fbbd
9077
9607
940000
631830
0351
cade
1106
3740004006
efaa
450000886
9744
eeff
2850
efbd
dfec
bafb
6942
8529
8950
efcb
210000
51156
5628
9340
faec
8068
450000304
3255
9649
4192
9377
7839
1603030059020000550303
400035062
8733
2610
17070
bbdef
cebf
3210
4748
6514
2340004006
bfdb
9637
950101
bfbd
6569626
bdec
ddec
1562
8712
8645
3905
4340004006
3020323030
4261
4264
2010
ddfc
9020
8664
1198
4112
2230
afeb
eded
8506
310000
3900
afef
cede
cfae
4600
3150
990000
6132
4907
ceed
1733
1582
8134
4391
bffd
ebed
1530
4840004006
01232
9400040065
eedb
4120
040008011
4500003400
4500003410
ebaf
2345
3340004006
00975543
9242
eebe
5880
0801003
1006
34266
febd
eeef
7305
69008489
2822
4147
580000
00022200005
eddd
3560
1191
9990
18007500
0336
3467
8254
9496
2812
700006
5034
4576
cdae
cfdc
3040004006
2451
0638
cdfc
1592
1552
1665
1675
8518
8922
9995
fbfa
bafe
3360
8935
fdbb
0840
4942
9764
debf
8292
4766
8936
bcca
ebff
2140004006
8018074
bcbc
55010008
dbbc
4279
1655
9604
9590
2612
8018014
0000000000000000450000287
bdba
cdac
1070
4268
cfed
ebdf
cbef
0505
1777
6990
8568
1490
8462
4830
cdba
1782
160000
edfc
8574
4775
1119
4500056200004000321186
1554
3670
3524
4440
2280
34066
4500003454
fdde
1020100
16030300251000002
0280
450000432
09086
0580
dbdc
9903
eacf
9382
effb
0517
6934
3767
efdc
9652
8614
8197
fbac
efad
6151
eaec
050100400
1666
efac
9643
85010
1149
2688
1345
5890
0568
4246
acdf
9484
2250
632002
bcda
77261706
0698
1225
2381
4500003455
8061
3325
3689
4188
450000890
05677261706
cdbf
0540004006
4500044
3365
7732
6081
7200
afed
100000000000000
8524
2680
2817
1171
cffd
5066
1515
8782
4666
9200
95010
4145
8010104
1602
5680
0000000000000000450000280
bcdd
0097345486
8400040065
caff
1627
9635
1217
8634
cbac
450000880
97906
8671
bdaa
7400040065
0648
0347
6280
9334
430000
7932
cefc
3367
fdbc
ccbe
9400
7924
fabd
6982
9250
4400
2236
170303007
ecad
badf
010100
000100000000000001
8442
8137
ebfa
7667
ccdc
4585
0105
1632
9591
401030306
903638
0136
3310
1687
4661
450000801100000
1568
8637
9435
74733
0170303058500000000000000450005
0112
8317
4850
4300
1069
1240
2677
00001603010200010001
9768
4500036
cfbb
feec
0001000500000000
8016
4442
9457
cbee
efdb
0040004006
cdbd
9021
9987
400052061
cdfe
8932
dfca
4100
4016
bfee
5095
9624
4768
000100020000000008636
ecfc
9776
3505
ecdd
797469637303636
ebee
82906
6720
bbbad
400007
afec
bcfb
fbec
4257
4764
9557
170303026
9841
efae
2943
ebbc
8787
89906
9210
2750
5016
bbedb
ffffffffffffffffffffffff
4000400659
9535
3100
7210
4305
6900756
eaac
0000015
1757
3910
168010007
9274
4500003493
cffa
1505
9262
8493
9003
ecee
6400040065
bbdec
8251
4075
8641
8661
9428
fbbc
159501000
920000
4485
9889
0161
2022
8419
9997
9190
703030585
4233
1513
8778
8106
0101040201030309
fcef
4275
8244
4776
febc
efbc
2305
6365
bffc
fdec
0678
3536
7740
eeec
31742
696103636
4672
9225
8494
3149
4810
bbecb
3173
400030061
02717103636
ceec
9629
468010015
8145
8887
bafd
2203
1536
1553
8512
8551
3947
7298
6004
cbbf
8674
6200
8803
bfec
8754
3520
4090
7736
9247
2820
3820
bced
ecdc
2801003
bdda
5072
8291
7796
4369
9642
0673
3395
1612
8666
8188
9432
4430
edff
6198
4334
400035060
1657
2160
1667
0097459340
2755
3400040065
9102
3112
616435
4102
170303008
0310
9771
ebda
bacf
000100020000000003777777
4500003306
8761
3540004006
7047
400030063
9785
9724
6933
4620
6630
81445
cddd
1560
8768
2560
6628
4590
4021
4605
950100400
2217
800450005
83026
bceb
4500056200004000321188
fabc
45000074
1550
8205
6517
6540004006
9942
cefd
3756
8690
3600
6261
9410
400006
efea
3287
1527
8247
9556
8149
2063
7727
906035504
bfdd
4534
3675
3510
9389
6564696103636
9709
1607
8018059
500007
8040004006
4791
9567
9996
01101
2940004006
5010074
4400040065
600000000000000
4579
16030301
911610
0679
cabf
15010
8724
4754
6458
0370
1535
2240004006
4036
1633
4135
9433
170303036
9010
4077
7664
2865
9810
2175
8771
8226
8969
ebdc
2270
1400040065
fffc
3080
3735
00480
1018
efef
7470
0311
9784
9216
9240
9932
4189
3725
69007289
170303022
11987
000500010000
4584
050101
8686
fdda
bbdad
942008480
7687
2880
4062
3853
90035002
8018009
0312
3495
1730
1075
9647
9219
6636
ffdc
bbcfc
8274
1230
7752
2200
5660
ecec
bfda
ccfc
ebbb
1021
3284
1571
6252
0320
9743
9395
4508406
0158
4518
340000
3329
9668
8187
9949
3435
3327
1235
4625
3760
6417
0000000000000000450000282
ecbf
5119
9686
4484
cffb
20035002
6368
3302
8897
bdff
630000
45000034000040003006
4508015
faaa
1090
69014
4290
6246
eeea
4490
3985
ecea
79916098
9738
6926
4225
8287
edfd
40100
edec
1540
6535
1211
5500
4436
4936
170303027
3420
6931
1559
1604
8268
4761
4292
9697
000032065
97265
1740004006
9612
8959
9850
5058
0694
1113
5400040065
3410
3430
8607
bdcd
9508
60035002
0330
1774
69906
8527
efeb
45000071
8340
7725
2440004006
4935
10035002
4593
3890
400056063
7414801003
000100000000000003
6576
8942
eeeb
9130
2558
edda
0340004006
8914
7510
4195
2090
1118
117343
0195
cacf
1544
6513
3700
7562
600006
4714
9278
ecbe
8870054
2400040065
8762
8591
6040004006
2396
177924
6595
460000
cbcf
9235
7072
0663
4276
1594
4138
07991609850107
70035002
0540
00214
6563
eefa
9150
4154
0639
2077
2640004006
8752
2290
3366
cbfc
fdef
4561
9705
8514
7724
3750
5800
4066
45000562000040003311815
7656
9007
0629
6560
1295
4682
7584
7940004006
900008
90001360750148
effc
4234
eefc
2136
5225
650005
9968
48010003
babb
2015
93180
3460
ebde
1877
6801006
7801006
8582
009734545
4503
4676
3990
4000401126
4242
3640004006
8577
aefa
4997
4227
1647
3620
3667
8576
3781
4886
00004000380
170303002100000000000000
9657
8554
1260
00003711
ecfa
8261
2246
450000605
7374617403636
9400040067
0365
ceae
3432
1543
4071
1531
6757
005815
baee
efdf
15010007
80100997
2740004006
8030
6952
8497
cbed
8025
35010
feea
6170
1750
3677
1603030106100001020100
1097
1576
0101050
8365
1792
8847
3768
58010003
bfffffe
450000926
3656
8553
7770
9500
2140
459352920
0451
7461
6992
8294
9622
9540
005088
4499
93906
000099
9390
5991
ccfa
8367
5076
3225
3896
5018111
2801006
3116
7688
bbbdb
4924
9060
810000801100000
4251
7040004006
300007
0000000000000000450000284
fcdd
76773746174696303636
30035002
6951
8708
3532
4634
1440004006
000034062
8271
1940004006
0001000200000000016
45000072
8784
1810
cffc
00350032
9801006
8141
6731
67696
0111
69616
4753
4074
1270
6432
7340004006
0000380696
000001115
eddc
6103
2377
4917
7800
010004067075626
9348
5801006
7400040067
4000401147
600008
6271
efaf
45000132
895501000
8484
2846
0736
90100
450000877
4286
8556
39906
8737
85906
6212
9134
005086
4405
2292
efec
40035002
edfa
7740004006
3931
cadaf
4282
2635
6303
6400040067
9915
0400040065
3400040067
5000000000000000
6949
6598
9227
7575
6610
45000562000040003311878
9716
8794
9064
8888
2417
5110
1980
ffffefa
8009
7325
942006680
2049
4500038
6537
3078
8411
8443
4256
9191
3941
8095
8393
4241
8206
9933
9890
1840004006
9789
334545
4076
80100021
2390
2315
6435
5175
0589
9260
170303021
400052064
3260
8296
67656
45000116
400037061
bbcaf
8221
4047
7768
2717
4303
450000936
bafc
05601
3535
6578
8621
9000160
bafa
9679
67657
4000401154
6944
9236
6221
9946
6705
5400040067
00034
1722
8744
99906
6740004006
6755
efab
1982
400030066
3801006
6530
5010077
80103418
2376
5049
1614
9290
6340004006
450000884
7389
0525
8772
750100400
6160303
4801006
8400040067
42906
3290
8714
8513
4633
3762
6140004006
2997
0360
4212
9653
8609
27000
6688
20100020100
baec
16368
8569
400030067
00001703030021
2325
0350
8951
840000801100000
9492
3920
45000079
8791
3710
3754
7570
5790
018063
8544
2662
6440004006
930000
3345428
3003
2574
6880
7140004006
48331
3979
cbba
3424
3476
3761
6765
6954
41906
80180010
4214
6591
8415
2577
2150
9400040062
908906
3189
8355
6590
3077
8011017
80100080
7280
5311
7850
700008
6900366
8801006
9763
009768585
85010007
3120
2370
bbdeea
1403030001011603030028
4400040062
0640004006
50100027
450000340000400034066
0529
8297
8215
4191
2400040062
01007
8237
3660
8331
0503
1074
4614
6420
7840004006
4500003458
4569
3661
9523
6700
260000
5940004006
45906
65777
8921
94906
6666
3886
6500054
73743
000014030300010116030300280000000000000000
8400040064
8276
8521
4722
8314
17096
8565
0000330652
2400040067
7873
4572
4571
3470
6907
3715
240000
2540004006
190000
4000401172
7204
7400040062
870000801100000
9316
1326
3403
6522
4950
5840004006
bbccb
4220
8199
3144
ebac
7662
3036
ebef
4512
0555
8763
cbdf
3190
5940
656374
8238
9232
9560
ebcf
6840004006
080000
5850
80180077
690080
89598
edbc
3498
1781
9067
2646
1310
98010003
8033
4222
8249
3684
950000
3764
4133
5339
4400040067
8040
8561
1250
9570
3105
2811
9350
6661
6900746
45000034000040003306
450000875
2021
8721
8764
8211
8579
4739
4779
65010
3011
0000380695
80180596
7895
4537
40007
8214
fffffec
4704
6235
03450107
1109
3415
8613
538010015
400030060
45600028
4011405
3342
1506
6550
9489
0000003306
8330
9774
5935
801000767
4651
6972
8400040062
0088
4196
3842
0733
93336
080402080
0443
7400040060
3612
4799
860000801100000
6260
eefd
2703
01627
3461
8522
31906
2510
250101
6964656
3477
8716
5630
2990
bbbdc
69746
cfffffe
0135
1557
9267
9564
8481
4491
0693
9798
8709
8593
8926
2412
6869
6369
3400040062
8918
2496
6100
4820
73706
7261
450000867
1593
4603
0303080402080
400036061
100006
50035002
05010
9969
9914
6640004006
1340004006
0000400034
1621
9510
6641
4451
4598
4294
9596
8418
250100400
50180610
0875
3895
1656
47906
550101
23034
7400040064
4556
0375
450000872
450000914
8222
9105
4910
efbf
450005620000400032118619
2394
5417
3812
0405
200007
170303025
4400040064
7628
3072
0117
8050
9752
8786
8549
9575
2758
760000
7417
4817
bbdfa
000003406
8265
3142
45000168
907906
3550
4142
5340004006
031224788010015
6225
0293
5431
4558
3486
3322
3637
7735
cbfd
6275
3397
9295
6217
8446
8449
0200003
616030100
200000000000000
4589
6956
7217
0522
3071
230000
8018040
4159
6400040062
1561
8264
8626
9268
1312
0400040067
38010006
9470
4578
3337
ffffbb
002140
4000400678
3567
0724
4000401155
3400040064
4547
1520
6556
4900
70610
45000562000040003511887
9097
2600
2034
3400040060
1663
2710
4437
6600
450000881
7980
ffffebc
4064
1400040067
1760
3939
88010003
7791
9223
5812
7374
9922
450800346
aaffda
45000073
8256
5597
7135
6390
6963726
0181
2575
0800
4731
6205
9068
6480
6436
00971742
7746
6272
4397
1950
1088
fffffeb
5140004006
5280
3466
6914
3540
6440
2397
7996
8422
80866616365626
450000927
0550
9075
8953
890000801100000
9506
2133
5688
4933
450000932
1400040062
01004
4509
4284
9593
9487
4415
1320
05010007
4206
8681
20496
2054450005
6400040064
9029
650000
9207
6958
350101
6117
5415
7240004006
450000935
1942
3400040066
1257
8974
6987
32415
9248
4370
450000430
1160
8400040060
9918
450000620
3064
80100176
0097345428
7246
9400040064
0129
8027
8753
3575
0579
4615
8010014
8184
8131
7255
0510
8986
9195
40006001
400035118
202020202020202020202020
4011405000443484
801405
6240004006
2210
5433
900009
2400040064
1524
8253
96301
3727
9499
7517
9151
9400040066
91906
6667
2836
5849
8077
0623
9749
00010054
2795
6133
4552
4000400638
3026
77617
8992
8931
7282
ffffecd
4000401125
9475
3295
80100405
370000
6250107
9416
4410
4010
7202
4224
9388
290000
6502636
7014
2026
1708
3211
4774
4759
6546
3195
500006
32303137
45000075
8241
9674
8649
40383
479696
0001000000000000036
2400040060
0564
1512
3687
8499
2525
9481
2941
1165
3792
3996
72657
7942
170303030
3005093
0400040062
9722
42108
3362
8259
8927
440000
2182
9392
9887
9022
7720
4494
700009
3212
8596
1417
8545450
1400040060
1556
2435
005083
5440004006
45000034000040003106
9799
330000
ffffcb
00223
757306676
44906
130000
300006
8804
9159
9333630627579696
4873
69011
6566
93735
5400040064
9400040060
0146
9049
3618
7734
8991
6105
3816
5400040060
1795
3351
3720
4134
7451
8035
8142
4446
5729
7440004006
5620
3067
4500056200004000321185
3268
6040
3140
2767
5442
6310
8059
9503
5540004006
5205
5820
000100090000
2700
4320
00350030
0921
3924
4400040060
8546
501807
7130
5288
6400040060
6994
1290
9514
450000617
400037066
25838928010015
1400040064
5400040062
3413
6959
3375
6030100
000100000000000009656467652
0502680001
05617
3391
6592
2400
2905
005062
450000615
4007
6473
0390
55010
7640004006
30623
80102865
970000801100000
5070
6527
4186
9957
170303002500000000000000
1696
3521
7757
8148
7916
0152
8070
820000801100000
9273
5214
1085
9046
3222
85018
3530
4521
6923
1549
4713
9530
670000
996851
4500056200004000351187
000100020000000009656467652
7010
3474
9641
5240004006
170303040
6577730
6921
3200
3237
1564
1272
8916
6722
3981
6141
600009
690074
53701
450000922
3440
3517
2746
2816
7380
9008
9603
2842
2889
5195
7169
2069
0801006
000093
69012
6568
4395
8836
45600028000040004006
3312
3572
7025
4412
0119
2206
4905
3060
8312
9991
3454595
6801800
8400040066
8336
320000
8573
2505
2205
6380
9360
000000801100000
8390
9623
4674
6372
0157
450000876
5042
3562
9948
3652
0028000040004006
9155
0306
9261
9911
75726
ffffeca
1155
4657
8559
4969
4042
6021
2400040066
000098
7617
7236
0394
9045
6554
80100093
6167
500008
00004000321189
0400040064
4274
4500047
1566
8618
9214
6797
3016
000040005206
7265646469746
9619
6534
80100126
8807
0357
2074
1720
9087
8218
8687
8997
8181
8242
8604
7762
8885
450000933
6500045
00004500019
217030301
6946
8263
03035
270000
2522
6136
1161
1875
8279
8611
8981
3752
80100083
4107
5977
2724
7619
2810
5740004006
450000367
9106
2024
1775
1262
7040
6730
6112
383417
00000001000000000000047770616400001
1801800
6596
6766
450000433
00000000500400002
0340
3205
0097685
6551
1440
6300
26737
4368
8400040061
4597
8644
6733
3984
00484
4000401183
800003406
4507
9434
3450805
0567726170680866616365626
0150
8084
8334
8229
6120
5810
7817
3839
80610
450005620000400032118799
4219
9646
9189598
7591
21401
3068
8502
fffffee
55010007
2648
3997
6495
4763
46108
9254
80100183
1801006
9975
69676
8248
7712
8949
5595
5233
4302
4538
1599
1514
9687
2436
7540004006
2130
0295
5662
43906
0840004006
903610
0000000100000000000004777061640000010001
7400040066
8846
5014
7300
50102
15906
8769
478010015
7027
6092
250000
9441
7225
902610
450000874
3307
110000801100000
04001
3390
8578
2980
817030301
8013
0395
0393
8531
7775
2452
0587
3449
1704
36006
8985
3786
7650
450000911
16030301061000010201
417030301
7730
2897
0450
8801800
1542
8919
2240
0940004006
95080001
2065
4400040066
5830
8785
8498
710000
0000033065
50100032
2329
45010007
6532
9259
9913
9486
6110
00010004000000000
1516
1522
9621
9664
9614
6512
6528
86001
8811
9169
1551
8563
6557
5640004006
4920
8018066
2349860
2161
050000
2336
0327
1648
4794
8144
3017
2540
50182
4599
1084
9531
6732
0000300
801000762
9371
9787
8558
3714
7663
9282
6756
2517
750101
4000401157
74726
8159
45196
4516
2043
1091
6943
4254
8587
850000801100000
8994
5522
0234
50180021
0560
9279
0122000
1004
8643
4637
4648
8952
8175
517030301
0154
0097451
2761
2969
3801800
6806
4523
bbbbd
0554
8584
470000801100000
0210
0288
aafaa
8653
7170303058500000000000000450005
9788
6981
2532
777924
000088
4519
2615
5670
7312
9400040061
9852
060000
9714
1139
2640
8170
35376262
9373535376262
937353537626230623
0708
4566
3482
1674
3574
6020
0200
4531
1254
9552
4000401134
dfffffe
6904
8928
1910
9809
68010003
8323
350000
4642
5720
6800
6395
3728650
8344
34906
302636
4621
0712
3491
8541
5562
2507
6970
8891
01238
450000910
117030301
0170
0362
1765
1652
9251
9527
000008000003
4432
170303009
68615
7400040061
3364
1565
6714
5636
7260
0920
000100000000000006
02000057030359450005
0400040060
79501000
170303029
617030301
6400040061
917030301
730000
1912
bbbfb
16540
9085
3275
1537
1624
9684
3566
4024
7610
4311
4068
bbbea
5027
4278
1233
8147
9934
2197
000032066
0263
3533
3020
7760
2660
6320079
801000766
4868
8528
5180
7397
0404
0094
8266
fffffdb
7240
bbede
1049
92906
7665
0000000000000005
8019
5436
5279
ffafbe
2004
9974
8759
9298
8444
5555
7660
000032064
9400040069
0000017
0537
8745
8998
6263
4181
056999
8968
1168
4805
bbaee
1024
100007
9746302636
0942
3400040061
94500008
0165
7716
9241
2796
05732
3938
2900
6500055
380180
3873
7795
4199
9469
8209
400052060
3109
5962
0162
4623
6734
880000801100000
9442
1305
900003406
1400040061
2400040061
8037
8779
3610
6762
3911
5105
7232
7237
2952
3402
7022
2720
25010
7686
6442
6430
0000380692
7935
1811
8429
3400040069
3353
4793
4649
8937
0732
7468
44500008
717030301
cffffed
4549
3422
9671
9587
0000080000
4116
7522
5840
4000401195
8468
450000370000400035118
0400040066
1003
4400040061
9098
3393
8269
390000801100000
1930
45000028000040003106
400052065
8993867
1579
95010007
1905
8515
eebfe
5529
2753
2106
40018157
20018157
2801800
9167
808010007
0309
450000325
1654
6230
2135
00001603030046100000424104
6928
4697
80100888
9984
7117
6702
8970
efffffe
450000913
1618
9654
8586
6545
65906
7750
7430
300003406
9801800
8361
8711
6410
1369
4000401152
450000612
8018000
0000000000000004500006
3441
3468
8286
9589
6236
7530
5750
7890
4000401185
23401
5400040066
5400040061
9801805
060355040
9731
9661
2542
80100048
3120323030450805
9781
3368
9289
6727
005093
aabdc
5400040069
0352
8395
9773
7670
7177
5018008
5450002
8375
000001000000000000037777770
698010015
9944
2490
2440
5737
0240004006
bbecc
69007189
4802
0110
8748
8758
9651
3881
9039
00001703030028
0307
9672
002230
1267
5560
2410
7985
7816
1569
3062
7400040069
3234
4000401159
45000562000040003311807
1400040069
9745
9791
1700
1756
6115
6400040066
450000921
8376
4631
8947
1880
7881
14500008
5891
9088
3356
9613
69008589
0278
5801800
00402080
450000321
9505
9558
6745
8011057
ffffece
43616368
1229
9577
7026
03038
9149
3987
1727
3271
9663
4721
6552
3073
8673
9988
6685
0992
45600034000040003206
8895
8351
3324
fffffff
9542
6231
03039
6603
3882
9060355040313
1313
34500008
6400040069
7801800
1622
1277
9224
9536
7090
906906
9989
7685
6840
7910
801000764
5690
8360
6947
620000
2007
0387
450000871
2027
9081
1642
1227
4106
7540
7900
4559
45018
1532
8884
5010057
0801800
1400040066
4513
3361
5515
4493
7840
8400040069
33802
9638
4671
140000
5317
0400
801000760
4000401197
477696
81920
00010000000000000477706164
3265
4758
6403
dfddc
8305
4711
3568
550100400
0282
ffffeda
72540
6948
4718
4143
3989
2068
0180021
4895
7600
2220
790000
aadde
1121
3868
1029
5090
12906
6290
9981
7405
93881
0097005089
0000014
3240
1526
3627
6540
7742
7630
1370
9017
400038060
3805
5893
9004
6919
3546
3561
2403
2400040069
1071
8631
3721
2216
bbbcf
3005092
8300
3659
8010005
0010303080402080
736572636
3264
ffffeea
7771
9286
7515
220000
490000
2916
3345459
4743
4433
8864
4553
8090
8337
8281
7710
9448
1850
40002806
2427
7830
0531
3262
8258
3557
6597
8999
2437
7812
bbebecf
338020
3800010068
1107
317030301
4656
0172
450000322
5587
7436
200009
9366
17030340180000000000000
20906
6531
2592
9885
43775
2903
4000401174
54500008
8058
1573
520000
2934
942008580
0400040069
780180
8034
06906
7751
8944
9574
8845
9497
01100
0291
9839
240182
8801805
0334
9439
7527
400052062
3170303058500000000000000450005
6170303058500000000000000450005
9658
3571
1269
8010010
3885
450000425
24500008
84500008
01805
8370
2099
65656
9237
2632
2561
bbdaa
1156
657203636
4400040069
8342
7412
300009
1651
3576
3556
4604
8881
2196
1436
4930
78026
56172636
8063
8273
3587
46172
6713
7536
80100044
5495
29906
2016
400008
fceacd
6173
4065
7975
880180
beffffe
2073
9669
2768
2399
0369746302636
3953
3564
3799
9192
5762
23906
4842
450000603
5871
1608
410000801100000
6632
0440004006
1742025
400052067
801000761
46175746
68010006
8377
1772
3338
8243
3796
6605
6612
5262
4330
0512
8749
2595
affffcd
0400040061
0151
4644
46101
4131
2500
9847
4840
450800340
6861
8022
0371
8945
03037
2936
450005620000400034
3069
9050
5026
2447
80561
1786
1639
1673
8526
03036
5350
1920
8832
02701
300350
680180
3339
8996
7098
9142
1492
6706616
180180
4801800
980180
690000801100000
1572
6582
3087
9196
7560
7632
2996
6900816
474657203636
158660
8404
4709
9579
6792
2497
5136
0820
3777
2875
6974
0182
9042
1605
03033
740000
7120
2910
bbdfce
7697474657203636
1626
4139
9444
21906
04160
450000642
dcbcdb
8366
40906
005098
5900
4000401142
77477697474657203636
1157
effffed
9524
6254
2815
450000920
8982
2520
2132
2886
79461
450000934
1011
3902
7962
4581
bbaed
0326
450000870
450000862
3326
4434
7620
7936
400003406
3474554202
02583
4573
2137
50049
6801805
0368
0520
0532
968010007
6295
2792
2297
6431
2350
0740004006
0000000000000045000056
80127210
4608
7400
9306
affffefe
8835
690081
3961
4037
dffffed
8213
6782
2756
9185
4496
6197
9422
8168
03034
9141
6439
6650
4992
97650
1010
3004
4961
940003006
4789
3527
3040
770000
3185
5517
8011002
3845
7185
4468
65010007
75010
8174
300008
6586
9206
9919
7234
4104
0000450000280000
6986
3394
009745935
5934
2950
bbefe
8154
2357306
4801805
bbadc
3242
2536
75706
6185
6400
020302
4931
3836
016030100
0000170303003
8010118
0342
5930
1936
50054
801000768
4586
3389
8731
9265
8488
5912
450000601
dcaef
04500008
3257
5574
67616
6850
7820
4000401151
3174
74500008
450000873
9723
6726
005080
2885
640000
450000610
801000763
bffffed
3304
1234
4182
75010007
5217
400009
180100020
4239
90906
2572
450005622
94588
8046
3315
7577
9896
2946
6838
450000864
828010015
6542
1245
7753
8913
7567
5767
6350
0000380693
7454
940478
00992
801024
3354
3261
8284
2751
5785
000032068
4000401171
1694
8327
9751
0565
3217
8293
6234
9488
3969
22305
1410
05906
3028
9287
3703
03032
9845
9032
8151
8340004006
1256
9297
9213
9943
2634
7635
4947
7008
1664
2420
7618
0750
7947
73301
2555
1892
840003006
0561
1578
84004
5525
2740
5717
0960
1703030033000000000000004500005
1801805
2450
3591
8943
9271
6022
52160
5380
7016
0542
9269
1815
3254
3554
2465
2499
2571
610000
6670
51157
4940
450000865
ffffecc
500009
8315
960000801100000
1285
5552
940000801100000
980000801100000
4884
2982
19906
7930
5948
170303020
3616
3577
800880
2830
00004000331184
3107
4170303058500000000000000450005
4221
1265
5570
750000
ffffecb
0153
830000
9713
0527
69165
9028
8788
6027
248010015
450000937
280180
5127
7004
5046
3666
9546
000000001
4500002855
6167657
6900736
170303058500000000000001
7471
2696
4057
7065
3267
47619
9296
92120
9406
518010015
4897
090000
7320
9463
2907
5899
64500008
8204
dffffeb
8713
ffffbc
3665
3042
9272
2017
1519
8793
ffffbd
4028
3184
5536
2562
9869
530000
00000000500400005
1703030030000000000000004500006
06501
0384
038010007
1521
2791
5370
7060
8160
03906
9606
3048
4049
8169
2295
1420
5990
4956
8960
9742
0557
3251
3552
4669
3713
5561
00750
590000
ffffefd
340003006
8310
8799
ffffad
8547
1243
80100171
9065
3139
66702
1172
2198010015
6575736572636
9696
9170303058500000000000000450005
5905
7810
9307
5354
2895
480180
0335
3651
7668
7146
6377
4000401170
9364
740003006
160000801100000
4022
2727
2549
4489
5765
7262
8282438010007
8461
0140004006
bbaaf
400027
3314
8728
6571
9554
4000401146
696407636
9170
33906
1581
0000046
2521
6810
6170692
000100000001
3731
6780
3014
9493
2386
0805
bbcdf
0513
1702
1671
8581
8948
3145
4448
2255
7410
1800
9838
5801805
7011
7036
98010016
0315
0521
6754
67652
3122
902640
0549
3493
1249
4645
8869
9186
79742
6775
170000
ffffac
3633
4786
4728
4778
6150
740363
7390
2720369746302636
00021039
2801805
3801805
380100020
0552
9681
2762
5769
170303028
31516
802000054
1102
6036
6122
9264
3191
990000801100000
5903
1935
8074
0535
3445
6579
1274
1251
7764
4498
7350
5303
5011001
39765818
1866
240003006
3972
bbaaa
1719
4285
4213
9089
2732
2687
6493
5667
5915
4578706
6010
5403
2932
690073
2331
3893
3164
0137
0000006
3374
32433
03031
4441
2289
5645
1869
65642
942006980
908038
3446
4231
1619
7772
9498
4411
57906
1403
5140
5986
495868
1170303058500000000000000450005
9769
9761
4263
1215
2432
2449
2384
0969
7395
450000600
8654
9925
4563
0596
9147
22321
1437
5246
7310
8104
450000857
5087
9226
5735
9347
540003006
9970
7703
8010076
3015
9446
0790
79906
7017
0895
1104
6351
8813
8066
1086
3668
6737
7230
3610000010001
440003006
640003006
7167
450000866
9491
5290
4982
7057
5074
360000
8193
005099
6130
2930
2976
2003
5856
9074
1547
8987
2797
2935
5395
1932
7721
5565
9369
000032060
8129
6032
016270
4046
868010007
9284
5600
200008
9114
9748
96334
5514
7561
005082
7666
5210
82112
3834170
4400040068
8718
35010007
9572
00000400035118
5520
4492
2770
0304
9718
6515
5780
5793
4000401135
080180
4719
3041
8663
9285
6250
9133
affffca
5950
2804
0000400031068
6977
00462
6523
7713
9522
6256
2667
0296
7270
08010003
8391
8678
4449
5936
5300
2111
4588
8224
380000801100000
8304
1791
4092
3743
03030001011603030028
165408010007
140003006
3379
1232
6024
3115
170303011
450005621
17072
8155
5652
8354
8313
3388
4729
3551
9544
720000
450000946
1715
9086
3074
7754
6216
2668
3869
7224
45000101
2504
2092
1082
4708
1297
7046
7573
6382
0000000000000000450000281
8042
8324
3376
3646
3192
5585
2713
7532
9384
5937
5881
8463
9344
4801014
7801805
4026
9938
41937
2550
930000801100000
000032063
ffffefc
80089
7621
801039
8519
1219
8896
9311
7192
20200004
200003406
8024
1714
ffffab
4723
4089
7722
9939
2730
000032069
010000010000000000000377777706676
9404
3473
3503
7082
6215
5572
2754
0430
8425
39765758
05766964656
01947
8091
3607
6544
6096
7545
8000003306
6450
9741
1643
80100010
5637
7330
2893
0594
8679
7077
6392
0700
8426
45000562000040003311842
8894
0130
458010007
8302
3584
1264
9561
2689
2534
7605
63906
6265820
0801805
6035
4673
2222
4399
72501
1035
28010003
6336
840478
4529
0354
1785
1292
4606
3751
7009
2400040068
6337
0116
2084
9148
9834
0000310668
1314
7170
6918
5092
0097170
3654
6248
6097
4000401186
4000401189
580180
0128
8321
1076
5029
3522
8647
6294
0000024
0817
0001000200040004
5770
bbcdd
1242
8010081
6253
6743
9421
660000
1603030
00018945000064
8356
1678
9394
9356
9123
501105
7421
8368
970650
0524
9533
bbccd
3804
8208
04368616
7761704368616
0367
450000923
1669
6524
9137
7524
0097005095
9140050
8696
bbaad
3409
1752
7787
70726
81360
3019
1430
49906
1876
6003
0148
8548
6090
bbdac
0006001937353537626230623
4925
7409
8400040068
ceffffe
0504
8278
4079
7096
2120
4390
7377
3451
160303005702000053030359450005
3010
5925
8875
1740
3256
15018
9293
6266
8485454502
6041
2530
0236
6316
0850
45000152
4602000042
440478
8798
7612
7465
5920
1603010
1123
1159
4226
6750
9346
8212954
8538
3018
2221
5135
3058
3504
00906
0000007
1716
4253
3227
ffffdfb
4044
258010015
9425
70363
6769663
0191
1754
5511
2296
4000401145
1174
05776569626
46172696
1705
8543
4029
6269
5510
2512
7235
1315
bbbaf
4500002825
7264323
4478
9711
4679
8929
9253
6071
6703
2614
2896
5703
7495
6504706
3009
86506
9352
97065046172696
650470697065046172696
6504706970650461726961096
7891
8362
8781
37906
5575
9945
7440
0480
588010007
700003406
3770
0202
2478
280100020
2467
5355
9174
9400040068
1044
1681
9234
9066
2134
4067
3400040068
3252
8588
8608
6140
501010
2939
4017
8831
fcbcdb
3400040063
9504
450000861
77906
4687
8984
8988
2725
5845
240478
45367
2044
4613
81969
5557
3847
0000038067
6104
6993
2232
7472
7460
9468
2400040063
8400040063
8975
0160
9281
6210
2235
7429
5860
8474
173497
1224
910000801100000
0000380677
1475
1400040068
8460
1672
62701
7615
4937
000032062
7903
0880
400037060
400037067
1341
6929
8773
9594
6196
2212
6500056
1455
58010017
6335
7168
8892
8398
1613
2726
6486
148010007
ffffebb
4000401133
7067
9453
2425
5976
9024
3392
8629
9144
7293
8018019
100008
8655
9036380
140478
2902
96906
1653
5535
005010
5865
4000401160
640478
4511
3328
000113
8941
2142
6490
0260
3897
5910
0442
3832
7371
4155
5047
1682
9609
4609
5590
5685
0710
37765
7892
450000627
2087
6988
4500041
0232
6644
5697
5933
685864
2375
5037
6121
0167
1293
4622
9231
2149
6498
4000401168
6690
9337
9160
6999
8571
1261
9599
9181
7415
6660
3887
0000380698
616418
1017
25188010015
0425
58010001
6400040068
6997
8219
3085
928010007
9447
005087
bbade
100009
81940
400037064
8475
3372
3226
6637
7990
00000000500400004
5965
ffffdba
feffffe
9585
1434
000032061
905906
7400040063
4093
1237
464946
7076
7581
5133
5650
3341
00000000500400000
10100
5060
8386
1548
65018
9233
9882
7250
5985
0440
1886
5817
4500002802
8010115
4000401158
0000401102
6474554202
0156
45000501
6516
4689
9547
310000801100000
2533
2316
bbbae
6320078
6361
7360
10930
5319
040003006
7351
4244
6547
7045
7042
2293
2334
7103
3031
100003406
170303024
64792
1830
2219
8851
6588
3012
3005088
9868
450000852
4293
9528
6268
8143
9431
7637
3884
598010007
0810
8178
8834
450816
5400040068
8320
8352
fffffdf
2686
2148
020000
9811
7211
7889
2056
6157
3487
5099
4788
3199
3188
2514
2887
2277
64906
64657
7989
160303005802000054
3496
175746
3674
1286
7024
5745
300508299
902000035
8423
19380
01011
8333
1710
2881
510000
4915
000001000000000000016
0319
450005620
3596
3526
2722
6412
45000157
450000606
2919
8504
0506
3296
2716
5200
2912
0412
7069
bbddce
6577736
bbbbf
0377
8357
2085
6518
6084
2535
6190
bbdca
7373
9129
9173
2273
08636
1460
6398
7336
7365
6599
0000077
6492
6615
5410
7277
8808
65726
631690
4977
8114
0386
3213
8606
6142
6633
4000401175
2629
8455
000340
2078
1721
0270
4990
7950
7995
90261
1122
1872
0175
2086
1770
3569
6203
8198
6736
6642
6682
5292
4385
8353
9719
1271
2544
2519
7669
73906
5889
942008680
0324
9728
1213
6496
6481
5116
3066
1173
2803
740478
0544
5020000
8539
0432
4013
2607
1504
1457
5003
7878
0337
8298
3194
7568
2189
4460
6207
1081
8523
5533
6740
6446
6634
0000401155
380740
8328010015
3168
7715
9565
7432
1415
4000401165
600003406
6176
4456
8396
cebecf
8223
3515
6237
eeffffe
6334
0933
65617468
7400040068
0556
1226
6223
6099
5550
7140
87417
3841
5400040063
6908
9044
3602
6233
0000096
61000006
4987
2988
198010007
5815
4000401193
0400040068
5657
8388
0502
6277
9187
25906
6385
bbacea
7472616
99440
5617263680
2202
2676
2974
4400040063
4457
000505
32906
7596
bbbcd
6504
bcbcdb
0257
4695
4162
5170303058500000000000000450005
5894
bbaac
3326743
1645
0000022
9445
1840
2348
7375
8961
6475
bbaec
0389
1287
7707
9529
2764
0496
4649460001
2393
4452
68010001
05622
6239
4486
7640
5117
6399
bbdab
345569530
5475
8075
3297
65001
95906
80100431
5265
7815
790696
2064
2899
4113
5477
7894
4500000
1641
1661
2568
2387
6620
6669
0431
00486
6834
0000401165
2113
7368
9461
8307
4273
3089
9534
8010075
6222
5540
9198
1177
8347
4249
8599
6594
1276
6074
4431
0217
5434
3120333031
0400040063
5470
7456
7165
9899
808010015
3359
3299
3514
3758
5791
7187
1306
5109
058010007
7073
3982
6640
5661
4945
1900
4000401132
4000401179
0779
3340
9471
8047
301406
2224
2391
9846
53906
6900726
0518
50906
3228
1558
3076
2787
2311
800152454
9009
9952
3696
5504
8051
bbffffe
8358
6529
5566
4996
00485
69007089
5836
49070
45800028
1400040063
5970
7050
9400040063
01213
0382
3282
3676
2705
7190
0760
2947
1334
20100
6895
6404
0098
0177
0174
2089
1047
6984
6558
7792
998010007
5714
6447
50181
7142
2989
3123
3968
3925
9452
9162
2098
6909
3243
1589
4643
3744
6296
62906
4184
7295
8207
7508
0841
1365
4690
6400040063
2081
3586
7731
4684
6287
0000025
2242
2389
5017
7905
4014
3153
5030
540478
8407
2097
2082
5700
22906
6406
4000401156
2340
4373
7030
0196
035010001
3244
8010018
3724
6046
5576
7576
7406
9396
6394
1995
2834
2170303058500000000000000450005
70001
01801
0331
1538
3542
9941
2714
7845
4015
ccdfa
10200003
4528003
9870
0516
9076
35906
1223
0200006
4889
4000401191
8128
abebdb
43259988
3970
450000607
9608
3624
1214
9519
6077
3013
2527
7485
4882
7882
5008
0818
6030
6470
98906
0000005
450000614
1093
1518
00979765758
5592
04906
7940
170303019
74736
880100020
0356
0597
5045
3547
6519
1291
5760
6191
6485
8010126
4109
9122
4034
43920
2776
4030
0139
3247
8639
46274
9947
7590
7134
450000930
50047
7838
63616
3159
025838928010015
4693
8691
9118
3753
0000041
6073
2287
5640
7292
7221
5216
3833
170303058500000000000001450005
3431
9644
7723
7738
3787
2642
5725
5019
450000945
4860
50001
6064
6822
8044
8385
69004
1659
3585
bcffffe
5120
9361
9482155
7457
aaffffe
6274
2734
7503636
6396
450000931
450000622
1154
7428
6078
6752
3019060355040313
2444
7565
6433
1405
7131
5984
0001000400000000
5602
9460
8092
0343
2094
178010007
9091
6587
4096
2267
1806
9414
effffb
3274
4198
6386
11710
3774
1977
7963
0581
3639
6538
30906
9566
3769
2847
2986
9833
7321
9172
1151
16645
2775
00978
450000431
500003406
8408
0001000000000000057
3962
9778
1679
3649
8598
9526
7074
7592
2141
2227
7233
0435
1860
5451
80906
3433
6991
7714
6214
2442
7564
4487
2239
0220
1842
0825
0877
450000860
1026
5082
7774
8946
cbffffe
3797
2193
2882
02906
4847
bbdde
7464
70656
44591
811478
5114
0199
0547
3516
7092
9399
5494
5242
070000
bbbdecd
bbdaec
34543
9053
4500009200004000
00976006
0822153
6868
6000002
70100
bbadf
4187
6664
7388
3008
8152
67026
2856
4862
5853
7690
0169
450000855
4085
6098
6134
9391
5150
4306
0780
4500002875
2174
10001
2657
5902
8202
1099
3592
5146
7215
4989
7394
9012
5623
9779
92007
2682
2547
2187
5724
0287
7231
7105
1997
00489
bbbfa
0100046
90361
8658
6170690866616365626
3699
6456
9855
dffffb
1043
1631
4045
7744
2765
7614
7490
7476
9153
2702
1045
4259
3313
3614
3613
9551
3765
2199
affffcb
7933
2053
6450002
1761
1094
7704
6228
9423
5012
4890
4000401181
5325
8695
3215
1244
92694
60906
88423
9424
4000401180
69008689
30054
81487
2055
5801801
9902
01020201
3381
8228
3043
2241
0297
8010145
4069
58701
28010017
4475
5365
bbebd
450000856
3648
7756
4638
9994
2406
2596
2116
39845
4000401182
8172
9031
000034063
03030046100000424104
4450
7174
9826
0190
0140
3471
3382
fffffef
cfcee
6553
1278
8923
6251
0000081
550000
2747
2548
6842
1703033
5847
4000401141
6328
74746
0835
2008
5010118
0830
1960
1857
4342
780100020
0329
1222
1248
128010007
5564
5571
2737
7548
6195
0298
52906
5267
1350
0000401175
90363945
160303003902000035
2892
4160
60100
9407
01906
8381
3416
3181
ddffffe
9485454502
2147
5710
6405
2911
00562
0846
907039
4183016
4871
4167
5554
5705
0947
5315
1940
5963
8470
450000602
8335
1606
abcaa
5250
3456
8839
0214
1692
7459
3385
8939
3795
6739
2446
5742
baffffe
6665
5932
4000401143
2358
3875
5056
01442
8085
8374
1296
7761
2491
affffad
5886
5811
7897
9831
0864
6060
9454
1609
cfcce
5556
888010007
2884
501802
5295
bbbff
0000401103
8467
3155
6975
9793
2184
1486
80180696
4000401167
2047
6939
1539
ffffaa
3603
8511
5134
6865
18550107
2871
6393
7907
bbdcf
3404
1763
15214
82980
27906
2567
7599
7526
4000401196
4000401127
9898
267020302
bbcae
bbdea
1771
5071
1528
4641
2781
098010015
7305626169647503636
0000380690
3005095
2067
bbbcbef
3870
480100020
bbded
3464
1747
6589
0000080
6082
24906
9438
1990
80083
6825
7207
0388
450000863
6521
8638
70906
8010043
3793
5569
55906
7681
6312
0726
5946
8010111
4000401162
300509619
2693
5064
40007206
1598
3099
3187
4447
7399
6676
6332
780100076
8651
0192
17906
9645
9548
4469
4500002829
452801
9373
009734548
5907
801107
3439
1089
fdffffe
2482
4986
6160
8833
2963
30001
7805
0132
0163
0328
6593
2664
2194
5736
0250
5232
1934
7811
4000401192
5831
1974
2918
5875
8860
8856
0546
3323
4738
4023
9511
7093
3148
2745
fcffffe
5787
5741
5677
72906
9958
00000000500400007
5057
5656
5091
9648
6042
2735
7598
9426
560000
6890
4500002801
45000112
4857
3704
0976
6971
0131
8371
2045
7745
95266
6048
400080060000
2302
026120
87435
fcaac
400052069
36710
000100020000000002
040478
7841
000111
608010015
67906
2434
5632
1987
690082
8853
3821
8369
3049
1284
5542
2794
14906
2014
8659
98010001
8032
4678
540000
6391
2931
0000380694
976501
9156
4050
1927
9692
3321
2415
7505
ebdce
0579368
2869
5185
5299
affffecf
1178
ccbcdb
4009
7339
4056
ffffaf
adffffe
6548
2485
2579
4388
79921
3802
174202560
5676
6460
bbcfd
9678
3022
7021
6213
acffffe
5147
00481
bbbcb
4000401136
3005084
4000401163
4019
317096
8966
6619
480100076
9611
3023
7749
6257
6721
7569
7661
7469
bbacf
dcadc
22321868010007
0777
5160
caffffe
dcffffe
2091
6226
2940
5842
7847
2808
4854
7068
6679
9462
2107
2208
3111
5376
8087
3387
4500055
fffffea
968010015
7786
9586
8100003306
556580
7442
5142
7316
4000401137
0000401105
8837
17603636
656469617603636
202020202020202020202020450005
0821
5065
9824
05018
5021
1216
1253
6227
6791
fbffffe
5400
8173
9836
2802
1126
3489
1098
9099
3553
9582
6241
318010015
6169
3811
5211
5260
5227
7969
0882
4951
060105050701010
1425
2690
4204
5895
0374
8311
9571
9563
3745
2715
25010007
2269
bbece
4000401198
9326
90363945001
0894
2626
280100559
3690
0147
9258
7094
6145
09906
8458
7676
0582
05636
4500048
3094
80100194
6489
7228
7132
5255
0940
1812
7865
5838
9000003306
2404
9474
207777
5073
4611
0725
0000380699
0000401167
450804
08221538010007
2825
9895
0000003
9689
6282
5563
6715
88801
7226
affffedb
4108
1176
7062
3952
9955
752864
07758010007
0871
3057
5036
5202
6696
6346
7453
8907
8821
7079
75906
0797
0932
7869
4428
6900826
400038069
ecbcdb
314669
0001000600000000027
16906
2994
3975
7655
8341
0586
5098
3045
9291
9193
2388
0267
5236
0548010007
7012
0001000000000000066
0468
7344
2048
3549
ccffffe
3169
2487
0915
0048010007
2018
400037068
82728010007
1690
5974
5672
8657
0534
1258
7099
2711
1494
202301
3837
69881
4821
7111
8909
05616
1734
4228
3285
4088
6785
6746
7571
1890
8809
6478010007
38718010015
5068
6057
6341
dffffec
0159
2079
3092
3147
5599
5568
6768
5182
51906
1377
801000765
7836
4304
2327
6352
7675
8111
0142
3097
7265636
ffffefb
4000401199
6333
3830
8476
450000326
1743
3294
928010015
3141
2573
6668
2937
9372
400053069
3454868
580100020
880100559
1796
6085
7435
0212
0786
801000769
aafcac
9355
0000170303004
2707
7448
86906
9690
0344
4247
6076
7547
7519
7212
5269
0415
7885
bbbcdea
ffffdad
1179
9963
6154
8844
bffffeb
0364
450000652
4048
6245
9145
2405
5270
7382
1996
6830
06811
473796
1036
5460
5666
6457
7425
7302
8861
2028
1745
1797
87425
7097
2733
2237
bdffffe
5130
20200013
368696
6500044
3964
6409
04593523
8316
83906
8384
8359
cdffffe
1776
3363
3239
9513
6243
6742
2115
6638
5430
2019
0000401157
7148010007
47848010007
0459
56906
6330
1724
4082
1282
9249
6094
1485
1381
8838
90324
2066
116301406
2337
88010016
9960
0168
8097
8400003306
5551
faffffe
7516
570000
5748
6139
1482
7290
8125
2993
88906
8029
8343
3594
1100003306
2529
7446
1416
01009
8177
690072
6172
0860
8107
9873
9450805
dffffff
8098
3241
2644
7533
2286
5916
1394
bbddb
3807
7475
8464
1695
0378
0558
3697
7048
6482
1431
bbbfbfc
4959
280598010007
7708010007
3848010007
334542
2860
8039
0592
3249
3563
6276
6023
5544
6724
2744
6487
0231
7299
7315
4000401166
6853
7208010007
1861
2460
3162
5174
5453
7987
4500002837
801815
4748010007
1153
4366
000100000000000007616
0970
4965
6011
78906
7813
effffff
8099
0379
deffffe
1731
1768
000100000000000003777777
3582
3558
aeffffe
7294
4500002822
90264
1302
2036
8349
4298
3626
4798
1279
5553
2284
0242
6168
80180082
9367
1470758
1057
1032
0551
3248
8723
aafba
ffffffd
3084
3088
4081
6258
6646
5664
7181
4000401149
0000401107
2309
49587
69742
48128010007
4975
6462
cffffeb
0381
9708
3421
2023
3044
9581
9576
4193
9139
2598
daffffe
49599440
502336
6371
2323
08010060
bffffec
8049
0533
428010007
00000450000
3138
0410
0000401104
500501
addeaa
02118010007
1902
18906
3904
5973
7219
9758
2576
2234
0000380657
fffffde
9034
2349880
5975
88010060
8053
1764
9553
2513
4887
9013
9929
1855
2102
28010016
46906
9866
40005106
8326
8348
0514
6941
3645
35018
7799
7709
6026
6044
5240
4000401140
452000
5870
6695
7696
9314
0173
1649
8623
2582
5610
6885
07906
7385
4500004011
9464
4000401178
2870
2559
3160
9472
bffffb
450000854
8379
3494
5513
6728
750002
2144
7642
2226
0284
59906
9835
7068010007
9178
9968518010007
0409
2868
5422
6039
7874
8459
3647
7785
9239
2748
5412
5947
4500002835
0000401152
832775
48295
7108010007
4899
5450805
5777
6428
8118
8346
3352
3621
9597
9537
7049
55018
7566
7689
5481
3889
0498
80100665
9127
9954
4173
000100030000000003
0874
0422
26906
3165
3965
5971
5867
6860
7651
7964
000000010
009767071
6284
3197
9998
5718
74906
5132
71906
7384
bbeab
2173
3838
8967
2050
4361
91895988010007
4814
7314
9168
0545
3358
1658
3623
1294
2721
0982
bbbde
7061
20202020202020202020202020202020
4959944
0904
1874
3862
3438
4087
6285
2515
affffbc
6897
6896
0420
8018021
94821558010007
5668
0000000001
bbcbd
0376
1779
7043
6786
9381
5492
7287
7116
1992
0097005099
2304183016
96408010007
5926
8450
3581
6559
9069
2741
7542
7110
1392
4500002859
4856
3775
9953
1166
16030300520200004
36906
4459
5805
9109
cffffb
3292
3531
3723
24338
7648
6181
5411
7887
3808
3458
8508
4450805
9965
bbccc
400073
8319
1766
1798
6244
4194
05796
5781
7195
0950
5305
4500002852
4953
50046
1839
9308
910906
16030300661000006
68010016
6471
7341
1751
7084
2786
0255
4000401117
4000401150
4000401184
9807
4957
7329
6318
0000000000000004
5063
5448
6870
8088
5081
87421
8010072
3785
6045
9993
7539
edffffe
5726
6193
4816
4000401161
bbfad
9324
81288010007
6353
6358
00000000500400003
3454594
7340
7402
0144
450000626
ffffae
5503
2516
7544
5013
5635
7992
bbbab
4500002841
283026
821127
6013
66767
9353
3151
4875
bbcef
1773
4216
3245
1588
4681
3794
3759
6286
6747
2438
6131
6017
9323
00000100000000000006
283026302406082
1050
5462
76906
0000504
45000076
9023
3669
5634
6388
0755
0403
4593595
400030068
41291
7030301
2030
2421
68906
8814
3399
3096
8010088
dbffffe
7534
75010002
affffac
7934
0000401162
1703030122
9302
24010100
1307
2927
3960
3892
4691
48010060
480100559
4313
0358
3316
3259
1281
6224
6796
2749
2591
1403030001011603030020
5647
4865
0911
4500002827
0001000000000000046
00050001000000
75018010007
5960
6452
6425
8874
effffec
4229
3214
3513
80100166
ecffffe
2743
5731
6192
6434
7136
7920
800010
abdaf
5953
0470
5964
980100020
20404
1728
6541
6645
5420
4896
1820
00350025
38010060
3929
4801801
5337
0519
5089
3588
abadc
25018
6438
5486
5987
59502
4000401169
4859
5010088
24667
acbcdbf
45000034000040003206
657773617070
1801801
2159
4991
5330
7694
8976
9057
9455
6911
3075
7788
5755
5727
9427
4387
5988
0936
0834
9966
0925
18010001
28906
3154
5170
5607
6125
450000324
8397
0000040
00000485454502
4445
5716
4985
1846
4500002805
4500002857
ffffdff
40006001932616365333032333
1965
9861
8086
8079
801030307
1048
3373
3597
1241
6281
6794
7603
5734
2238
1396
4000401194
4500002836
0000401106
0000401172
7463
073001
3974
6357
6455
7902
9962
87427
9194
2546
2981
1941
00021084
4974
880180559
9857
6938
9048
3308
3641
3593
3086
6741
7541
7147
4500002806
0268
9321
28579
0800060035
2962
6862
6102
7960
7852
0553
1778
904906
6293
5545
5506
6135
3452
6507
4833
4836
348524
086137
1376
6866
6068
9365
0341
0322
3386
4084
7708
7085
5144
6820
6832
87437
4852
2857
4470
4458
580100559
6692
7559
8902
8466
0194
8021
bbaeb
1712
9516
95018
2299
6499
6689
450000947
9349
725798010015
08906
8962
9342
0346
450000618
0591
1078
ffffeee
3658
6020000
4885
5390
4000401118
4000401164
3803
0266
14707588010015
6849
9694
0339
450000672
4289
7702
92648
3193
2606
2564
6494
6697
9884
1945
daadc
7258010015
000100050000000001
5067
7035
8339
0541
3798
6799
76636
1495
5969
5377
6673
4058
4318
000100000000000002636
bbcaef
34698010015
616765732
0204
3874
7357
8421
980100559
9413
0115
00035
1789
3309
3286
5786
4916
4984
7334
1311
4500002851
3050
2059
0851
2155
5695
6477
effffc
4211
87201
3611
4086
9299
6751
2565
7646
501002
6845
0000380691
9325
9362
9699
7776470
1330
4976
5450
6050
1793
5086
5041
3046
6028
7585
5792
6144
7438
13906
450005623
450000941
4831
1162
23987
4340
4864
6373
7965
7927
8170303058500000000000000450005
3221
009722
1432
7115
194000
4309
7261676
94490
280180559
4993
5775
7875
7695
8855
8081
0308
2029
ffffebf
6581
4097
773746
9578
6291
00000800450005
5686
0000033
3120323030456
5052198010015
0298010015
4325998
2470
6829
9459
450000853
8322
2093
1739
4258
3629
7521
7499
5633
9019
0000401125
4837
7330501000
405401
3971
8852
1079
1541
9061
2486
2593
0205
0235
6884
4845
7137
1946
4000401148
6325
3809
4952
3955
2750000010001
726167650
0806
7825
0164
1787
7798
5740
5789
7281
0930
bbdaf
bbdafd
5825
5151
6864
7452
7868
8868
1028
1511
7029
2712
2752
2265
7112
9341
24759
0000400038069
0475
480180559
78010060
4238
009783
3512
6787
7597
005091
5911
6014
96901
4178
0456
0974
1368
18010060
4970
58010016
84593523
9011
4281
8739
4094
3186
31303
5586
4481
affffdfb
7247
5221
0912
0416
7945
8507
47301670
0876
680100559
5078
6543
5532
6484
54906
5981
7937
bbeafb
4835
2347
4343
300355
80100179
3030
58906
5876
7160
7342
7157
7925
9030
9521
5190
4500002874
450001896
05401
450000630
9304
7374617469632
1895
1961
2922
4655
5314
6065
6347
8876
8329
6273
2481
1412
6387
0931
0000401195
20405228010015
4000401153
0001000200000000056
080100559
7970
7855
8824
94593523
0197
0176
1623
9294
8011011
005002
87436
1125
2801801
2032
5979
6342
6655
1799
82901
addeb
3789
0000047
5593
7431
1496
7139
5320
7842
4500003806
affffebc
9028010015
4832
0455
2855
3927
4692
4114
6891
5527
2639
7589
2233
5234
4386
0742
59179
1390
300351
00000000500400001
0975
6841
7256
0188
8048
450000323
450000327
8309
3293
6549
0890
0000380686
fffffdc
9802
4954
9351
9923
769838010015
180100038
0102020101
0421
0802
5659
9402
cffffec
03892
450000401
8372
6539
6712
9131
2831
790695
88376337
2342
15290
1450
1335
2011
3102
6355
7161
7853
78010011
3384
7041
6299
eaffffe
5795
5220
0489
1386
87432
9125
7268
04090
3692
9909
9972
bbbbe
009700350
6580100
9243
6749
2589
8011001
00721
5997
1916
450000611
7477
0460
9848
450005761
3605
6798
5389
1915
7946
000100000000000005736
82129548010015
2970
6472
9111
8094
1073
5085
4291
3615
3573
7633
6846
7227
4394
0902
0972
cffffff
0361
450000623
9073
7739
7088
7582
5112
5982
0494
0812
91780
7548010007
1970
8102
980180559
45000078
ffffdbd
3599
37829
6049
2633
2666
2537
5782
5744
5465
450000640
3033
4322
97398010007
44593523
4125
4968
5456
7032
9821
0366
5084
9538
84376337
2594
7492
0233
1499
000048545450
6389
5385
0885
2013
1128
7500070
2821
2109
38906
4479
6807
7337
780100559
0584
2088
3281
4773
6089
5230
5931
0485
0465
0869
1885
2172
0000401160
8123
2848010015
40728603
40738602
4272840300000000000000000000000000000000
3691
7455
450000851
3518
3712
2566
2192
7498
5996
2987
0000380653
5334
1882
6322
9059
99200000101080
7175
4072860300000000000000000000000000000000
1907
3907
8825
9204
8028
2723
7523
7645
7496
5137
7239
1911
4500002807
0000401151
1016
0461
1693
7821
8857
98010060
0593
3396
3663
1266
7784
6441
7416
bbaca
4500002870
affffefc
8806
6174
9379
9175
2468
1336
2975
380100076
5972
0193
50401
3538
3579
9588
6716
4439
7647
6437
4500002856
4000401124
283670
6776
450000604
576005
8298054
0924
2475
2402
2268
4872
5351
0508
6187
5440
1903
4500002832
6015
3835
9157
3348
6202
7782
5591
7503
6116
7884
9951
4335
bbdfae
0001000000000000086163636
48906
4157
6414
7870
0563
1784
4248
1238
2282
5490
3175
4838
7063
8427
0467
1825
3855
45010002
5097
55457
2306
5282
0787
ffffdac
7019
9358
80102016
0001000200000000046
16030301420200013
0870
1998
3894
7102
1769
5028
4218
45000409
3345486
9569
6261696
6047
2448
2597
2585
5715
5447
6816
5241
1014
2991
580180559
5627
7466
7860
780180559
cffffee
3203
31801003
6759
5638
7297
0791
4500002877
690036
9343
0000009
7862
7872
8477
0189
0198
8364
abffffe
9541
372888
5505
2443
75018
7606
5493
4911
73057961686
0000380651
5882
0000401183
0097005091
2304
170303017
1832
94585
7957
180100559
1362
3202
7155
7307
5048
4299
cfcea
7743
9266
9062
5512
6761
7286
71353
0706
4000401131
9018
8010167
2349940
1450805
3851
4409
5256
7691
8870
9977
9476
000502
1299
7719
9584
6744
2788
6143
0002000080001
0000380652
68331
3834
8878
400037065
400037063
40101040201030308
9501001
7801801
8867
3443
450005647
7538
4482
6416
0206
68054
100003206
380100559
6854
bffffff
effffeb
4539
bbaba
3047
7594
2131
5485
5392
005001
affffeda
0302300
1015
3032
3776
3344
6320076
14593523
9451
0566
3224
3263
4078
80100168
75736
5285
7954
4640050
45000562000040003311808
00021039000032
4165
6801801
7123
0171
8072
8394
1748
3319
6072
6411
64656
5644
5939
9014
00352
ffffdaa
28010060
4151
7407
9907
900003206
8045
0369
3479
1744
1228
3739
6091
2631
7529
005089
2285
5989
6508
902639
9126
1452
2456
2457
2429
3860
380180559
6340
6802
3278
ffffcc
7078
2684
2541
6148
5646
6307
0829
3891
4152
48010011
0398
6998
3578
2681
2613
1406
1433
0000380656
1984
4500002821
4500002824
3061
2330
1924
5821
9825
bbddd
8239
3608
5537
6753
2484
7546
5712
2262
5446
2945
400030069
9502
450000624
4319
000034061
180180559
7502
7672
0134
4500049
8738
3653
7586
7684
0934
3034
91517
9378
8964
5954
0001000200000000037777770
2140100021
0770
3849
4825
9313
8031
5023
42109
8010078
2185
7434
0230
501900
5191
5689
7196
7191
5289
5284
4000401187
6836
70121
2061
00000000500400008
45000562000040003311800
432599880000
24593523
4870
7154
7827
9357
9856
0179
8093
1753
5096
3272
3664
9573
00000450005
5589
1487
00353
8176
0000401166
5835
7622
000001000000000000056
841369
2827
7450805
7863
1689
7087
80100120
3722
7587
7411
0000401197
450000662
450000429
9354
7333
41648
2891
2261
5927
060080
87422
7081
6763
2498
6186
0737
937287
73401
3944
5452
7127
0321
6719
ebffffe
005048
8011004
5496
5197
0705
7981
80100666
0000401161
bbfbc
7809
450800345
0801801
4122
66906
7972
45054
bbbbc
450000955
3472
9512
7437
6881
5941
7391
7911
450000644
0000401154
450000625
907840
2368
3695
5822
5961
0138
3289
1611
5297
bbbfd
0000401170
450000609
0000038069
0749
1868
68010060
8451
8457
8699
9924
0149
9518
6764
88157
2599
1442
0990
5846
300501
5010012
3771
9179
00001703
0868
2627
5204
68010056
8694
bffffee
3485454502
5088
5547
7641
0997
0491
0000401174
2009
58010060
7976
7151
ffffeba
7748
2782
2719
61906
001030307
7284
0497
0482
4500002895
80000450000
ffffdae
8126
170303002900000000000000
45080028000040004006
1845601
1870
2166
2777
54593523
7861
450000944
00280
3545
7091
00000474554202
2759
2145
7639
5605
0490
3959
08010001
1421
1158
3459359
5855
64593523
6872
8965
4618
9238
7044
7484
0935
7381
0433
5885
4839
5949
1991
2154
3977
8450002
bbabd
4639
feadc
7572
5405
5212
7396
4000401113
4346
0000380678
1055
2861
2913
2188
5794
7482
affffbb
14030300010116030300
5687
7392
7997
4000401130
4500002826
8171
89144
5375
6691
8830
1023
3223
dddeee
2605
2503
7593
5747
6485454502
5499
1947
5816
38376337
1175
9038
8509
000100000000000004706
45280034
2104
4960
4455
5107
5122
6123
1563
3559
3747
8800003306
8010137
0000401171
9808
9171
06010505073001
0844
1037
2365
5872
4243
6087
2731
6488
5603
7291
8179
7015
2332
1163
1972
5852
680100020
7967
8656
800003206
3609
5596
2169
7144
1816
0000401182
6008
016030300
450000608
73915
121886
bbbebcdb
1163014060355040
4962
5459
5340
5111
7814
8450805
9877
9888
450005645
6189
510022
1865
4000401101
903906
3349
7356
08010016
2695
5874
700003206
0143
5094
cfccc
67066
2441
2545
5796
6681
00494
bbdcd
450000635
9832
9359
0000000000000003
aedddc
0450002
0854
1030
1056
3857
6652
0318
7797
7781
7086
3748
6723
0000380602
0887
3005089
4000401173
9726573450005
06010505073001861
1451
1476
4365
5868
5125
7844
7866
8843
0349
0523
00000450001
5528
057477696
87415
9322
8652
9332
300356
80110020
3207
300003206
5502
6821
6476
7166
5079
1231
9263
80100128
5642
ffffeff
0000401101
8010106
500402080
9409
7624
45787069726573450005
6450805
7158
40002506
0543
87414
5549
6147
5015
5196
5281
298010015
005000
4000401139
418581487
4337
6773
7877
7121
cffffc
4043
9245
2763
7497
6647
5139
0905
4000401190
6012
6016
400030065
8424
5055
300352
0402
6467
7404
0178
3277
6247
6758
7514
0720
0946
7311
4500002804
9056
9602215
1468
00004500011
00021038
0450805
3922
0133
0000012
00224
36817
3093
1298
3729
3198
5534
5706
2369
7199
4939
0995
1881
0000000000000006
9037
1703030015
6625
980102865
0857
0407
1202
1108
2960
5862
009415
1501005
4619
3728
6738
7285
7988
401030307
7474
0000000000000000450000
1378
0800069
15950100083
6155
74593523
5526
2469
0290
1411
0000330698
1896
000040003006
98376337
4593524
84500058
1031
374617
2158
5121
6114
7822
7104
8841
0359
0526
85054
2784
2198
2231
7433
6686
6384
000000000000001
0000401156
9804
87412
1152
2125
4827
4453
6204
9456
0145
0141
7711
7794
3749
5578
2569
6497
bbeae
3005086
6837
90376337
4008
2872
4174
4168
7652
8848
0511
16601
3741
7241
0703
0796
bbdbe
7955
1033
3801801
5468
0373
3238
7763
9228
6029
4488
2191
5482
4881
4500002867
690071
6175
4351
6009
4326
0252
01000001000000000000056
2477
200003206
6376
8165
916030100
1723
5665
bbbca
9806
690083
4955
7064
7327
3156
0977
2968
7626
bbbec
3678
cfcec
6211
0406
80000450005
7013
9956
3163
041604144
1340
38010011
500003206
5244
7319
9822
0184
0323
3622
3589
3541
1263
0000043
6784
2485454502
76656
6445
7387
450000940
4851
17420
9128
9927
45000562000040003311840
040008006000083
3204
4032
6055
7349
78010056
bbcec
450000943
1836
7066
8898
300359
450000619
45000037000040003311
0991
1204
1342
4806
416030100
5826
4500046
3098
7793
0000048
5538
2611
2523
4485454502
2298
1498
13814
affffecd
00355
3453
5149
1703032018
650263610000010001
080180559
2829
4466
6444
7125
7218
9864
0185
1638
140303000101
7386
4000401144
8010159
2062
34500058
7358
2954
617069732
06010505073001861868
0862
0474
0256
1456
4357
4474
4914
6827
6770
7849
7113
7926
8119
0353
8318
80100089
1445
5435
0968
7982
1387
4500002831
4421
41070
9328
80180021
976501860
2476
2925
6708
9828
7494
0792
0795
4000401105
7479
024320
0402080
0922
1039
2852
2998
5243
6156
8096
8071
05010002
3428
1629
4384
0847
ffffeac
3000000
7474554202
8122
300357
683311676
5696
5803
7966
8801801
8866
8822
3419
2729
6138
1491
7269
4000401188
0000401192
00000204053
0000401122
0568010007
ccadc
6671
5050
5318
2360
5978
6314
940008006000083
aaadc
7549
7289
1897
63201
6162
3063
1127
1129
677306676
4658
5018066
84898010007
1968
3909
3919
5102
680180559
bbaab
6415
0221
5669
5237
7846
80054
9837
87439
0244
0872
4652
4035
400003206
6466
7214
8979
2661
2411
2543
9443
ffffdbe
4175
39888010007
0863
1822
540008006000083
0316
3371
8501005
7758
8010084
9063
6079
0286
1485454502
5437
4500002844
450005624
9033
9921
45934022
1418
1348
2165
840008006000083
45101
4500039
3266
3273
00979765
3543
9188
5743
1384
3035
6900836
2341
9177
7354
4841
5336
6814
9904
0000076
2641
0000330686
6397
3005085
0000380687
6964650
4000401128
591798010007
180100076
2256
38010001
5472
7623
7919
3679
3598
2526
5394
4000800603
4000401102
450000634
0000401109
0000401177
37403636
69368006
0001000400000000027
3485248010007
1963
1367
2806
340008006000083
5372
640008006000083
7152
450000628
fffffdd
9539
2793
005090
7403
0740
90000450000
7832
0000033069
04706
0926
1325
240008006000083
6805
9854
3091
5784
6687
4500002890
9327
109333630627579696
1008
000100020000000006
440008006000083
5655
7961
8399
3219
3638
3643
55501000
2247
50149
94500058
9152
300354
9408
6658
45508010007
713538010015
2362
5207
5467
8000002
8363
deadc
3276
2143
5711
6137
affffab
0799
1884
48376337
5009
903620
160303004602000042
9052
abeefbe
9331
45000562000040003211874
22631
9255427
64588010007
794618010007
1450002
1351
5866
6626
6067
6867
6888
740008006000083
8877
9336
0000450003
7028
8010046
2139
5484
1937
7984
bbabe
0000401185
4000401122
3125
3958
9693
4360
9634248010015
77598010007
52160748010007
0748
4336
716030100
8038
0372
afadc
2488
0247
1497
1469
5215
5247
5397
0000242
3831
0001000300000000026
70303058500000000000000450005
3914
5322
6407
7977
8692
9872
cffffef
7779
6086
2587
7513
5432
5387
45000100
affffecb
234986
8428
3963
0001000700000000026
1337
6421
6451
1713
7718
70801
301030307
2643
2489
2588
3900003306
5797
1489
5245
0762
5869
ffffedc
45000103
234954
9051
400030062
84268010007
2335
7908
2554
4000401129
3528010015
699633
216030100
3926
5222
7893
8471
0000018
9079
11936
8010086
6718
2619
2493
450000850
bbbac
00354
2178
ccdbbfe
6374696
93881418010007
0867
1477
140008006000083
5814
7107
beadc
6279
2649
6889
0789
0897
2179
2012
630479696
3053
1959
7788010015
00000160303
860018010007
2814
5651
5342
7162
7055
8862
bbcea
3619
3784
4438
7682
0299
5487
5186
4500002866
6019
00000000500400006
5857
7899
3631
5188
5231
87433
3772
3954
1164
8409
2958010007
50100721
79921058010015
2355
5061
5152
9867
3423
3291
15030300
3604
3529
0000401132
02612
3039
ccaca
271428010015
0452
1975
2450805
3991
effffee
01168010015
8328
3269
3539
1273
1441
7182
4500002862
0560016
7322
884238010007
4844
5473
5653
8872
450000836
0501005
1788
87426
2431
5722
7481
934541
0000330687
4500002860
4500002813
4000401123
3457
7372
0855
5104
9801801
9892
9851
9458
80501
3398
3528
3719
2586
5187
5287
1385
8010129
1962
5692
5167
7159
88018015
bffffc
03901
1794
7644
7441
5169
5684
0000380655
78805
345491
30376337
87430
7362
0001000100
908040
0000400031066
92188010015
0898
4822
48018015
3463
3763
41830
affffbd
1969
1397
0865
4000401109
801800207
1831
7176
85010005
5565808010015
0909
3161
5168
5928
5938
600003206
8472
8167
9894
6729
2181
5798
5193
5681
0000401127
400052068
6621
2971
2964
2372
3973
6478
816030100
9827
450005641
5516
6711
2416
3800003306
4811
2308
3056
4031
1703034018000000000000
0913
2168
3829
5302
6894
9166
0588
3418
6249
0000044
7145
0000380672
5897
0000401136
6165
6502
3177
317072
3152
5356
1603030058020000540303
3502
4450002
0000030
0097728650
ddadc
7518
610050
affffebf
00101080
6847
0741
00495
450000647
28376337
7379
9961
300353
01000001000000000000046
900070000
6574000001
661737403636
84528010015
05617661737403636
116030100
5476
6657
7692
9479
057789
2528
5631
0945
0000235
4000401116
0000401135
2000000
3037
000000000000000000000000
9333
7274
502000051
7419
9891
45000570
2494
80100046
1446
7197
4981
4988
0785
0487
0815
4500002854
bcadc
4367
450000613
5844150
450000280000400040062
1971
4402
7266
4098
2665
2563
6188
0000303
2984
0881
1889
4500002814
30000450000
2324
7629
000100030000000005736
961746
0477
1824
2157
4902
5455
5414
5966
6109
7478
9072
5546
7613
2300003306
6381
4500002853
7658
7609
50100699
0478
1805
1355
2651
2862
3976
4972
5368
7876
dffffdb
ffffeef
000117
9543
5491
0937
7941
0000380685
942008780
40103030
40004006581
45569530
6378
2557
4808
5402
9971
000016030300500200004
6606
72696
7193
5399
00496
8010148
0000010001000006
7834
736390
900019
4055
7172
8453
63501
00000000101080
1474
5357
516030100
7114
9154
bbaef
caadc
3429
3671
0000095
2728
6199
0000401117
0000401112
450000400000400035118
65730
4508006
911906
6320080
750015
00000100000000000004706
91161887
170724
91161887001
1373
7346
9813
3488
69013
000131
5582
9138
2281
5138
4912
0765
4000401112
4500002891
0000401116
2837
6179
617961746
8156
2328
83026302406082
16030102140100021
1826
5922
7126
450000470
cfccd
2769
4000401138
3127
50074
6674
4208
0843
1925
1819
0348
000144
5485454502
0000401189
450000633
0000031
10000170303002
87420
8150303001
3966
4327
3979001
2204
2972
3877
4476
78018060
fdadc
5584
5524
6793
005032
0000401134
6329
1809
1407
2691
5307
6874
6126
88018060
4501005
1759
ffffdfa
6511
6229
2789
2524
2578
7563
450000645
6175746
9055
9959
300358
48648
2877
4867
5877
6062
8600003306
92001
5799
5184
7184
5203
4500002876
62730
69632050
5806
1711
0292
affffeff
450000646
801810
3949
5421
6844
7864
7991
85010002
8010083
2738
5497
bbcff
0000401187
0097005082
0000401164
4429
00010000000000000361706
0170303058500000000000000
1402
8402
50473696
65101
5548
272720369746302636
9300003306
7462
4059
0448
5807
6892
7153
8827
8023
0000085
6184
6491
5641
0441
affffefb
801800202
7833
7467
8858
450000621
987500
6242435
0971
277924
2819
4694
4404
4927
5864
6107
9418
3411
1523
3511
aeadc
39455
6811
0987
0000380654
1933
ffffeaa
1501001
0414
08010056
1507
3818
5924
7871
7052
8078
450000837
30701
feeacd
4000401106
0000401115
71717
8963
bbaeadc
282833
1247656
1851
5407
58018015
6877
6402
7018
7914
9161
0338
1738
87424
7023
0000086
dbadc
6663
0000330622
0000401180
450000637
206676
2675
5148
00000020405640402080
1821
1891
2357
3158
5993
6427
7376
7826
bbeba
1529
8200003306
ffffebd
7528
80100092
7447
7186
5286
4000401115
40000450000
87416
000100030000000002636
000100010000000001
1360
5162
6468
9209
7729
9598
8010089
5521
7649
17030308
0469
0000401158
57303636
6851
4052
9176
70014
4928
7264
7248
0000000000000377777706676
74733206676
080100020
1461
6152
7427
8904
6788
7543
5131
0903
7931
000040005306
00356
801005862
5360
400037062
66510
0476
2502
2367
5154
5892
9878
bbdbc
34801
7643
0769
8018068
050100042
0892
1472
1973
2454
280100076
9473
9104
dffffee
0000065
8073
6043
8800002
2223
02910
5445
0941
0000401124
fcadc
3346
2058
1827
2694
2422
3867
3863
4472
5904
5261
7124
8863
5093
6259
2439
01216
3055
7807
8121
05000382010100
7133985
482958010015
0827
2944
4877
4843
4156
5157
6459
6127
7627
9695
8338
3298
2798
5739
5141
0000380676
5884
0000401147
902906
acadc
6672
3343
9467
077924
1894
2698
2772
7000002
8971
7216
5369
0000401169
5834
66756
7171
5363
0766
3450002
3694
5909
6413
6159
8478
8871
98018060
0538
80100065
0734
005037
2307
69008789
8014063
ffffba
3079
2511
7485454502
50110
4381
1981
9507
9319
3501001
0207
2398
5693
5248
6659
0166
69368
7245
0000401142
8010156
2171
7802
7904
7352
96022158010015
08010011
4963
4967
7039
7968
8908
840003806
34376337
6311
0000401186
2176
87403636
84501
00000000050040000
2813
4207
4807
4698
5914
5449
7829
3523
5581
6194
2291
0842
bbeaf
0000401111
6767706
4344
2258
00001703030025000000000000000
00973454597580
1852
2965
4127
5968
5268
6651
0539
80100452
80100097
026070
5612
005065
00358
ffffdaf
7324
9928
012389
676770687403636
1909
1449
2472
2867
2151
5165
5335
6824
6208
7909
7823
7348
bbada
8378
3408
9200003306
280000801100000
5713
cecec
6839
801005867
4423
370726
4348
9858
7673
4129
43889
2841
2824
4454
6801002
95010002
6887
0916
4500002873
0264
234988
6364
7338
0100699
1346
1922
9976
83001
8900003306
3718
6278
0215
3957
18018060
2708
2162
5209
677924
8849
9376
effffdb
2718
5615
13801003
6327
000003106
3038
eaadc
9318
000100010000000003
020201
4918
00000100000000000003777777
7487
0000406
5235
5291
4000800606
00351
1834
4153
0858
2407
5425
68018015
7693
bbbbb
9501005
44376337
0277
87434
7366
3150303001
8163
400053064
0466
1000003306
4467
5756
8829
03001
7778
9400003306
0281
0495
5896
0000401145
4000800605
4000401111
0000039
6302
ecadc
942006880
2114
3827
5454
6061
6331
3229
007002
4500002830
6163
0000401168
0000401114
3051
4053
2031
2956
9853
2474
2826
2121
577924
6656
0598
3378
0150303001
9099045000
0423
0919
1374
2466
4861
5474
6648
9107
920000801100000
6093
5539
5559
6882
68656
0000401133
0000401137
0000037
4853
3773
3967
450000280000400040067
602000062
2924
5698
5761
68018007
92601
0000082
7611
5682
5239
1931
6362
9329
97025
9698
4177
8899
6320075
402563
0907
0814
1893
3118
3000003306
4164
6602
80473696
bbcda
3400003306
120000801100000
6789
7488
0499
450000670
0831
0879
0222
0768
3864
316030100
7923
3548
0896
00499
616030300
06130
0948
0219
1332
5851
6349
7973
7276
917030300
00475
8043
87168
5541
5573
6781
2799
2229
0226
5439
7296
005011
4000401119
80000450001
1835
160303005502000051
0464
0408
38018060
4407
454000
1729
1600003306
ffffffb
94376337
2211
0411
1391
affffefd
6859
bdadc
2259
0001000100000000037777770
313233
0702
2854
2773
5804
5898
7222
8819
9814
bfadc
801030308
8308
87413
92402563
7491
ffffeab
4500002823
450000636
450000677
6000000
4172
0000038065
0949
1966
3876
4909
4826
5238
fffffda
3788
2538
5723
5199
4000401103
4000401107
4000401121
3347
9967
801800205
000100030000000002
4461
6618
7056
7413
7999
9862
bbcab
2100003306
0245
0227
6684
80052
0000401181
204054
000105
0927
24500005
2459
6454
7163
8108
9000002
1758
450005640
4137765
7511
5406
0715
bbeaa
6835
0000401176
1013
7831
3951
7038
1034
45010003
455561
2828
38018015
5921
8972
0000010
3501005
0000029
ddbeb
7188
6178
9058
5059
9338
3104
5313
7856
3258
460000801100000
6218
5749
2245
7189
0745
5396
0484
1399
3126
801005864
20000450000
90362
6375
4659
16030300280000000000000000
2450002
2152
4111
4163
517030300
9466
bbcde
0300003306
420000801100000
87419
5558
dfadc
1484
1939
0884
4500002872
47573746174696303636
626169647573746174696303636
1856
2276
5062
5967
3218
009758
7588
1989
0889
6321
17030305850
87411
902638
91501
edadc
33454594
2473
3708
4892
5802
6694
450000952
3200003306
0000091
5416
801001547
1382
00492
8018082
6833
4834
1207
2672
4943
6153
9871
cbadc
0000084
5594
7638
234541
5498
45000106
0000401159
2346
2809
45000562000040003211870
4331
1331
1322
3459
317030300
40001
7854
7129
fecfe
0985
0000117
0454
1904
1429
5171
6873
6343
7507
8826
8113
8300003306
0097172
80100474
0237
1481
4500002861
0000401121
78376337
9335
016060
1009
1338
0208
3844
5393
5409
6871
6464
450000956
6298
bcbbc
2581
7531
5296
0000401196
0000401146
901030307
9000000
7808
4347
5809
0418
1393
2909
7208
9398
0000062
1718
5579
9100003306
6886
20485
2835
18376337
2609
8000003806
2207
2214
4653
5813
5463
6848
4200003306
3318
3279
8700003306
80100190
5384
0486
0811
00490
68376337
affffece
6900716
40000450005
60048
5959
66605617661737403636
00001703030030000000000000000
0893
4477
6863
7653
8010079
fbadc
0289
0996
1986
affffeca
3128
0000038
5328
3854
5341
7393
98010056
9419
bffffdb
45000000000000
7486
7493
0782
0730
000004696
2278
6033
1328
20001
7806
880100076
2539
0722
59054
90701
44500058
7254
6359
51020
abceda
0776
18018007
2873
4398
5663
bbcfa
ffffbe
4600003306
0000090
54344
5228
434541
2807
4358
687474
801005865
0457
4039
5861
940003806
0000011
3300003306
2739
005027
6149
0781
00498
0000401199
0000401191
affffeac
00359
0000401126
7361
7173
5951
7422
0000170303401800000000000000
6561746865722
4894
58018060
5371
6828
ceadc
11466
2584
450001895
15590
2156
3114
5461
5507
7921
7913
9673
0000412
0000401194
6831
4000800607
01012
00350024
7423
2272
000100020004000408636
0866
0891
0852
08018060
1818
3861
3824
38010056
5166
6627
8109
80100001
8373
340000801100000
3673
3100003306
7138
4500002879
0000401184
fffffce
7263
1356
01271201
2167
4376
440003806
5404
5266
350000801100000
12401
ebadc
5721
0225
0492
61636
01008
2839
2339
7033
4332
7953
5257
3856
5694
7156
8166
dffffef
6501005
7728
37473
41301
5611
6812
134500037
7886
00491
80053
8153
7659
400037069
4964
5848
6113
6052
8973
88010200
bbbef
0216
17030309
80000474554202
6304
3702
1814
1404
2000002
34500005
5827
5123
7000003306
5501005
6748
91001
7579
4400003306
1493
0000380697
affffebb
6366
9309
8010109
00021037
3501800
0824
1976
3507
6069
6313
450000826
000143
8500003306
3700003306
0200003306
1400003306
0000401153
4356
4329
2326
4339
7272
2471
3814
5776
6418
9893
9863
cffffdb
0000036
bbcfb
ffffbf
6219
5518
6611
0716
0747
0886
4500002871
0000401163
00369
45630
9035
2553
18018015
2894
58010011
5702
9876
150000801100000
9500003306
4500002863
3005094
01226
5366
6707
6374
9000003806
020100020100305
7298470
2849
28018015
2979
2655
5908
5878
6111
019100
034541
9700003306
0816
4500002834
00357
01237
7031
4804
801239080
14030300010116030300280000000000000000
08018007
3908
48010056
5841
617030300
6899
8400040117
87428
24376337
0294
5181
7200003306
0794
5173
6609
801005869
0849
3113
3400040117
6066
6000003306
7824
002240
0000094
0481
03661
affffedf
7148
2819602
0000040117
1603030025100000212
0859
2127
3848
5457
450000832
3600003306
1200003306
eeadc
2501005
5719
9800003306
0845
80101002
883016060
1120618
baadc
3081883016060
11936783
28196020302
0276
1375
1914
2249
5854
5819
5346
5000003306
5129
680100076
7867
8977
9400040115
35601
8010032
0989
bbeca
80035
45000166
6177
7804
3956
03617069036
17420256
1349
240003806
2704
38018007
4891
4966
4000003306
5913
7818
450000962
450000835
97961686
35010002
011057
708000
ffffedf
4500002892
7323
0000170303013
06010505070101042
0848
28018060
3852
3819
4118
4393
5829
88018007
8698
98018015
030000801100000
0500003306
050000801100000
1700003306
330000801100000
3500003306
370000801100000
eecea
2800003306
450000535
7000000
66964656
334548
777647
6577730473696
0413
1361
2351
2851
3872
cfcda
5200003306
0000401150
6326
2838
6308
3059
3778
63183
bbbbcf
45000109
410200013
0918
1829
1422
1398
2859
4123
5999
7922
45000049
000100002112
440000801100000
affffaf
5226
4500002812
1333
0000380671
36945
1864
2426
4414
48010001
7118
7848
8873
5381
1847
45000115
5000000
00000000500400009
0000038068
16030300410200003
1841
1867
1372
2874
4400040117
48010200
cdadc
82152
ffffeeb
3012301
5738
5294
5887
4308
1838
9121
0001108700005
1400040117
340003806
834541
693108
650000801100000
5519
1438
5489
4300003306
0727
31741
0836
9926
2957
2650450002
0601050507010104283026
0428
2400040115
7851
7858
950000801100000
00701
14376337
0731
0939
450000650
0000401108
801800204
4858
1321
61077
7149
0473
0707
1948
2848
2000003306
7993
ffadc
0000019
9600003306
5531
240000801100000
0485454502
00497
0000380670
80100639
0097005085
58376337
4355
7654
095470
45000102
000100000000000005696
000040003211
0856
0908
2843
48018060
58010056
5772
6348
740003806
9979
9879
450000965
12766
7194
3178
50045
7443412
801800206
0944
0400040117
140003806
3693
3928
5276
6400040117
9844
0000050
bbcbf
5488
3121
3124
73656
4051
3709
faadc
0000038062
1994
5118
9124
450000954
450005646
620050
4100003306
210000801100000
5639
7100003306
801001542
0000232
8010178
50051
3157
1703030025
80100012
72670000010001
584415
0472
1473
2864
2844
3888
5626
5304
87423
1239
2200003306
1439
5386
2177
dcace
801005861
2349950
affffdad
4855
24500058
7223
7574756265656
1052
2652
2314
2361
5613
80890
bbbee
bbdbf
0000045
6700003306
004006
4500002868
4500002843
801005860
45280
6573736
00010009
0804
6771
2673
00700200006
0807
3166
5158
5155
5824
88010056
9158
9164
0100003306
3029
31001
00493
4000401104
60000708000
3509
0160303005
2977
2400040117
4971
4471
5161
5768
7141
7300003306
0445
1300003306
23041830
80180001
4463
4333
4500003400004000300694
0102020101305
7171766964656
23041830450000
1379
2428
2921
4824
7313
7400040117
634541
005035
3129
880737
5837
2038
7959
4823
5032
5347
80376337
89801
2400003306
5224
4941
80100663
3179
7251
7602
6339
4501800
0471
1967
2904
2948
4994
6973
6426
0000074
912906
0994
7674
0000040116
009745934021
2692
5879
7164
9874
0000337
450000966
cfadc
620000801100000
affffdaa
6500057
2679
1921
217030300
5708
5039
58018007
6056
efadc
360000801100000
affffaa
0000330699
0000380643
3171
801800201
350100083
0419
1888
6879
6804
8479
9450002
9108
cffffa
450000951
2228
4900003306
0000380607
0800003306
ffffedd
bbacb
40376337
000004006
6963205072696
4166
9478
bffffef
45001
03122478
31383
91901
2638
250000801100000
005084
01106
4000000
501004000
7363
0170303001
801000777
1807
4649460001450005
1871
2914
7122
40007506
0528
320000801100000
87288
7800003306
0000227
6363
48501
3779
99617
7259
341346
1968010007
501004002
040003806
1347
2774
3828
5859
5035
6843
4700003306
95458
2600003306
1988
0000246
3005098
6367
4654
0501001
00010000000000000377777710676
1502
5069
6978
6423
978490
7700003306
0000023
918010007
2663
230000801100000
affffcc
1488
6166
450000631
45083
0000040115
00010002000000000377777710676
0429
117030300
21703030
2039
5929
540003806
94500005
450000827
0000316
7198
0446
affffecc
0000401118
0826
08018015
0600003306
9600002
000159
670000801100000
5300003306
7939
801005866
473057961686
1952
5674
459341190
1859
2923
4948
4949
5918
5643
640003806
6449
501017
5100003306
5316
0439
bbcbb
3005091
6309
00004000351189
0101040201030307
616465642
0819
68010011
7898
450000957
77701
5438
8127
7556
42496
801800200
558087168
44500005
4876
6422
717030300
980100076
00472
770000801100000
0570035
7400003306
02658
98001
4800003306
5293
5388
0447
bbebe
2832
6509
10000450000
61727
4353
1603030039020000350303
30123010060
2967
3921
4161
8473
0000067
bbabc
bbcac
238010015
02000039
0744
450001892
80180122
6018
1833
6774
1058
8501001
1828
1471
1879
4158
4944
4898
6400040115
7450002
bbebf
060000801100000
45000165
affffefa
401030308
90784
65720
93501
4033
4038
0923
14500005
1848
2801007
5614
450000471
47288
658010015
260000801100000
affffdba
0714
5312
1388
632008
010003
92728
009734542
ffafba
0427
1454
2419
4848
5164
64500005
6037
7398
effffef
908010007
77706
9900003306
2618
134541
80180637
0000401190
9339
6031
750014
501004006
0853
1923
2164
2928
4908
5159
5343
7418
7443
450000676
87418
0000083
7500003306
220000801100000
6600003306
5382
93288
450000629
801800203
2122
4866
4699
5156
7458
8828
9400040117
80170303
750100021
6800003306
09604
005006
0000201
0097005092
0000401173
601030307
70000450000
2464
1329
080100076
5618
7108
7948
8978
bbcfe
bbadd
bbcbc
450000655
5900003306
0984
0000233
4500002864
4500002894
0000035
012111
20376337
3707
4176
1354
160303006602000062
005626169647503636
34593404
6108
6424
6344
aeced
56301
50100024
47290
38201
00010000000000000567726170680866616365626
00010003000000000567726170680866616365626
2474554202
2458
3859
45000031
450000472
62971
5588
5400003306
801001546
bbdce
000040003706
3005087
701030307
30000474554202
affffdbe
4354
2033
14500058
4179
1209
5958
7461637473
746163747305736
0000059
270000801100000
28001
0735
0900003306
0434
4500002849
0000532
50100036
7275
0444
1344
3813
6803
1500003306
91801
0784
0767
0700003306
801001544
0400003306
1019
000100080001
4364
2958
0100000100000000000003777777
00021084000032
0400040115
5400040117
6823
170000801100000
005028
005004
0000401141
8018005
000100080000
0000008
0254
1823
6893
7213
8859
00376337
45000201
2500003306
7600003306
0798
0988
0000380635
5839
9150303001
14664
2359
7229
501100
3998
5873
5108
8164
45501
2700003306
25010002
140000801100000
0788
4500002819
7679
1357
1862
1844
2414
28010001
3858
5423
6979
6051
845000042
03020
903640
4328
0000038060
024140
0773
1849
5413
5994
5923
68018060
6654
7944
45000218
5598
5728
0793
6323
0000505
656170
0832
24601
33216
3508
501101
0000400034118
0449
417030300
5649
817030300
80100495
6200003306
5523
2833
1000000
4593570
736166
1802
7353
7034
1953
7051
737461677
7374616772616
5466
9849
450000976
6100003306
7900003306
bbafd
87431
1208
0000380679
63901
18010016
1944
5426
7949
8854
9829
450000830
005042
90100000101080
7803636
1808
54500058
2552
6772
2254
0229
1926
2108
445000042
5427
5344
5163
5249
5508
2138
5700003306
640000801100000
51801
adadbc
5053
4321
4809
7058
0001000500000000016
3878
4904
4878
7971
7918
450005642
74376337
5198
45000186
50100023
0001109000001
4352
1324
45800034
2266
3208
4913
5124
5000002
7501005
430000801100000
005031
4500002808
0000401113
010750
7178
5052
4462
00001703030033
945727
2653
7000001
71703030
9474554202
00775
45000342
65010002
801001543
ffffede
4000401120
450000532
201030307
65742
868849
872450005
1918
1801002
2119
4473
7843
00477
6500003306
001030308
801802020
000040003
7328
801000771
50240
4324
5758
450800347
374617469632
972984898010007
0426
1813
2118
301030308
22000
64313
0746
0488
1389
8018018
bbaacf
450000280000400040066
000100000000000004777061640000010001
0213
5332
5998
6063
6693
6878
7979
7698
450000476
6900003306
8700002
87429
610000801100000
0739
0437
0000401100
942008880
0833
2670300
45000108
017030300
0462
1913
1400040115
4813
4828
5213
7929
7408
99001
750000801100000
affffeea
710000801100000
60000450000
7956
145000042
7819
9100002
740000801100000
5298
734541
0000380636
2953
0752
0474554202
545000042
7444
8693
98018007
4501006
87901
0228
0000224
bbdbb
8000017030301
0000003806
5956
1038
45000107
4500056200004000341182
4998
5424
5374
5766
97288
550000801100000
00003207
040010
00350035
160303013
90000450005
4375
0000038066
0756
2153
6453
6643
6053
7994
00000801
5500003306
76054
79801
affffeaa
2959
2658
0001000500000000027
2461
2248
5773
5858
9908
9978
00470
bbcdc
450000972
830000801100000
8100002
64376337
450000533
0000401123
7837
38401
0000038063
656943
73746174696
34548606
16030301410200013
0209
2371
4849
5264
6118
6448
bffffa
450000452
cfcdd
660000801100000
0986
0000401193
0000380684
4500002846
70696
6128
000080116
909904500034
2961
4978
4400040115
5843
5348
5000038069
6158
7859
bffffdf
adbacd
cfceb
760000801100000
0000485
0000495
1800003306
90000474554202
6171
4349
5358
000017030304
461676
0218
1474554202
1426
1413
2876
5331
6898
00972433
31801
4800002
720000801100000
1900003306
0000401110
0000034
ecfed
6501800
282833801003
1450000345
1424
2363
4979
7449
00770
46401
0050930
450000534
900501
7803
1462
2352
2509
0000400040115
00682112
15101
47936
302717103636
8010094
0000092
501015
4500002878
affffedc
450802
801000775
07677
38000100682112
9818
9819
22006
6300003306
74686
2051
0958
010000010000000000000269
3119
51703030
450000478
490000801100000
63030000
5391
4000800692
8010189
450000434
6852
18010017
28010011
3999
6209
0000477
bbafb
03551
45000217
94054
0723
040001
5800003306
0000401140
7378
1353
5709
726566
1873
1458
3918
5458
5126
6818
7343
801001541
0000380688
8010138
40000474554202
50052
1956
54561
5308
0424
0400040112
5778
450000475
480000801100000
290000801100000
530000801100000
0493
790000801100000
0000240
0000401131
4500002869
61756
455420
4374
16030300461000004241045
0899
11703030
1400040112
3866
3923
5444
9859
0000069
00201
3578575
801000778
1463
7355
2322
7551
0258
76701
16030300461000004241047
57706
707500
045000042
1478
28010056
3400040115
5400040115
0000064
00054
450000977
8501006
5600003306
680000801100000
7265736
16030300700200006
4508011
690084
50250
0001108900005
0713
21703030585
48010017
4938
5654
88010011
bbcaa
33030
74306
00003204
630000801100000
780000801100000
0000401144
82137
50100806
2338
6607
20485454
1448
2978
6813
6699
000016030300510200004
1703032
0000203
450000641
3176
6174636
801000773
000534
6613
02000046030359450005
200505
5471
7400040115
7938
45018002
90804
0000073
520000801100000
730000801100000
45000169
66701
6856
2556
0001108700002
470733
0001108800005
1979
2126
4121
5863
450000657
5788
23170
54376337
510000801100000
180000801100000
5833
801000774
cdfde
70376337
7608
05010003
45000038000040003311
695369676
6649
6059
7943
9973
97701
65036
feada
41401
affffebd
190000801100000
4000800602
000102
1012
4338
7249
1414
18010011
4829
5113
74500005
7400040112
7238
8000001
9119
00302
450000654
540000801100000
6857
6858
8879
1954
91601
00350033
323032
838922
024040
0823
5428
6443
effffdd
010000801100000
0963
590000801100000
09333630627579696
130000801100000
0000401130
20000450005
368450005
5361
7335
2951
10376337
5031
0000000004706
0000170303401800000000000001
28018007
00010006
8011008
501016
0728
070000801100000
080000801100000
4500002839
800501
160303011
0000401179
69008889
056998
4171
6379
7554
7555
025838922
7604
5274
5771
5418
61703030
00003202
00101002
580000801100000
0000401119
38074
3452942
5832
7331
024670
16030300540200005003
4119
516030300
500506
8158
501000210
2900003306
450000537
4923
7359
7278
1957
02501
501013
acbcdbe
0001000000000000056
000001703034018
475726
0110559
1366
2866
7468756
0274
7678
4501001
0000004011
89550100094
18010056
300000801100000
4818
5919
69765158
000124
020000801100000
090000801100000
801001545
450000531
010008
454868
2035
28201
2771
4568002
0743
1453
3879
5828
6419
900000801100000
450000834
affffeba
560000801100000
80180124
38342
73733
5952
4922
6777
2624
63169
0800060050
0001108800002
154563030000
154563030000000534
100000801100000
2853
3993
4999
400000801100000
500000801100000
5509
800000801100000
9208
570000801100000
690070
43501
801000772
4378
4464
16030300461000004241042
766696
02101
02201
0501800
0001108800001
65010003
700000801100000
8161
0000456
450000643
0000087
0000075
534541
0438
4359
2052
4580002
7553
5621
0914
0778
3167
4474554202
645000042
dffffa
00476
4500008011000083
37288
0000330669
0000330668
bbace
0000133
45081
4362
4929
7607
423010
2378
0001108800007
000001000000000000036
200000801100000
0000400040110
40007106
450000656
0000070
0239
040000801100000
4500002803
0000401178
1837
656164736
57276696365730
48018007
600000801100000
9450004
801102
69201
aaada
005008
450000639
8010114
4000002
5208
7304
0000013
8500002
80055
80100597
50000450000
7364
ddcff
2313
5379
6653
700506
004000
005018
000504
34401
34443
0000072
0000383
09617
bbbfc
8018090
4500002893
450000530
05686
91221
2625
16030300461000004241049
450000675
45000105
2209
4819
6119
945000042
450000831
8200002
ffffffa
0000401149
4000800601
901906
4000401108
801800209
ccead
6356
5757
39706
54040
352561
7473657276696365730
0238
1304
1444
345000042
3823
3801007
5648
6826
00046
8400002
0000028
99054
39383
51009
801001540
005034
450000536
101030307
30000450001
6375730
7952
245000042
4000038069
0000055
8010097
85901
6400003306
0000647
000000380
423010402080
63757302636
0873
1000038069
2966
7128
06301
0000330696
53111
0000380637
40000450001
4921
72720
2678
0000033061
850100046
1603010214010002100303
0450000345
2400040112
2000038067
3843
3994
bbdfb
06035504
450000970
450000971
450000975
10450000280000
ffffdee
72001
0000330697
005066
65646
801000776
63398
475636
65777302717103636
5419
6000038067
450000477
208010015
39054
80180176
801000770
4363
5957
7273
2671
0000040119
5219
91703030
00474
ffccc
450000825
ffffeed
3600050
6500002
9200002
bbecf
0000401139
450001894
3452805
2674
94700
1929
2973
78018007
dffffdd
bbebc
450000300
0249
0000033060
0000040118
1878
2413
31703030
6000038069
88010001
00471
450000967
8010045
67431
005025
bbedf
0000401120
45000139
450000950
1703030044
6338
0000017030301
0828
745000042
0981
000000000000004500007
80100596
0754
29901
0000040110
6801007
7928
03010200010001
82010
005030
ffffebe
8010175
406082
74500058
7258
5253
009700352
59901
454250
35658010007
1371
2364
3000038067
4000003
4973
5400040112
0000452
00972645
94801
57457
bbbcad
4500002828
170303052
6855
801000779
7037
16030300461000004241048
5671
54401
00021038000032
04500005
1427
1943
4000038067
81703030585
8000038067
8010278
05761
ffffdef
0000380659
0000401188
ffffddf
affffdaf
7552
62237
345486060
32303137365
61727920
076773746174696303636
0761
2373
2926
2374
240005206
3698
4126
5801007
96501
affffae
66013
005007
8010143
1464
7257
5278
450005620000400033118439
23987501
1801007
2400040116
5000038067
5218
7699
000501
6900002
82820
60701
71801
170303034
0000400052
1803
70036
4926
7557
1958
5675
5229
0001108700004
6106616
6160303005
0001000000000000047770616400001
0223
1854
3948
7879
00251
646967
7203636
450000817
20000474554202
90001000000010
2356
5808
0001000300000000016
3454287
1726472
0803
1000038067
8823
400051
450000450
450000961
bcfffff
0000330656
0711
08376337
595002
30740201
314668
0801007
41703030
54500005
5349
7801007
45000033
83288
005075
024520
90000450001
6900706
0000524
30000450005
2037
7279
2608
0251
16030300461000004241044
7244
5624
0001108700007
0772
645000
450000822
05033
00010001000
affffdbd
30601
010116030300280000000000000000
5353
6319
6604
8010022
13601
801002024
47528010007
545619501000
0458
1858
2818
2879
61703030585
9163
9400040112
0000016030100
864501000
51901
01250
475450005
802000144
7253
21440
0000000003696
0000040112
802000144030359450005
1908
7000038067
0000405
4500002833
affffedd
29501
0943
2778
0000057
45000583
26104
76617
22001
450000816
0000401198
45000163
4000800604
6769737
1804
5955
0253
69968010007
60001194000
140005206
8474554202
450000833
90696
0000283
3456005
50100089
6675
1703030020
187238
80110076
1428
7888
9000038067
00365
06814
45000050
47377
0000380609
80051
0000380682
4000401114
170303013
02432
10036
7625
6354
1352
2252
5309
000017030305906
0973
1699
1419
2908
5464
98010011
9501800
501004007
0100000100000000000003696
32530501000
657365617263680
6573656172636803636
5398
8400040115
dffffc
450107
33288
72672
73666
7558
16030300461000004241041
6608
2823
4408
6819
ffffffc
005040
0000217
450001890
70000474554202
87438
5038
5178
5010117
71687
0170303002
72656361726472
726563617264726573656172636803636
040005206
1964
2929
440005206
7170303058500000000000000
bbafa
450000451
02607
005057
450001897
0000380642
0000020405500402080
10000474554202
2551
5625
009700358
2263
0001108700001
626561636
1603030046020000420303
1993
3400040116
48010016
4419
effffdf
45000457
75301
0721
dadbe
31501
64500058
7951
7053
009700356
4500002800004000400696
116030300
2000003
2213
2709
4803
4400040112
5153
9113
850100021
86601
91850
170303037
005067
8018085
0000147
0160303004610000042410
6709
7426
7271
1955
5359
5753
1363
340005206
3400040112
bffffdd
69016
47100
80100488
5501006
449770
0738
04376337
907010
91222
04500058
16030300461000004241040
53110
7302636
6963657
3913
5474554202
617030302
84500005
97812
45000575
776569626
1703030100
4500002888
0000380683
affffddf
4341
6704
2462
58501
0001109300005
000100020000000007616
470726
450000340000400033063
726573697
0453
11301
0000494
801001548
0000189
801005863
864036
7179
7252
0279
374696
018066
009700351
4801814
21173636
000000000000000000000000450005
6623
801002020
affffeec
501030307
00101
40170303
0000533
4500004208
46765
7424
40301
2253
6034
2128
400060021597169305467773743586859
67697374726
1409
5699
6400040116
716030300
81703030
06450000
12301
9501006
00020405
801001549
040050
0953
2622
170303023000000000000000
1479
2424
4893
4413
5408
6170303058500000000000000
9400040116
45015
1501006
9300002
6600000
519964
0000380603
44255
4128
19601
2779
005514
6465782
1400040116
2000038069
5479
5326
9801007
cffffea
dffffdf
efffffd
20901
00780
54901
0000515
945859
2251
41201
4863
7400040116
816030300
990050
0000420
0000401143
942009
74762
01000001000000000000037777770
00010000000100000
8400040116
00367
450000651
ddaab
9800002
170303035
005064
450001893
affffeab
63659
969450002
2955
07790
60376337
7509
005012
057788
01271204
454250456005
2408
2949
316030300
0000239
bbdff
bbdae
4500002865
0000192
5364
4371
4379
4150303001
7958
0001108700006
2319
3170303058500000000000000
3000038069
4888
89765018
940005206
dffffde
bbdcb
6200002
6100002
170303038
28375
027117
64097265
1323
0001108900002
72720470726
11703030585
3943
5478
6479
840005206
8801007
801108
4600002
011008
4000800600
0000514
5051
5033
95010008
9000700000001
7119
8000038069
450000801
450000824
85814450
84801
0000403
0000433
790697
801800208
780300
00006002
670473696
5752
009700357
80101073
801002026
6001932616365333032333
2303406082
0888
9000038069
cffffdd
005055
4000401100
63288
1501800
00000100000000000003777777076773746174696303636
0979
1364
38010008
540005206
745000
0000497
005053
454594
9373007
1327
1053
2898
5888
6058
8801002
bbcad
03288
450000474
ffffdec
84301
0000071
0000801145
450000638
0261
50000474554202
6500043
73288
16030300461000004241046
009700355
80101021
640005206
9000001
450000649
450000648
9700002
913906
49322
0000281
10000450005
93401
90400010054
6779
5176
0400040116
1949
216030300
7000038069
8600002
090005
bbacc
50100917
6778
6408
2257
52242
1508
45000562000040003311845
397650186
0878
0704
1000002
4801007
80000000050040000
0000301
27901
8011006
6465636
004002
44242
7379706
14669
4209
2321
16030300461000004241043
2264
0001109200002
0000040111
000100030000000005696
0669090
000100010000000003777777076773746174696303636
7209
00312
0000060
69643
77288
affffeee
8018093
2349630
05639
7243
1051
54555
63401
52447290
bbbecf
00001703030170
801002029
2379
2243
916030300
9843
0000470
17288
0000088
91801003
6800002
0000401138
0000142
901030308
450000660
50376337
6320081
801002025
0034000040002
7370726566
3303020485454
73797063303020485454
737072656665723
6429
01910
0000450004
bbdba
defffff
502717103636
0097481
0000380658
0000267
4000800608
942008980
5254
5150303001
450000674
6501001
859723
29765018
5443
bffffea
870050
47078
5545010003
27288
0000317
6463
1928
2218
3899
5818
5128
00360
50801000
81968
73708
6561737
397280598010007
0001108600005
0001108600007
801239085
73016
2479
74500003
0000401129
3773007
4000401177
5622
009700353
5608
0001108900007
7501800
2366
580100076
9450000345
4500052
55010002
2800002
0000415
0965
affffede
6678
1703030034
25501
0273
501004001
6264696
1843
1853
7978
740005206
8400040112
32501
00974266
0000380638
38340
2602
5352
5751
673109333630627579696
743061650
0929
1443
3000002
6698
bbfffff
3501006
0000395
71466
0962
4500002858
0000401148
58501000
5673
009700354
1319
0000174
450100021
03706
0097672
8010048
51301
70000450001
0271
0959
7671
801239086
1899
1898
0000474
15866
628010007
55801
440572
22558087168
710050
0800002
4500002848
00000327
50000450005
affffdff
45491
4372
5252
2129
1308
080006005081
3209
5373
5400040116
7998
7456005
77696
2300002
0000801147
49340
90170303
44275
026419
88201
5263
0001108900004
8900002
11101
ebfffff
45000167
dcaaa
2353
7309
801239083
100010060
2654
4400040116
78018015
effffa
0000155
450000973
cefffff
7800002
10000450001
400501
5362
727864036
2279
1059
0001108900001
8501800
467767431
7991609841
97650202
1919
450000974
65016
0000097
0000330634
000203
53001
0479
0938
19765018
2163
49765018
945000
00473
000112
80100400
0000481
0000330639
0001108600001
345422300
20100020100305
450000020405
4677674310363
2863
416030300
ffdeb
83301
33455
80100070
61466
0000469
0000498
73801
201030308
5367
5259
2244
38010063
5000003
00361
12601
0000801142
4000800697
4500004204
00010007
0000033066
6320074
5609
572766963657303636
01271202
9099045000348
656164736572766963657303636
00776
0000078
bcbbca
00700
09605
3005080
4500002842
1951
452800280000
00362
0000066
6501006
7700002
30101002
affffdce
4500002850
90700000101080
ffffddc
facff
32645
5321
13901
9999406
26473746174696303636
163110
ffffdcb
11901
25896
0000387
801005868
458005
7308
801802025
040403020
0900050072
040403020780300
4919
5801002
bfffffd
0000170303001
0000442
0000330685
bbcca
000107
44262
7430616504677674310363
0758
1978
1938
100050
2423
3000040117
6000040117
00777
0000363
45010111
450000960
0966
005051
80080
60000474554202
5704
49601
01271207
71776561746865722
821370392
0719
06978
cfced
abfffff
666967
4000401110
ccdda
174696
160303014802000144030359450005
5000040117
03501
450005762
7900002
bbbfe
adadbe
10170303
60000450005
6808
5143
00101040201030307
741486
0813
0801002
08010063
4170303058500000000000000
4418
7828
0600002
96201
addcd
8011012
44401
38801
0000330658
04002
5010009
0272
0753
056274726
0000400035068
29765158
2508
83201
77501
676574
76401
0000247
45000135
90101002
450000667
5177
6809
801239082
00000400033118
16030300640200006003
0978
2000040117
3978
450000964
005076
45000113
40101080
1339
5658
400053065
0001000900000000027
0928
2418
59765018
bffffdc
3302636
ffffeec
0700002
3005090
0100042
86270
00771
5764
450000671
2349620
0066159
000100010000000006676
0000450000280000400040062
6400040112
00478
450000953
dcbec
67622
dafffff
57068
4500002816
9000017030301
bbfac
20000450001
5179
6129
5759
0001000100000000036
5619
050100021
15010111
67288
94006
fafffff
7403636
48155
005033
ffffeae
2275
0000000000000007
0001108800003
6572695369676
30363010060
2858
8010049
7501006
affffdae
5271
400056065
0000040113
69765018
00772
65701
450001891
450000664
eaddc
0993
2621
01271205
160303006602000062030359
18010063
450000980
16801
40701
84001
000008000000
30170303
024240
66801
54001
0000330618
0000380614
0000298
4500002818
14667
5258
009700359
45000104
0001000200000000027
2304183016801
7000003
99765018
9456005
45400034
bbdbd
450000473
00603
82401
bbdfe
4500002810
0000141
0001109000002
903240
affffdac
58380
31601
6629
0001109300002
0001109200004
0000310667
0001108800004
66696705736
3898
84500003
88010063
005070
44054
64901
affffdcb
00400000101080
dcabc
7175616
0001109200007
0001108800006
0001000000000000037777770866616365626
1603030055020000510303
04500003
51703030585
15010002
9400002
3173497
61782
0800060
5763
0001108700003
501004005
00021037000032
09765018
38010016
90000000000000000
400025
450005648
000120
47401
00000204054
011388
02937
40121
900500
97472616
dabdaf
4879
4000040117
7000040117
98010063
42101
bcbbcb
0000430
009700509634
86150
0000033067
6624
45280570
80110154
345459750
817030302
4200002
4500059
1500002
9900002
0000801117
1800002
45900000101080
44277
450000412
63601
01245
50100945
865010007
400052066
43288
0000040114
2938
28010063
ffdea
450000807
ffffdca
52801
43801
0000380600
4500002817
600501
5707
68746
801002021
2999
440003706
850100559
170303032
53054
3005099
20000004
450000985
50000450001
000506
1359
5604
0001108700000
0001000200000000086163636
801802024
0000016030300
2623
2878
64500003
450000821
009797652
9500002
0000093
00003209
80180665
0000380605
0000380634
affffebe
44232
00000324
23288
2354
04101
50101002
7143
01271203
08010200
1000003
79765018
840050
2501006
eafffff
011055
6400002
0961
0000380627
61643
8010135
70170303
91283
37320485454502
63301
46901
450000673
801239089
1000040117
780103828
0000336
0097342
0000801112
20200000101080
45000221
974696
5754
68616
0001109300007
130333502
1000001
0000364
aaffc
0000385
0967
04696
450000411
310773696
2274
518002
0001108600002
45000034000040003606
802000044
1999
300506
45701
474616
3800002
005063
bbcbe
883813
0001109400007
345459820
6996330070
801104
1700002
42435
000125
adfffff
bdfffff
80180201
80081
4500002815
0000169
40101002
027116
55010009
1343
8000040117
06683
801817
005077
005049
02901
005005
005003
80084
61646
0000144
50100022
3000017030301
98301
2463
907040
572696
0001108600006
450002237
801239087
873671
78010063
740003706
10880
4700002
2700002
4400002
4500002885
4010303
8000005
33700000101080
70000450005
50053
6038
29101
801002027
502205
117030302
1000038065
5429
94500003
dffffea
31401
bbedd
0000140
40039
79901
0001108600004
3000040115
87701
ddfffff
0900002
8056662
60170303
0839
47465636
0272750000010001
5329
0000033064
5774
730479696
740473696
8010313
348598
180100082
00023
80301
8773007
3600002
6700002
80100094
0000432
66001
0000330664
bbdfd
0000196
45000562000040002
44236
60000450001
82072
0956
1509
30190603550403131247656
58010063
45000000101080
dedcd
0001595
4773007
501014
54331
0000330666
20400000101080
4000800609
ffeae
0000401128
9026363
6174650
30044
5018005
902636305736
245000
2409
78010001
00479
00040
06401
1600002
ccfffff
0000089
acfffff
14659
8018067
80082
4500002880
106676
43484
0998
bbafbddc
5000040115
80865
973485248010007
877906
1645000034
02452
4500002847
ffefe
00970050873671
00000325
73201
454005
0000380675
510065
000100020000000002636
801002022
4502000041
65730473696
1423
24500003
80100000101080
1200002
12901
92201
90695
00000400032
00700000101080
5200002
005061
17030305859
1703030199
234962
458001
0275
5275
0001109400005
976502020
5000001
9000040117
17073
ffffdcd
ffffdbc
353936
374726
011063
501018
0000330688
0000241
45000162
34500010
37701
ddbfd
1150303001
170303002800000000000000
0809
09501
000100000000000005622
000100030000000005622
0000000000000000000000000000000000000000000000000000000000000000
787303636
1863
2000001
20000000050040000
78010006
9170303058500000000000000
0000171
801109
3500002
44001
57288
affffdcd
00317
fcead
68501
dbcbe
0000008011000083
41701
80100178
000100010001
0001108900006
01271200
1170303058500000000000000
1408
545000
0000476
0000493
66301
00003208
2000017030301
0837
37370
99601
2150303001
0001109200005
0001000100040004
2699
4000001
54500003
60000485454502
0000156
000130
55533
690085
4000801197
0763
801239084
801802027
3459340229
5130333502
450000380000400035118
2318
74657
71450002
004005
450000539
20101002
20200
20601
829801
1467
01300234
36013705
00571686
35393601300234
3601370532303
353936013002343601370532303
14500003
2170303058500000000000000
517030302
92020
67980
61301
170303039
180050
80101405
840860018010007
1358
4000401176
009734543
2450004
00368
450000963
83101
9773007
65627
46301
91301
edfec
30050863
0000184
ffedc
0097005080
67726
7059
0751
0001109400002
2349610
637205736
045000
1698
79916
cffffde
0000049
0200013
0000801146
0000330600
0000330665
90501
05070
00021036
2349870
801002023
00010006000000000
0718
1318
200500
bbadb
40005
0501006
1100002
25709
76301
affffba
450000665
746167
0957
0771
5323
6102636
0001108700008
0001108700009
36502717103636
6450000345
000507
90948
0000330659
0000380681
0000510
4000801106
3120323030450001
12792188010015
0951
7150303001
0759
400056066
0001000200000000047
94053528010015
736563757
0463
20000000000000000
2000038065
5000038065
450000480000
82801
2880100087
571686
0000380608
0000145
ffede
10621
7000017030301
935332
0757
0001109100004
017030302
368581445
3000040116
48010063
4000040115
00001603030106100001020100
00027
12932
bcbbcc
0000330651
0000380689
40117
80528
900906
970879
0952
3333935332
345000
00600000101080
4500057
3100002
ddaec
61989
6600002
68801
30050851
80500000101080
4000017030301
000034060
0001109500005
05098010007
801002028
000000000377777706
4500003400004000310667
10000485454502
2000040116
98010012
0000361
450000666
450000659
89901
3145000034
005046
0000380613
0000130
00000326
00000322
450000400
501000214
5327
39401
60601
18613
801802022
45000036000040003311
60000000000000000
6000040115
940003706
00773
0000424
87801
41466
0000311
004007
80180639
8010101
69600000101080
10101002
7373007
30057
5251
5501800
4702000143
757475626503636
74733106676
00581555
4702000143030359450005
2000040115
840003706
45007
96054
005024
0000386
632765
97600000101080
4000801195
44701
066909
0000870
450000413
000139
000138
0000330684
701030308
17030305858
50100861
84200000101080
400053060
797065036
9875006
009745934022
70000485454502
97101
cdfffff
aafffff
65010111
27210
4100002
0000330635
0000286
80100651
88501
5679
5223
801802021
009734548641
30000485454502
417030302
5000033065
68010063
45000341
2500002
2200002
700003106
1703030818
200501
7274730
0774
510064
7430316
899386780100079
000100010004000404706
5000040116
450000479
05666
150100559
80100401
64001
0000312
00515
80180166
82100000101080
44267
45084
5272
28756
0001109100007
801239088
3000038065
4000040116
7000040115
00364
450000806
005021
748010003
0000193
4012105
801802028
913528
6580100175
340003706
44500003
6000038065
dcfffff
4900002
69100000101080
80180087
10101
450000986
5010020
0999
bbaacc
0001108800008
01271206
40000000000000000
400503
640003706
03201
010202301
15901
350100559
45000034425
06564
0000380680
299875
0001109600005
870696
040003706
1000040115
445000
9000033065
00003606
05967
36007
65301
80100186
0000099
fcfffff
005045
0000330617
6300002
2900002
1703030043
09547
00774
2501001
801802026
69766503636
10000000000000000
917030302
0000266
000450005
06201
05010111
34901
00665
00200000101080
12668
005079
801000417
4300002
4500002840
0000135
01281
727405
382010
5629
412780
450000678
38010017
540003706
3300002
45000034000040004006
67313
02936
66002
4500002838
4500002845
fcedc
72616
5010136
942006780
4500000000000000
adcac
affffdfc
63001
06500000101080
4000800695
01290
aebdf
14668
02756
6622
801802023
17373706
240003706
34500003
4000038065
cffffdf
0000068
0000157
450000653
83701
2045000034
77801003
89502
fdfffff
57201
20203
17030305855
13288
31101
5378
3801002
7801002
7000040116
06326
450005643
86201
abfef
dbfffff
25901
49870
4500002800
0000105
fffffae
5018004
11660
6372617
00973454868
0000038061
750010
870617373706
805666263646
63726173686
dfffffd
0000404
0000249
85701
47054
3700002
81001
8011000
0000492
52001
87020
80056
92496
801801542
0808
50180042
010000010000000000000377777706
14500004
317030302
6000040116
70000000000000000
00467
0000472
450000823
82501
25201
05700000101080
0000380666
53052
005068
ffffeaf
40100000101080
0097005090
0097005098
65737
468656
18201
0001109100005
87328010015
4000801107
009768581445
00363
80183
3373007
000160
ecfffff
758010015
0050928
7100002
1900002
58426
8018043
03600000101080
4500002811
601030308
adadab
94500010
0001000500000000066
4500056200004000341183
050030
afffffee
51466
8000017030300
afffffca
501811
85680
2271
9801039
2450000341
4000033065
bffffde
0000478
ffcce
17001
1680100079
cbfffff
11152
28460
3900002
02696
0000801115
0000390
20469
86200
bbcebb
64500010
0001108800000
003082010
1000040116
217030302
effffde
34383
17008
33117
88000
edfffff
501406
0001109500004
065726
06627472616
4676505736
0000063
0500002
00783
0000334
38001
6160303004610000042410
0000106
000503
0001108900000
350103
000001000000000000027
1603030066100000626104
8000040115
0000459
32401
cbdeb
00000000057
0000330607
0000380668
005009
0000297
80075
30050930
9000017030300
67697
70057
0729
000100030000000006
00302010
450000805
0060155
908010015
7500002
450000815
0000380604
0000380606
adadce
17030305852
6900856
91500000101080
801801544
54601
0000423
0000261
bbdfc
45000054
fbfffff
0000330695
70800000101080
80180194
80180083
90364
62026
0001109300006
06978656
746167057961686
04500004
145000
1801803
3000003
5170303058500000000000000
450000402
4280100
8640002
8480100
0000486
80101432
101030308
450000983
4000801196
17047
91200000101080
801801540
6150303001
0001109800007
24500004
44500004
50000000000000000
00778
97301
defee
7200002
0000380665
976500
4568052
17030305857
3170724
057400
315054
0001109000003
3025000000
78010017
9180100
0000330657
80085
68301
0000134
38301
026418
28880
0259
21617
0000170303401
0001109500002
000014030300
80110165
501004004
4801803
8801803
00901
0000455
400080111
94301
94001
02010004067075626
450000564
454595
adadea
84500010
53288
0001109400006
0001109100006
3450004
8000038065
11912
7562616
0000496
0000330676
0000234
0838
07501000
005014
45000034000040003506
6577617
2450000344
500503
50000485454502
600503
7000033065
845000
9000040115
0000125
97401
90801
37301
250100559
005020
005026
50170303
004001
bbbcc
450000538
902620
68581445
11501
bbaeea
0001108600000
0001109500007
801239081
80000485454502
94500004
450100559
ffffdcf
00283
860050
62301
1400002
5480100
450000812
5900002
005058
bbefd
0000512
30600000101080
adaded
4508005
6720000010001
801802029
85624140
06811477924
140003706
2801002
8000040116
9170303002
9000040116
0100002
000016030300600200005
0373007
9740002
00000111
05158010007
00601
affffffe
0000380615
00000323
234995
450800280
1309
0709
0764
9801024
20000485454502
54500004
9801002
cfffffd
cffffdc
00314
4540002
8300002
95601
81844
01100000101080
0000330610
0000330654
580050
bbccab
676174
5010006
81200000101080
267030
5678
248829801
89938678010007
100503
40000485454502
6000033065
70000000050040000
00801
0000475
05054
47079
304736
84054
21466
bafffff
5400002
07001
0000380616
800003106
450800280000
450800342
6320082
50180023
313105626169647503636
650266720000010001
4501537
0801803
18018003
30000000050040000
5450000345
9000000000000000
000016030301061000010201
8280100
0097459352
005029
44057
2100002
7400002
affffdee
00705
bbebec
ffebe
501000219
18359
81500000101080
024870
450000679
3801701
0667810
0000051
bbafc
000145
57401
3845000034
53801
04450000
000000000000002
bebfc
4000801105
abecf
44535
939301
0001109200006
80101131
821771776561746865722
78010200
9170303001
ceafb
3645000034
12201
46801
acdcc
91840
94200000101080
0000112
affffeae
903700
39500000101080
45000562000040003311806
510061
000045000564
7574756265656475636
10000320
90000485454502
0000152
450000692
10901
affffffc
09301
00525
0040000
17030305851
50044
801801546
75501
4650000010001
34187
5779
046175746
241375
000001000000000000046
4000801109
4205065726
00004000341187
766564205065726
200503
64500004
00366
0000223
00083
bbabf
34859
15701
8740002
8440002
011002
0000416
90262
234963
00010000000000000473796
18743
04401
70303058500000000000000
3120333031204
3681767
88010006
00904
0000061
17205
3345000034
850180559
6045000034
801000415
affffdbc
7300002
00003225
4000800696
4000330623
4508112
018111
456001
37700000101080
814458
18054
39601
48734
0001000000000000086
0001109300004
0001109200000
0001109100001
650264650000010001
3000040112
400506
717030302
0000102
400071
35010111
dbfad
914906
2600002
afffffed
5600002
61647
616436
4500002887
450000661
80180126
00000320
31701
414450001
89600000101080
26169
0001000000000000076
00010000000000000773746
00010002000000000773746
11054
affffdfa
3005097
ffefd
80000000101080
dcaee
38054
452802
4000801193
25595010008
450800348
510063
000100070000000002
050180559
8240002
65057961686
8010041
8445000034
810050
8000037
8000021
30500000101080
0001108900003
0001108900009
0001108600008
7991609842
3000001
4450000344
3400002
65601
9545000034
0000098
8840002
3945000034
438010001
05400000101080
450000669
9000005
02666605617661737403636
200003106
17030305854
98387
bebdb
0568501000
435054
dbebd
08054
0001109300003
2349470
3454288
91208010007
23041830168014607
727405776569626
30000020405640402080
4170303001
00460
80401
06101
450000814
05010055
15401
9645000034
7645000034
affffeeb
8018046
0000120
45082
450807
17030305856
5000017030301
1000017030301
abbeb
5333
0001109200001
0001109100002
501000215
0001108500007
050003820101
88010017
dffffdc
03283
6545000034
770050
550100021
00786
138010015
6163636
affffead
0000591
450000982
31717
170303058500000000000000450000
62647
37420496
58782
5338
0001109400004
0001109500001
0030819
160303014702000143030359450005
7801803
90000320
0000347
0000371
8019015
03701
05583
1545630
80100185
005047
00100000101080
58002
90000000101080
ffffdde
6500058
03262
94701
510062
450005620000400034118339
58010008
97200000101080
7745000034
801000412
4845000034
0000330678
19856
00500000101080
8018079
450000682
50100064
501000425
31500000101080
5324
0000033068
40004011259
450000360000400035118
202020202020202020202020202020202020202020202020
2450000345
80072
0000421
0000107
bbdda
05201
50901
8940002
0000079
71301
31200000101080
81700000101080
40200004
36390
334543
01703030
6261636
45486060
500505
0000054
85010055
35901
30883
8140002
5500002
0050880
0050966
510060
00517
450000562
0000380601
0000536
60101002
6563746
99501
46265617
0001109600007
5501001
50000020405640402080
06701
17601
41030
2845000034
54801
bbbaab
8010065
009700508734
74730
00006001
84601
801801545
22601
0001109300001
0001109100003
00001703030024
657773
85858890
1170303002
30000000000000000
3170303002
45000219
ffffdce
9245000034
950100559
76838
0000292
20170303
595010007
479057961686
7501001
808295
501004003
3082010
6761746577617
83601
010402
10883
69401
ffffaaf
8540002
3745000034
84900000101080
55215
0050896
0110089
0200005
5245000034
005059
0000221
80057
450000595
4000800690
80590
44235
4000801194
100003106
adbcae
93300000101080
99600000101080
10057
0000033063
51800000
657373656
65695
80100169
0000441
0000225
450000987
900503
26278
59201
07288
0001109400003
673039414500008
1303335
67617465776179096
480100586
74500004
00461
01223
0000056
45000230
75054
005023
affffdeb
02424
0000801144
29801
ffecc
6000017030301
100001703030021
aaacf
73601
501840
10881
05099
61201
510066
501000212
abdefe
06010505070302300
0450000341
2170303002
2000040112
3801803
7170303002
980100586
effffea
03101
89000000101080
005071
21301
93054
450000820
80180666
45000187
0000132
affffeaf
45000269
22501
9588010015
142691
501000211
0800060825
5801803
50000000050040000
0000244
000508
17667
4040002
4640002
1100000000000000
84800000101080
55301
25010055
21801
0000330619
4500002809
800000380
44200000101080
44266
dcfbe
70037
0000080114
73303
8010021
4000310650
580100586
7000040112
450000775
902717103636
82162
000142
46424
95010111
8145000034
26001
0000330660
8018032
80100691
dcaae
ffffdfe
00310
2270696
005017
0001108600003
501000217
737461746963
280100586
3450000341
58018003
8450000344
800506
9000040112
45401
05501
1040002
8545000034
85010111
8180100
30100000101080
0000801148
0000380629
00469
45000194
68601
0001109400000
45200028
3000033065
6170303001
8452805
80000020405640402080
9000038065
06616
050100559
00676
1773007
32001
bedef
39301
6145000034
0000801149
0000330606
13696
005039
501000213
801801547
4508004
61501
50110559
0000170303401800000000000003
0000020423010402080
4000401126470
45000034000040003106671268
200504
300050
90000020405640402080
3445000034
35554
65501
00502620
80087
80059
45000172
800000020405
70101002
317047
adbff
40501
0954
71501000
682559
09405
45000562000040003311810
45280028000040004006
0001109000005
9875005
0101040201030304
4000040112
5000040112
7000038065
84500004
8170303002
0000479
3200002
8745000034
009768615
65401
89300000101080
31800000101080
7563646
94201
0000382
6845000034
005060
005038
20401
4500002882
303756
86500000101080
73501
84700000101080
7374643
0500038201450005
2160414450001
1456005
0000425
34600000101080
9240002
dadee
21862
57001
02935
0000411
0000388
5800002
0000103
8010112
44234
aaede
50100833
23300000101080
00004000331181
5018061
49901
613054
50113
0001108500005
68158010009
97812816
0300002
350180559
77891
46054
afcac
3140002
0000410
0000380667
903238
63617
183884
40054
08000636
000045000166
0001109300009
8501805
01238906
65010009
bbaaeda
345934021
736964223
451405
009768585889
6450000344
6000040112
70000020405640402080
0000238
45010055
ffeed
42100000101080
150180559
8245000034
55201
552034
80100042
05715
4500002886
00000321
300000020405
0001109000004
01282
373036
11670
5011057
32303131
954916
787897812816
08010017
78010016
8000033065
0000143
9040002
4500053
009740
00010011
472616
37500000101080
3940002
0000315
00511
00401
45000121
45000028000040003406
010077
801801549
400003106
31700000101080
90370
450000426
01040201030307
19401
0000400052067
18010006
06331
20701
35010055
89101
005074
64054
0000330677
004004
80086
45000122
900000020405
88300000101080
69009
82092
0955
63382
0001109600002
87474703
72657475726
45000528
15458
87400000101080
85018055
7773007
626106
7600002
980050
5100002
45000160
3009333630627579696
45499
974057961686
4766965
0001109300008
0001109200009
0573696
243020302
62610674616
80201
10234
69901
90800000101080
15201
650100559
37054
62401
81830
9940002
301405
94283
00706
00789
070050
450000596
00316
900505
94700000101080
0000033062
21501000
24701
28445
6644650
53901
017030305
0000177
ffebf
801814
69400000101080
32760
000115
31901
affffeed
0000330674
80074
907038
dcdfb
00000329
69008989
50301
9080393
000057454250456005
0001108800009
2637303756
6263057961686
056001604
180100586
80000320
ffeee
cafffff
97234
90283
82701
000114
35701
35850
92501
02414
0000330646
170303057
00003203
bbbcaa
0000137
69601
ffecf
0000535
17030305853
93500000101080
255054
5273
66501
501040
400053067
000017030305905
750012
026589
4000801111
733050100046
1170303001
98010006
effffdc
06601
5040002
90704
47901
25001
80077
80088
ffedf
dcaca
3456151
801811
94600000101080
88700000101080
00779
447054
38901
07101
00000100000000000002636
0001000300000000037777770
00004000321187
1000033065
42300000101080
16501
000123
4740002
801000411
afffffff
5300002
4500002897
4500002896
80101542
80180187
38300000101080
3000017030300
300773696
76564
8010027
52201
80110669
4528002800004000400682
2801803
8000040112
cffffda
0000052
dcbea
2400002
288010015
affffeef
0000431
00103
48801
0000330672
0000330649
2945000034
ffefb
afffffbc
39623
88150
213054
72201
0001108900008
0001109900005
1501805
500054
03010020
00022200010
34545982
69636572742
1000040112
2000033065
5170303001
6170303002
9000033069
0000058
4240002
1545000034
8730054
82300000101080
11300000101080
eefffff
9140002
4480100
00516
00465
0000282
4500002884
00350036
0000000000000045000034
70016
13301
18901
38101
0001109300000
0001109800002
9501805
685858890
7170303001
0000114
0000331
2040002
009798
47038
35001
6505626169647503636
70783
81400000101080
4140002
5010097
49801
4500002881
45710
000040069
0001109900004
0052158
200000043484
0000319
33201
82800000101080
658010017
1140002
5745000034
afffffef
0000801150
0000801140
54301
7180100
0000380640
0000115
000000000000004500008
801801543
ffffdbb
48300000101080
11600000101080
009717096
0001109100008
036170690
802000064
616363657
450000280000400034066
380100586
40000020405640402080
deadb
6900000
aaafb
82200000101080
77601
250180559
94883
02932
0000330637
00512
8018069
0000131
801801548
28800000101080
43500000101080
11650
801801541
4375010008
50110073
012230
1001696
466726
676572046
37461747301670
8170303001
adfdf
750100559
afffffec
0000330602
0000330671
44265
ffffdab
234994
84600000101080
99500000101080
96900000101080
733300
725407
52401
0001109200003
0001109600004
8084054
6000033069
6940002
65206
62057961686
55701
26301
078010015
0400002
000000101050
450005626
ffead
30000000101080
98300000101080
65727
45000215
330773696
39701
0408010007
1259348
7361666503636
70057961686
3170303001
3400040118
5801001
60000020405640402080
97100000101080
befffff
3340002
87900000101080
ffffddd
35018055
99000000101080
0000330680
00003224
0000245
45000127
ffeca
76501
0001109200008
0001109400009
8456054
08010006
080100586
7000003806
97800000101080
00672
96500000101080
00010000000000000377777706676
85300000101080
85500000101080
4080100
95018055
acdda
9945000034
2445000034
25018055
4445000034
affffdec
0000216
38368
94627
756466726
000047455420
4000033069
78018003
8400040118
9450000342
ffeea
0545000034
87000000101080
aaffa
aafff
96800000101080
89500000101080
aefffff
84000000101080
41801000
301506
00703
bbbdf
ffecb
ffedb
8000023
0000582
50100094
7000037
23400000101080
04201
0001109100009
9501007
3459340219
37461746963450005
373796
430200013
7168737461746963450005
61636365737320485454502
2170303001
700500
0000457
0000127
45000276
33000000101080
87410
ffffbba
86700000101080
89100000101080
81800000101080
67801
75901
80100074
0000306
72901
00003275
4500002899
450000567
0000194
80101350
80180044
dcbaa
dcfdc
01016
4000801192
96320
5018057
9846922
14401
510068
400053061
0001000000000000016
2450000347
5170303002
00464
80116
42900000101080
87700000101080
960050
000127
4045000034
88125
75010055
0000000006
746572
affffddd
501030308
9800000
87047
80076
80101240
ffebc
ffedd
80564
dfafe
501019
0001109800005
0001109000006
3000003806
380103
400505
0000175
450000802
cdcdd
33054
15010055
000106
12701
3740002
90600000101080
02927
5018012
0000330608
04055
00514
0000280
0000116
915187
49240
400056067
050268
984141
0801008
1450000340
10000020405640402080
1000003806
4170303002
880102
450000813
970050
42400000101080
9640002
65010055
30983
92901
95900000101080
84100000101080
9145000034
94300000101080
75010111
0000330653
530050
0000523
90300000101080
175421
44500010
ffafbc
75726368450005
189265010009
1450000344
20000020405640402080
2400040118
4580100
ffeec
69301
15500000101080
65201
650180559
81466
27006
41000000101080
24301
9440002
afffffdf
0000435
0000370
0000330694
000040005606
800165
0000150
1603030060
9000016030100
450000410
dadde
93700000101080
91700000101080
646872450005
63101
421082
73941
456000345
0001109600006
0001109700005
0001109700007
4501805
4000310658
6617368696
7574752
6000003806
00466
0000357
45018055
97700000101080
05101
82600000101080
89900000101080
95201
99100000101080
88800000101080
91900000101080
75146
80110001
affffdef
0000484
0000491
9845000034
0000330631
80180405
bbdcdd
21700000101080
456801
3033300
6000017
93200000101080
70667
33400000101080
43200000101080
69706
386155
39910
0001108500002
0450004
3801008
5452805
800503
880100586
80078
00468
97000000101080
cddce
340000000000000001
20800000101080
00622
006815
9080100
33900000101080
3240002
85000000101080
65692
86100000101080
89400000101080
27801
80100090
00003205
5345000034
0000236
8018076
450000561
ffecd
4500004201
0000798
73697
900011
88701
28930
30820469
30820351
868249
3082046930820351
7400040118
450180559
0300003806
16500000101080
89054
95800000101080
95400000101080
62201
28801000
0000330655
00003232
005054
45000111
4000800691
69662
0097005097
0000599
dcdbc
00311
18300000101080
23585
1703030233
801010402
479916098425
00456
45100000101080
060050
9780100
97500000101080
34800000101080
1080100
90900000101080
ffffded
12900000101080
86400000101080
46800000101080
11000000101080
95010055
41800000101080
91300000101080
74696
affffdca
0000801141
566572695369676
0000330667
43165
0945000034
0050000
450000370
000000000000004500009
00315
20600000101080
93400000101080
acfba
0001109400001
450103
0400040110
68010017
dcece
69054
36601
47700000101080
259889
005044
44300000101080
6445000034
bbabb
45000178
450000597
450000560
10600000101080
300003106
801812
20683
98500000101080
5011008
5450000344
8000033069
0000468
0000332
80801
15501
15410
00974443
3540002
4645000034
88000000101080
2545000034
9340002
0000801143
49030
0000296
0000212
ffeac
afffffce
10016
421088
5010058
400053066
501000216
28010006
70000320
1640002
85100000101080
37800000101080
550100559
44301
801000410
affffffd
1445000034
0000330643
638010015
004835
4000330642
ffece
ffeaf
90000450002
880236
affffdab
affffddb
16020
039054
88900000101080
0001109100000
6501805
47270347
5000003806
680100586
6400040111
680100154
8450000345
80022
9450000347
450000658
3440002
69900000101080
15018055
40801
86301
86600000101080
57801
affffdea
0000483
0000377
005050
bbdfdb
30300000101080
450000984
690086
10000000101080
4676574
08050
81600000101080
98701
000031069
799160984
0561646
30057477696
2400040111
2000003806
5400040111
5000033069
8801008
0000202
0000407
45300000101080
45600000101080
97400000101080
16000000101080
36301
85800000101080
47801
86200000101080
84400000101080
31900000101080
91401
9445000034
0000369
0000228
0000190
daaeb
40500000101080
78501
08901
000089504
000100050000000003
00001703030028000000000000000
200502
3450000345
59765
580100154
0000422
0000253
40003311
16301
16473057961686
ffffdeb
65801
40200000101080
86800000101080
8980100
7045000034
27601
8800000
5700002
0000446
450000565
61600000101080
9000037
9000017030305
202068
501000422
30530
73200000101080
23501
98900000101080
26783
587827
0001109900007
00010002000000000361706
001517
04020101010101010101010101
05070202301
2450000340
5400040118
0000900
15301
37000000101080
bfcfc
450000810
0000231
4500002889
cccff
34547
bbfcf
78300000101080
450800341
3746976
3450000342
800050
0000473
bbeeb
40007006
03200000101080
97300000101080
0577924
42800000101080
45000222
15000000101080
82310
47800000101080
86000000101080
46000000101080
89200000101080
dbdec
00510
0000270
45000195
0000380641
450005629
010074
501000427
3000037
fcecc
90368
74600000101080
14666
01599
37265656
94100000101080
19901
0000170303005
73101
0001109500000
4500003700004000331183
0501805
501005599
8933165408010007
0001000200000000037777770866616365626
31323337370
313233373702636
1452805
4400040118
700505
88018003
880100154
8040002
450000414
4500051
87001
82700000101080
92500000101080
81900000101080
801000416
2840002
510023
0000330638
0000380628
530054
04301
0000198
4000310683
0363646
20000000101080
4000016030100
234947
18064
356054
510069
0001108600009
0001109400008
0001109500009
7265706
2400040110
58010012
7400040111
0000126
16100000101080
47000000101080
77676
92801
8010047
011066
0000417
9840002
58801
632054
4000310649
ffeff
8000024
fadde
90500000101080
000034068
0001109700004
461672
676164676574
020000680303
67616467657406676
600506
7801008
34400000101080
34100000101080
87200000101080
96300000101080
00268
65840
1240002
81000000101080
55300
170303033
450000811
19301
0000262
bbacacc
0000101
ffefa
50100025
40000000101080
2452805
38018003
4450000340
5400040110
0000365
450000706
42000000101080
82000000101080
82900000101080
8500003806
12700000101080
84300000101080
94383
75801
005078
0000330692
19855
ffeda
501000421
455054
84627
839960
450800344
000100000000000005746
750100042
7274730473696
10000000050040000
00463
6945000034
33600000101080
85700000101080
47300000101080
47601
12200000101080
670333363002636
8880100
8011066
61300000101080
0200002
4980100
8000016030100
65027
85762
859870
024810
4508002
48601
510067
4500003700004000331186
2501800
501005592
501805595
0001000500000000037777770
300505
3400040111
4000003806
90000000050040000
80883
0645000034
8373007
05600000101080
17700000101080
50701
30200000101080
40800000101080
1280100
89800000101080
81300000101080
99900000101080
4440002
76601
61383
0000801116
50184
3840002
004003
450000566
ffebb
70000000101080
17465
baaad
080321
14101
8011071
25553311
3015060355040
1400040118
78010008
98018003
34000000101080
34101
34483
00677
00662
47900000101080
3040002
92800000101080
8800003806
39300000101080
0200003806
0000345
09696
1300003806
58000000101080
87049
0000197
28300000101080
8000006
affffdbb
30562
38700000101080
0001109500006
1501007
501005595
81833475
4000801104
9197054
0001000800019
5801008
6801803
0000454
ffebd
ffeef
06001
4500008011
97900000101080
34700000101080
170054
42583
1540002
000132
46300000101080
468054
fefffff
95200000101080
62001
6040002
27600000101080
94800000101080
94400000101080
0000384
0000330604
0000597
0000544
3000016030100
9709412
1756966
53112
2590035
73903
5018009
40006001962653131353730663
08010008
4801008
9400040118
0640002
03100000101080
450000695
83501
9745000034
33300000101080
33200000101080
8780100
85501
85200000101080
30930
12600000101080
77375
92101
95500000101080
84815
3900003806
57901
011003
23800000101080
9880100
4340002
8000016
80000170303002
55900000101080
0000537
28810
50056
974656
450000705
26201
0001109500008
0001109700002
0001109700006
4596033
08221534
000017030300330000000000000002
6452805
7450000345
8400040113
0100003806
0000104
40006906
108010015
32373036
15018002
87600000101080
85400000101080
0000436
5018006
450000599
dcaad
202010
0000527
4000037
49500000101080
40600000101080
1000045
affffdde
93600000101080
41700000101080
62711
3820111
634054
73912
80073
1303436
313031303436
6769737472617205
640972656769737472617205
32373036313031303436
38201113082010
79765158
9801803
0000466
450000453
50450
36876
77201
6240002
998010016
00787
501003
0000330611
00003295
9016054
20100000101080
ffeab
903680
affffdfd
8618054
64501
087937
45000028000040004006581
458050801000
9043054
06811377924
100509
5400040114
dffffda
01501
0000158
80800000101080
0680100
400072
34900000101080
00683
32200000101080
87300000101080
3640002
47400000101080
47100000101080
1200003806
92100000101080
95700000101080
37600000101080
31400000101080
21800000101080
057001517
39800000101080
00003217
00003277
1300002
8010151
80101104
805054
160303004502000041
315154563030000000534
39600000101080
88500000101080
41500000101080
631838
009717073
7402717103636
0001108500006
479916098422
69660000450005
473017
8104054
48018003
7452805
9801008
0045000034
00102
45700000101080
0340002
450000663
0540002
1745000034
6540002
dfded
24800000101080
94900000101080
750180559
6480100
02467
0000487
0000330629
80562
0000522
90270
adadad
450000981
0001109000008
73600000101080
000100020001
225054
0001109500003
0065159
9103054
77706616
0400040114
3000033069
4400040114
7450000346
99765158
9400040113
0000467
80901
87500000101080
96100000101080
35945
62800000101080
9065054
3100003806
99965
41300000101080
2340002
0000330681
7345000034
00003265
45000164
4000330646
8000027
4000340612
44276
780473696
963696
19501
50360
26901
62550
029054
040020302
0452805
0801001
180100154
7000033069
0040002
01380
03900000101080
010544
50894
33100000101080
32500000101080
15200000101080
16400000101080
00235
30801
30800000101080
12800000101080
9540002
80100187
2640002
0050851
00788
0000330603
4945000034
68300000101080
fffffcf
dcedc
44246
afffffbb
8018111
657273
912224
11200000101080
40037
43400000101080
49200000101080
348331
617669636
0613025553311
1400040111
6450004
8400040119
45002
ffeeb
0600003806
05018055
20900000101080
17500000101080
36300
85101
35700000101080
65600000101080
12501
1100003806
950100021
3180100
55300000101080
757675
21400000101080
93000000101080
02404
4840002
0900003806
00003299
00003257
0000136
501000426
10683
76267
98600000101080
93900000101080
0001108500000
957354
60303005
4580002890
160303006610000062610
65720473696
75747562656564756361450005
700373736
380180020
0000314
000045600028000040004006
03301
69500000101080
16600000101080
ffffceb
36600000101080
8900003806
80100104
02000059
66617669636
06561
0400003806
0000195
4000330692
4000310605
0302303406082
400000020405
450000996
abbec
73223
3151545630
67746
46501
13501
bbedbea
0000170303018
0001109600003
0001109900006
5501805
45422300
0001000500000000026
00010002000000000366
81833475010007
2590035010007
1400040114
2400040114
4801001
6801008
450000374
05018001
34200000101080
450006002
16300000101080
85600000101080
11900000101080
92900000101080
37200000101080
2440002
affffffb
0000490
72301
0000330620
20200005
adadcd
501000420
2000031
98100000101080
8501007
160303006802000064
2057450005
056001605
20000320
41703030585
4400040113
9000033061
00702
45500000101080
03400000101080
450000746
9700003806
3200003806
15054
87100000101080
85801
77600000101080
11800000101080
6745000034
2740002
26800000101080
76101
6340002
00003287
4000800694
450000400000400033118
845601
62710
86900000101080
501004009
28501
4501007
479916098421
5018797025
2000038060
300500
400500
4373007
4545000034
45400000101080
01040
0500003806
5045000034
15900000101080
000118
4745000034
4700000000000000
47500000101080
65300000101080
3045000034
40700000101080
46400000101080
9980100
99300000101080
94000000101080
75791
0000182
4010100
345440
50100079
5010059
70600000101080
baaacd
38500000101080
98601
0001000000000000087
79201
0001109800006
0000038064
01271209
0001894500006
16030301430200013
000001000100000600010001
020000390303
00021036000032
4452805
0000777
450000454
2080100
20700000101080
17901
33800000101080
15600000101080
82801000
47600000101080
35000000101080
65800000101080
65400000101080
3080100
92200000101080
70200000101080
60970
6740002
91005
2140002
93800000101080
0000330616
00003234
0000380663
63200000101080
ffeaa
0097005087
70100000101080
026490
450000992
affffddc
45440
86501
cbbcf
54602
9790232
479296
2801008
280100154
280103418
3400040114
5773007
6773007
780100586
7400040113
06200000101080
450000849
dcfda
8700003806
8200003806
35900000101080
35500000101080
65000000101080
65900000101080
86300000101080
9200003806
31301
99800000101080
9100003806
2540002
9345000034
9300003806
14800000101080
501829
71901
590050
0000380625
0000380650
4000310603
69637
80180169
830479296
10693
2000017030300
30323
fcecb
234490
7365727669636
473450005
85987
33447
20500000101080
46500000101080
33212
750103
0001109600000
0001109700000
501005594
0001109000000
fcadabc
1000038068
28010200
3450000347
5450000340
6450000341
9450000341
bbffe
508010015
16800000101080
82500000101080
0097686
96395
35800000101080
8900000000000000
92700000101080
92600000101080
1400003806
4940002
00003292
80070
ffefc
4000340661
345565
bbfcd
10695
2000037
11700000101080
46665
4500004237
68500000101080
24500010
29200000101080
28136
750011
06010505070
4506865010007
0773007
1373007
2773007
3000040110
59765158
5373007
6373007
8450000341
9400040114
0000252
801036
03700000101080
00669
69300000101080
50400000101080
87601
87805666263646
65200000101080
65700000101080
890050
11400000101080
9240004011
62340
998010015
27400000101080
75800000101080
ebfff
3800003806
48823
0000330605
00003262
00003255
080050
0800003806
bbecfdb
450000995
450000745
97798
23500000101080
587825
587826
8011074
51303335
7573650473696
45084064
0450000347
2373007
31703030585
6400040118
7400040114
7000038060
9450000340
9000040110
0000164
0000172
45800000101080
450000683
dcbba
69200000101080
1580100
15700000101080
82400000101080
85601
84401
67450002
27500000101080
91800000101080
24900000101080
25000000101080
25100000101080
75300000101080
75600000101080
44400000101080
05788
2940002
45000161
80062
01013
88300
617070
450000427
96212
43601
98501
52735
0001109700009
9875004
0450000340
100506
2000038062
4000038068
80005
effffda
4500003206
450000668
83401
10800000101080
69800000101080
9045000034
3280100
46700000101080
95100000101080
67000000101080
7545000034
afffffeb
4345000034
00003284
3005082
80180190
ebebc
94597
88501000
43300000101080
0001109900002
950100083
46174610
4568004
0001000700000000037777
0400040111
4000040110
7450000341
7450000344
7450000342
8000040110
450000690
8345000034
96700000101080
96368
46200000101080
46600000101080
92000000101080
623332
31300000101080
4145000034
24300000101080
0000330615
0000330630
00003212
450000594
8010123
900000380
0000521
170303058500000000000000450003
45886
6320083
80000322
0001108500004
1801008
1000033069
1000038060
4000038060
800000000
9400040111
0000229
03500000101080
05018002
dcfdd
2040004011
deadd
17924
17600000101080
6940004011
3380100
85001
8400003806
67201
91400000101080
25700000101080
75400000101080
0000330613
49000000101080
00003201
00003231
0000269
450000569
7000016030100
60000000101080
86610
38601
22401
005013
10000322
6370726
28010012
00800000101080
0000335
0000222
83700000101080
05300000101080
10900000101080
69000000101080
32301
15300000101080
95000000101080
37100000101080
62200000101080
81801
8140004011
819482
55700
75018055
44800000101080
6405736
7445000034
affffded
5180100
0000330609
170303054
07801
00003243
1845000034
0000277
450000598
dcacc
4000340627
0000506
0000503
dcccd
45000216
29500000101080
501004008
21618
0000801122
0001109600001
70000322
0001109900000
0001108500008
0603450000
00004500020
170303401800000000000000
892496
09765158
19765158
2000038068
400004006
60000320
6000038060
8400040110
8400040114
80079
80023
05100000101080
3400003806
17200000101080
10700000101080
42200000101080
3245000034
32800000101080
15100000101080
150100021
000136
3500003806
40400000101080
8600003806
86401
4600000
55010055
26100000101080
440054
6440002
02000056
0000489
0000350
79000000101080
00527
45000193
68310
dcbac
6564750
ddbfc
97565
adbeeb
77537
44600000101080
02711
80000328
479916098436
2046175746
3685864
0613025553311030
0450000344
0400040118
3459352
4450000342
9452805
9000038060
0000275
45000110
3300003806
ffffdda
96400000101080
96101
00272
0001001
8580100
4780100
35400000101080
77200000101080
92300000101080
950180559
81301
55800000101080
278010015
41900000101080
880050
25101
8011058
280050
2300003806
66300000101080
0000394
6880100
0700003806
7800003806
45000134
632006
69642
0000517
456151
58300000101080
86583
50184000
877054
14600000101080
39201
bbafcc
400053062
0001000000000000036170690866616365626
0001000200000000036170690866616365626
08018003
28018003
2000040110
4400040111
5000038062
68018003
7450000340
8450000347
8000004
89765158
8000038068
450000848
83800000101080
4245000034
33500000101080
16700000101080
96000000101080
000128
3600003806
12500000101080
7740002
95600000101080
3700003806
30101
91000000101080
2500003806
9400003806
21000000101080
74000000101080
14801003
66600000101080
98000000101080
4800000
0000330679
80180778
010057
dcbae
1703030523
00000328
0001109000007
0001109000009
74700000101080
81560
342857
65255
64780
631870
91600000101080
04500010
0000801125
48101
00001703030040
69646503
501005597
009714668
49765158
600505
6400040114
6400040119
780100154
0000366
0000053
80700000101080
03000000101080
450000991
8380100
42600000101080
45000324
16101
8680100
8945000034
6040000
99400000101080
27100000101080
24400000101080
25200000101080
21300000101080
2800003806
0000305
00003289
00003298
bbebb
dcfce
501000218
48500000101080
450000795
91225
39501
01670
12077
83221
89700000101080
72401
41601
24501
31100000101080
0001109700008
9078383
4400040110
6450000342
6000040110
8450000340
9450000344
0000362
90200000101080
aafdd
35300000101080
40900000101080
8645000034
0000080111
0000080112
2700003806
2600003806
0000389
0000381
9000006
dcaba
8018010
90383
1703030038
84578
02487
172166
40300000101080
39400000101080
51490
1501011
9501011
01271208
580100170
501005590
8792695
6961036
180180020
38010200
5450000342
5000038068
5000038060
5000033066
9000038062
01500000101080
ffeba
801022
450000558
10400000101080
32400000101080
8240004011
96600000101080
35600000101080
7700003806
77300000101080
37400000101080
62000000101080
3980100
0000399
5140002
48000000101080
5240002
49001
00003296
2980100
1900003806
7940002
78696
4000350697
6000005
600003106
461450005
170303016
903639
450000428
11201
1703030029
90438
54500010
73900000101080
0001109800000
479916098417
9388141
00010008000000000
1000038062
5450000347
60000000050040000
600500
980100154
0000471
0000010000000000000377777706676
05800000101080
17400000101080
50700000101080
32649
1500003806
002010004067075626
36300000101080
77900000101080
92400000101080
62100000101080
27900000101080
66000000101080
9800003806
00003283
00003254
2900003806
5340002
1345000034
fffffbc
4000350666
dcbab
00383
11846
02600000101080
69003689
3368747
69047
10796
99700000101080
18900000101080
80110190
008626473746174696303636
0001000500000000057
690036899881
1450000342
3000038062
7450000347
7000040110
98018056
9000038068
00708
90400000101080
33101
9600003806
36200000101080
30400000101080
60700000101080
67600000101080
76800000101080
76600000101080
74300000101080
5440002
56800000101080
5945000034
130050
005052
7845000034
450000380
450803
501000424
3171781
cfeff
11636
94646
31600000101080
73800000101080
80100741
88100000101080
38900000101080
49400000101080
4593411
54400000101080
555331163014060355040
04020101010101010101010101030305
1400040119
6400040110
7400040119
0000204
0000304
97801
50900000101080
32700000101080
87800000101080
0097303
96200000101080
12001
46100000101080
60400000101080
550180
67800000101080
27800000101080
2240002
22300000101080
0000465
54000000101080
520050
53060
0000237
90710
8000022
44254
50000000101080
59401
23201
53501
79701
38701
23701
08601
68186
5180022
0400040113
1000040110
3450000344
300004006
3000038060
58010200
5000033061
6000038062
8000040111
00707
0000375
0000153
80200000101080
0097174
65100000101080
37420
41400000101080
76400000101080
76352
57300000101080
7900003806
8018049
45000175
4500002820
8000017030305
70101
0000606
6373732
43700000101080
57500000101080
53400000101080
49100000101080
49900000101080
479916098427
80071
368615
009714669
736572766963652
0000340
0000330
17724
9040004011
ffffcbb
47200000101080
3580100
11801
60200000101080
5540002
75730
44815
57800000101080
57101
61000000101080
9380100
54800000101080
00003291
005614
87048
8010134
8000010
80180046
4000350644
4000017030305
365450005
170303081
4020100020100
8010024
81100000101080
74401
04501
00000100000000000003617069036
5000382010
4000033067
40000320
8400040111
9170303
05000000101080
10701
450005768
00294
36100000101080
898010015
11001
37001
55018055
27300000101080
24000000101080
7500003806
75100000101080
44000000101080
2345000034
02000066
07504
09001
00003229
19000000101080
00520
300502
450000590
80101733
fffffca
dcfde
10685
2000016030100
4520002
cadde
38501
66200000101080
58901
29491001
0001109900003
adadcf
dcbcdbf
345486410
4000600212
4500003400004000300668
458000287
8020000440303
1400040110
5000040110
600507
0000450
0000118
45200000101080
83200000101080
3480100
00274
89001
62617
8100003806
81900
67400000101080
2180100
7600003806
61401
affffdbf
0000330614
07900000101080
45000142
45000128
49501
450000785
20300000101080
64700000101080
bbaaad
13701
36900000101080
80000327
00973454287
657773057961686
0001000300000000056
8730474616
1450000341
2000040111
8000007
003915
0000509
80900000101080
03801
450000696
5080100
ffffdea
ffffdbf
000119
77000000101080
aeace
95501
9500003806
62600000101080
844000
550180559
67200000101080
8845000034
2400003806
39000000101080
570050
14900000101080
0000330645
0000330682
00003273
78000000101080
450000592
8000031
4500004207
501000423
1000005
2332480
93701
01615
91100000101080
0000000000000008
18101
68401
001604
00004000351187
00021035
479916098432
85010003
450000510000400035118
0450000343
08018056
480100154
4000038062
5400040119
32100000101080
1600003806
96549
30900000101080
12000000101080
77700000101080
11100000101080
27000000101080
44900000101080
22200000101080
0000330625
0000330648
53000000101080
04000000101080
bbefa
0000199
8000025
63650473696
ebecb
11601
50200004
79500000101080
88600000101080
19900000101080
3501805
45080163
3450000340
3400040113
3000038068
80002
8000038060
91703030585
00300000101080
00033
06400000101080
06100000101080
45000029
42500000101080
15601
000116
65018055
77101
46383
8940004011
7040002
9900003806
67100000101080
4180100
75900000101080
005072
2200003806
afffffea
51800
71000000101080
0000330691
0000330644
00003242
00003235
00003227
0440002
adcbe
7945000034
005036
45000153
4000310606
003450005
30501
40051
02401
50600000101080
72200000101080
39200000101080
0001109600008
501005598
00004000321185
0001000100000000056
30000320
4400040119
5450000341
500004006
7000038068
800505
0000775
bbaacd
83500000101080
50200000101080
1180100
9580100
95300000101080
37900000101080
28000000101080
74815
5445000034
00003230
00003286
00003276
13000000101080
0000294
78301
7365617263680
895371
38200000101080
10310
18601
68900000101080
09201
00004500017
0100000100000000000004656
479916098435
0100000100000000000002733
1703030030000000000000000
0001000100000000086163636
000100040000000003696
450001680000400035118
080100154
4000033061
6000038068
9400040119
00900000101080
01329
0000258
bbeef
03300000101080
0580100
decee
15800000101080
87301
36400000101080
36700000101080
35383
77400000101080
feabc
31000000101080
55000000101080
27200000101080
25900000101080
75401
2100003806
801000414
57200000101080
6140002
5940002
00003272
0445000034
80180800
4000330653
33701
afffffde
50489
2000017030305
4000801103
454344
abebd
50500000101080
72700000101080
33211
63187
21500000101080
74500010
450800343
49401
38100000101080
0001109800001
0001109800009
6501007
501005596
baaacc
150100083
9790233
656374696
1170303
1801001
5450000343
5000033067
5000040111
6000040111
8000038062
0000113
06000000101080
becdb
05001
17701
36500000101080
12100000101080
77500000101080
77206
464726
89900
95557
70900000101080
60201
8840004011
25800000101080
02938
09600000101080
0000330647
00003222
29000000101080
00532
00522
45000119
801006692
8000014
0000526
10100000101080
30000801
3000017030305
200000020405
1000016030100
6500042
6500059
61700000101080
08300000101080
66700000101080
adfaa
315801003
700501
8010023
4948445
16900000101080
02200000101080
72100000101080
72800000101080
70000328
0001109900009
16030300620200005
501805597
501805593
1000040111
01300000101080
0000426
450000409
34300000101080
33001
32101
32600000101080
000133
92207
94815
005073
57100000101080
7480100
00790
0000482
50100000101080
6840002
43000000101080
63000000101080
09000000101080
00003256
bbdaae
801800766
42115
10677
3000016
4000021
45459750
00350023
85042496
846201
72500000101080
24600000101080
027118
63500000101080
13500000101080
48600000101080
22500000101080
39700000101080
79200000101080
09101
8802368
7473657276
40103030801010402
2400040113
6450000340
7400040110
900004006
9000040111
0000414
45201
83300000101080
00613
1780100
82301
000126
85900000101080
90673
60800000101080
2745000034
24401
75618
2145000034
57000000101080
61800000101080
0000801106
66800000101080
54300000101080
4380100
00003237
00003294
00003244
dcacb
dcabf
821450005
4000350618
60100000101080
003914
02601
170863
abbaae
915906
73300000101080
17212
25500000101080
486054
69780473696
93100000101080
71500000101080
88200000101080
74501
68747
88400000101080
13100000101080
07616
000017030306
43800000101080
479916098415
757465722
650272750000010001
6564750473696
3000040111
50000320
400036
450000909
05900000101080
42700000101080
32300000101080
30700000101080
95183
378010015
31054
27374
25300000101080
25400000101080
005041
00796
0000397
73000000101080
00003221
00003219
0000299
8018077
45000120
450001262
6000016
63600000101080
4000380677
4556526
97267
425006
4007700
23200000101080
10300000101080
98200000101080
71400000101080
400056062
80000326
800065
000001703030590
9246054
3230313736
4649460001456005
0001000200000000046370726
2450000348
4000040111
580100041
7000038062
0000461
0000302
0000318
801272
450000776
05500000101080
17100000101080
47201
55100000101080
9140004011
fbaef
2645000034
26000000101080
26400000101080
76300000101080
22201
0200501
0000801120
51001
72000000101080
00003247
00003226
bbccac
45000179
801006697
80180167
4000350669
902680
373690
affda
26701
43100000101080
07501
0000380673
63200365
08400000101080
572656
59300000101080
90000328
3501007
16030300440200004
3459340218
426743
400417
14664871
0450000346
1000038066
2000033069
480102017
0000219
80151
450000563
83900000101080
83600000101080
85583
850180
12300000101080
4680100
67500000101080
000000000001
801000825
affffdcc
1800003806
0000260
4000330679
dcefb
dcbcb
4000360655
92503
43600000101080
76500000101080
3130303
64600000101080
41200000101080
88601
19600000101080
13800000101080
0000170303016
73746426743
0056158
00010007000000000269
62647374617469632
202020202020202020202020202020202020202020202020450005
18010012
1000038063
2000038063
71703030585
9000033066
0000178
80182
8300003806
1700003806
4500054
824000
1100004011
92301
37300000101080
99380
88124
26600000101080
22900000101080
0280100
66696
51300000101080
72900000101080
0000330693
6345000034
090050
00003241
005214
5845000034
0000211
28383
dceea
0000542
1000037
50055
63642
11500000101080
20501
98700000101080
38600000101080
59600000101080
27701
54200000101080
20000323
479916098437
950103
32303136
501805598
475700
5844160
74736572766503636
0400040119
2000038066
4000033066
0000124
06614
9740004011
97924
1740002
17800000101080
4240004011
96701
8500000
70400000101080
6245000034
62400000101080
60900000101080
55700000101080
76312
0000801134
66601
00003282
00003271
1380100
5840002
8018096
450000591
4000330685
170303050
2000016
7000005
87286
37287
41675
29100000101080
5010201
66400000101080
41100000101080
0001108500001
479916098434
80058
5216074
4450000341
7000033066
720405228010015
97683
32900000101080
65859
46701
3140004011
55297
99010000
25600000101080
75200000101080
5740002
64000000101080
7400003806
0240002
3880100
005056
45000170
450000680
dceee
7000016
4000016
42575
18080
cdafd
63701
67700000101080
19500000101080
22701
19400000101080
73400000101080
28900000101080
27700000101080
58600000101080
60600000101080
55298
98800000101080
61100000101080
70000325
070884
494844520000
8000033061
00313
80400000101080
06800000101080
9700000
bebec
00614
65018001
864000
774616
46079
89401
ddabdaf
76100000101080
61001
74900000101080
2380100
4900003806
07800000101080
00003220
7840002
004836
4500002898
80101706
0097005093
80000801
dcbfb
3000006
74200000101080
44627
316316
13200000101080
44700000101080
22600000101080
49701
0000801127
39100000101080
08800000101080
501005591
9875003
400060021644
5000038063
9400040110
00026
804000
8040004011
06700000101080
03800000101080
33501
33883
36000000101080
47248
868010015
95214
6280100
814000
75000000101080
21900000101080
801000827
64900000101080
51800000101080
80101514
69686
4508331
4000017030300
1173015060355040
73700000101080
97431
450000765
75500000101080
66900000101080
bbaefe
13600000101080
54201
49300000101080
000040003511
0100000100000000000004696
80000323
00973454869
bbbeacf
37369076773746174696303636
2170303
009515
05200000101080
16200000101080
820050
96380
3680100
8600008011000083
628010015
8440004011
8400004011
6080100
61900000101080
94295
14300000101080
0000330650
4000330644
8000016030300
dcbce
87530
174450005
93301
71091
19700000101080
0001108500003
8450000342
98010004
45018001
80300000101080
dcbbf
006014
6980100
96601
36800000101080
8540004011
8640004011
92019
8100004011
45000034845
4100003806
57400000101080
61400000101080
64301
64800000101080
64300000101080
00003290
00003267
00003228
190050
00530
80069
4000330662
dcbfd
dcdaa
5000037
4000801198
90268
affffdfe
70601
03203
100501
603010200010001
53300000101080
0001000000000000027
26500000101080
59200000101080
0000170303010
10000326
4501011
501805590
829900508
8057961686
6170702
700509
78010012
7000040111
0080100
00519
0000123
00058
801030309
17501
336945
85018001
9200000000000000450005
90697
7540002
14000000101080
660050
7245000034
71900000101080
52000000101080
0740002
450000800
00003210
450000392
45000156
3005083
fffffcd
0097005096320
dcada
345406
442636
dcbad
dcbfc
026499
7000021
234987
14682
afffe
cbbca
17265
00004000331182
36197
52500000101080
000100000000000004696
0303000101160303006
72026
39901
07200000101080
19300000101080
0001109700001
80110696
672546
1450000346
4000038063
6400040113
7801001
8170303
0000400040117
bbfef
45000565
15033
aadfc
00270
4700003806
3545000034
6500003806
12400000101080
62900000101080
62500000101080
8400008011000083
55500000101080
41801
23000000101080
02900000101080
1440002
00004118
56300000101080
38000000101080
0480100
005814
40101
8000035
fcecd
890675
0000612
861894
92190
64026
12190
52700000101080
54518
49600000101080
14700000101080
14200000101080
54600000101080
23900000101080
0001109600009
90000326
450000370000400033118
479916098433
501805592
302787805666263646
73746174696302787805666263646
2400040119
6000033066
800502
4540004011
3300000
96401
000121
35200000101080
9280100
95001
9540004011
70700000101080
37007
64815
0245000034
5640002
56000000101080
7380100
00970050888
dcfbc
676337
452942
74627
91201
85727
40052
26700000101080
00004000331187
79600000101080
bbaace
78100000101080
23600000101080
38400000101080
54444
02100000101080
5011063
10000323
70000321
0001109900008
0000017030305
150100042
461089
5170303
5450000348
5000033060
6000033061
7450000343
817030303
0000409
17000000101080
10200000101080
42601
160050
16201
ffffcea
40401
6200003806
60810
55010111
27201
25000000
6645000034
0745000034
0000139
44245
454208
59400000101080
425005
76700000101080
51500000101080
46900000101080
64101
64400000101080
0000170303006
79800000101080
52800000101080
01000001000000000000047
479916098424
8000676337
657400000100
00350031
501805599
511571
0000100000000000020
03617069016
918939
6561737572656
1400040113
3000038066
4170303
5000038066
8000000000000000
0000176
8080100
8340002
83000000101080
83100000101080
dccdb
42301
8700004011
55018002
8800008011000083
fcceb
1480100
3800000
00003216
00003285
00003211
00523
0845000034
ffffead
87083
450000522
fffffad
0000000000000000450001
0668616
9458591
02700000101080
59100000101080
68901
38800000101080
09100000101080
10000329
501805591
00000100000000000005696
511574
308206
936811
00000150303001
1703030025000000000000004500005
42728403000000000000000000000000000000004500006
3450000343
4000033060
517030303
0000402
45601
caaef
dcfdf
0064159
1045000034
6900003806
874000
8200004011
000129
77008
410050
758501000
7640002
288010003
0000310
7200003806
7140002
0000330633
0000330632
00003218
87046
450000524
450000697
dcdcc
47265616
80397
26200000101080
22700000101080
18700000101080
24200000101080
28500000101080
71200000101080
58900000101080
49800000101080
19800000101080
00001703030182
00004500021
000100000001000001
200004006
380100154
3400040119
400502
500500
6000189
00452
97960
50800000101080
358010015
110050
67900000101080
2680100
2480100
9480100
64317
64835
00003245
00003223
bbdabdaf
4000330603
dcedd
801801650
44261
45105
175657
31663
69700000101080
60300000101080
14500010
52200000101080
24201
0000801126
56100000101080
48800000101080
005019
10000325
7374616
85010008
7991609843
002510000021
117030303
6000033067
06549
97007
904000
000146
47243
4600003806
92701
80100701
81054
31380
674000
67300000101080
4140004011
26300000101080
7540004011
80100073
390050
6400003806
0000400
0000330673
7300003806
00003214
dcabb
44237
adadbca
30383
86088
861450005
45436
93621
180450005
53600000101080
04120
69706564
26900000101080
56900000101080
04400000101080
20000327
800060
656170692
848595
697065646961036
3400040110
01900000101080
000509
45010056
450000462
83400000101080
beced
45000504
350100021
88801003
24815
74800000101080
23068
6600003806
7100003806
00003215
00003260
00003266
1880100
450000525
0000380632
0000380631
401030309
dcdde
ffffddb
50100028
10670
6000016030100
500000020405
4000801110
46088
826450005
01603030046100000424104
72600000101080
41600000101080
04701
56400000101080
0001109800003
2501805
801020018
3120333032204
000100010000000006
00001703030021000000000000000
259889801000
080102
100508
24500000101080
3000038063
4450000345
8000033066
98010008
0000213
06900000101080
4200003806
32000000101080
00232
85018002
9200004011
7080100
3780100
90601
8100000
8100008011000083
6780100
4180100077
91801000
afffffdb
00791
0000480
0000330683
4300003806
07301
00003261
1940002
616469
4000310692
80180093
dadfc
450000755
60016
9458594
0000380674
24700000101080
21100000101080
70000326
0001108500009
45680028
511570
6561746865720473696
31323303636
4000000000000000
8000033067
800004006
9000038063
bfffffb
00704
01200000101080
45428
80600000101080
bbeea
06475
cedcf
450005649
15400000101080
15018001
821567
0097284
00262
308010015
4020000
77901
894000
8800004011
9100004011
25312
9440004011
22801
6640002
54900000101080
00003236
00003274
0840002
45000148
450005625
4000330645
4000330628
40100040004
dcaed
450000403
501000428
317420
45000228
8628501000
004001610
867333
badde
79700000101080
000100010000000003777777
80100714
56200000101080
48200000101080
76900000101080
78200000101080
908039
59900000101080
501106
456000347
800063
01238903
0001000200000000066
368585
977215
9094885
cfccead
180100202
7170303
780180020
7000033067
700004006
0000747
0000109
0000554
00024
06300000101080
05383
00617
45000302
95018002
378010007
62300000101080
62700000101080
906755
906769
81380
450000340000
05737
71300000101080
52900000101080
4000330660
34586
976516020
90983
42193
01017
73756
71700000101080
57701
58100000101080
21198
5011002
4500003700004000331185
0001109800004
479916098426
4000560641
900074
000600215971693054677737435868594500008
230350
676765737
000100090000000001
0633136
7000033060
9000038066
00451
0140002
0000453
0000173
0300004011
9700008011000083
17005
17373
69342
ffffcee
8900004011
9200008011000083
84101
67901
3940004011
57412
00795
98801
51900000101080
7280100
7240002
630050
59000000101080
0000265
0000288
0000380612
fffffcb
4000310634
4000310607
00300
10733
73500000101080
51400000101080
64100000101080
98101
09700000101080
28600000101080
51200000101080
48900000101080
68101
58400000101080
56600000101080
bbbeae
000045000165
479916098411
2501007
dcafe
501805596
0000017030300
511572
020050120
1000033061
40000000050040000
7450000348
7000038066
0000501
0000451
0000248
17300000101080
32875
858010007
8900008011000083
1100008011000083
81207
5580100
55601
21901
00785
00003297
0880100
450001267
0000380669
dcaac
dcaec
4000350627
30676
10601
0121650
450000725
00004500002802
fcccf
94501
72792
edfce
76200000101080
71501
13400000101080
58200000101080
0000378
25193
52600000101080
563054
10000327
90000323
00001703030044
ffafbb
06810577924
74303139
9790231
52250107
40728603000000000000000000000000000000004500006
48010201
6000038063
6000033060
74508
01000000101080
0000601
0000355
45801
450000803
050180
dcfed
17900000101080
1680100
00267
350180
65500000101080
77401
1145000034
95018001
81966
670050
884000
44970
7665642
6100003806
001030309
0000330636
6300003806
00003279
1840002
45000114
300507
632003
054656
790694
3450100021
dcccf
40000801
65741
23310
21200000101080
58500000101080
78601
21600000101080
23601
08200000101080
28400000101080
58800000101080
7501805
40000328
dcafc
0002220001
34593402286
6167653
4010004000443484
100004006
217030303
4000038066
58018056
6801001
600004006
6000038066
7000033061
74500000101080
88010012
9450000343
0000119
0000333
06600000101080
8200008011000083
35100000101080
304727
414000
914000
250100021
25018001
76000000101080
74314
affffdda
6800003806
1980100
00583
00521
44247
442396
10635
1000017030305
6320073
01280
01260
977696
04800000101080
51701
64617
49700000101080
43900000101080
576433
51600000101080
18600000101080
09200000101080
14100000101080
18800000101080
70000327
150103
801020019
0577899
8014056
aaffdac
77375676765737
0456005
18010008
4450000347
68010008
8000038066
917030303
00455
0000342
00055
17320
87401
8600004011
920050
95054
25401
2880100
74056
984000
68000000101080
71800000101080
000230
00003259
00524
0000220
45000138
31201
8000040
4000340696
dcefc
49517
617465
300906035504
45000292
73686
84190
66703
14627
99701
56201
63300000101080
18500000101080
68800000101080
98400000101080
59700000101080
19701
29600000101080
53900000101080
456000342
479916098419
00350037
501005593
473686
461087
000100100000000
7665642054656
5764338005
28018056
48018056
700502
94500050
0000264
80101040201030307
9700004011
32845
9680100
474000
6700003806
67643
41001
75018001
ebaed
0000437
4800003806
6380100
5980100
00003200
00003213
00003258
80180663
80101306
fffffbb
9000016030300
4000340641
dcdce
4000360679
501000429
40674616
61701
59500000101080
725409
09900000101080
374656
61200000101080
98687
78600000101080
542054
22400000101080
0001109900001
60000325
800064
000210920000320
7303304727
3021000000
345935292
5550100094
3539360130023436013705323037303304727
7737567676573740674616
2801009
9000033060
dfffffa
0000519
45011
dcfeb
204000
006515
33183
00260
854000
858139
addce
65018007
77100000101080
46001
9900008011000083
67666
94983
eaffffd
afffffda
730050
0000290
0000255
45000133
45000191
4500002883
9000016
0000581
90083
adadbf
ccedce
100000020405
87512766
455065
0671746
87270
170303043
02400000101080
587828
61500000101080
000100000000000007636
79100000101080
49930
59800000101080
18400000101080
cfcdca
90001000000018
50000321
479916098412
6574696
85624149
750013
45280136
746869732
2450000343
38018056
6450000343
9000033067
0000376
06801
cadfc
8740004011
8700008011000083
ffffcdf
3640004011
35018001
6540004011
77800000101080
704000
45000034303
4400003806
7440002
028201
53801000
45000137
8010147
0000000000000045000
81701
8000017
dcdfc
45680528
7000017030305
30017
90564
24627
09500000101080
344156
57700000101080
70500000101080
28200000101080
809696
08210
48400000101080
60500000101080
56667
52100000101080
6936802
0001109700003
0001109800008
0501007
bbeefe
0001000300000000036
3454286
2450000349
8170303058500000000000000
0000271
bbfdf
0500004011
000137
000122
cfabc
86801
2640004011
75303
801000822
56001
68001
00003246
7980100
61603030046100000424104
80101624
dcaeb
4000340666
dceab
801801656
4000350645
afffffaf
dcdea
700000020405
5838928010015
06688
8938010015
157450005
40038
58700000101080
29400000101080
79300000101080
04900000101080
53800000101080
20000322
60000321
5501007
55010056
6170303
bffffda
0000607
bbeee
dcfee
3440004011
15001
ffffdcc
8500008011000083
1130044
37201
55600000101080
41054
75101
75018002
ebadb
8011064
6180100
000040060
5600003806
5900003806
00003252
8010121
dcabe
dcdab
450818
bebcc
48394
50100207
bdedb
eadfc
68600000101080
71100000101080
29900000101080
010000010000000000000262
0005029
30000324
0000140303000101
00350020
170303401800000000000001
461088
7657461672
97669747
3368747470733
1450000347
3801009
780100041
84500000101080
01600000101080
450000375
450000994
05676
dcffc
dcfdb
fffffbd
40004006006
81983
301030309
2580100
75702
80110072
57900000101080
2245000034
22000000101080
74801
5010100
0940002
00539
0000287
80180692
4000800699
4000330607
9000080112
8000080112
dcbdb
003814
4000016030300
86190
66742
341879
13300000101080
176448
70490
39900000101080
0000801124
28100000101080
48401
4898010015
0000170303007
22100000101080
54100000101080
9801000773
30000326
650187
454287
801020013
6265057961686
29858101
63654556526
6473702
3163168010015
48010006
717030303
effffce
00518
17683
10483
45000273
964000
1240004011
46883
3100004011
55401
4100004011
9100008011000083
2280100
6400000
000080118
0000801133
0000330626
450001265
0000188
90101
6961732
801801655
dcbfa
49558
00350022
47083
06088
36588
06687
dbebc
1048010015
70300000101080
96760
48700000101080
04700000101080
28700000101080
6644660
44100000101080
72300000101080
10000321
70000323
90001000000011
000017030305901
90783881
80110559
3109333630627579696
55118010015
056363632
129328010015
4450000348
417030303
5400040113
88018056
880180020
dbede
0180100
00001603030039020000350303
80122000
450000908
8340004011
974000
0500000
47283
950050
84452
55400000101080
24054
250107
75700000101080
75732
64801
0000330621
0000330663
1340002
450000581
4000330651
4000330659
8000055
dceff
dcefd
dcbaf
bbfde
11883
6563740
452398010015
45200034
1000050
53100000101080
52734
0000801114
0000801151
18800
4000560640
0055158
69368004
35945010007
9901000095
4000004011
580180020
6450000347
8000038063
0040004011
0380100
978010007
dcbbb
dcbbd
87821
164000
16701
ffffdfc
8500004011
47903
cfcdc
65018002
77726
5500003806
55200000101080
764000
5700003806
2340004011
9340004011
1440004011
0000396
9840004011
56814
00003280
80100667
0000560
dcdee
7470036
63700000101080
41538010015
313005626169647503636
2150100046
56700000101080
32438
63400000101080
08600000101080
09701
24100000101080
24137
02300000101080
9036391
0001000400000000016
05677261706809696
009734542230
235858010015
3801001
4801009
0000373
0000341
450000568
20801
90892
4740004011
47101
3100008011000083
22696
93152
affffffa
02000000101080
4880100
7145000034
7140004011
09640
0000330670
52301
63801
0780100
0000230
8018081
4000310617
dcbfe
67636
3000021
01224
00000000000000004500004
4000380683
34137
07700000101080
19100000101080
14400000101080
04300000101080
29800000101080
9801000778
00551552
501805594
0100000100000000000003706
34593402298
34137765
000100020000000002676
983878010015
14500000101080
00053
45883
bbffffd
cabede
17301
69312
42701
1600008011000083
85383
1200004011
774000
9200000
27301
27054
88121
754000
0000801136
00183
51313
0000330612
0000330627
005069
8018078
45000117
696365
9000017
9000040
82183
80180081
900450005
92483
38383
6900866
50080
01269
4500004233
4000380623
fcbda
62620
23301
85024
31046
64200000101080
29700000101080
2978010015
0000801121
51100000101080
08100000101080
49842
3501011
261676
0100000100000000000006676
0004000408636
04500000101080
48010008
5801009
00513
830050
dcfbf
5040004011
90201
3340004011
320050
85201
3040004011
1140004011
accdb
91300
8011055
2140004011
7680100
2840004011
01183
9300004011
0000434
9800004011
00531
80065
80066
801801651
dcdfa
902450005
421913528
450000990
317212
50043
89562
10500000101080
21501
74400000101080
082271428010015
53700000101080
73100000101080
23100000101080
90001000000019
60000323
50000324
479916098414
584416
1000004011
2450000342
3000033061
00030
0340004011
839759
000001030308
907100
1640004011
166577
1200008011000083
4640004011
2780100
3900004011
23895
5400003806
3800004011
72627
0000330601
5940004011
00003233
00003264
06599
0000380618
08000000101080
8010062
80583
bbfaf
450000997
733375
166622
88572
50300000101080
63100000101080
0097173497
64201
66500000101080
70491
04200000101080
29300000101080
61117
13900000101080
80101050
80000321
9801000772
30000328
479916098439
9675269
40006002176764
5942248010015
617463680
656374697669747
0105448010015
9636865636
6563746976697479636865636
08010058
2000004011
54500000101080
64500000101080
01800000101080
0000214
45301
80601
450000736
dcfbd
324883
87783
4700008011000083
7780100
924000
279026
214664
3900008011000083
0000499
7340004011
00003253
19801
5880100
80180401
450000526
80064
0000100
dcade
dceef
80180160
afffffae
90076
6000017030300
600000020405
868801
915186
03945
14663
15250
76201
81632
07500000101080
08000617
08500000101080
66100000101080
5011055
04912
90000327
20000329
90001000000013
60000322
01238905
8801004
741469968010007
6264108010015
111528
45000073000040003311
094053528010015
0450000342
080180020
0801009
100507
3000004011
78018056
8000033060
800000000000000000
ccece
00457
00318
00709
0000111
06736
cdcea
dcbbc
694000
69057
90875
36623
35011
958010007
55302
26161
801000821
801000824
6140004011
bfbed
664000
66777
68004
49010
00003251
0000380623
5800003806
80068
801800761
0100083
6000037
aebfc
6001615
bfbdd
725408
000530
67797565
80431
41608
801020017
00004500014
52300000101080
80000325
85018003
0000400033118583
511573
690154700
11388010015
009768585349
620263610000010001
85762990
214664014
970000020405
17427
3300008011000083
00976289
85167
35583
4040004011
128010015
9900004011
4440004011
4400008011000083
21001
501030309
00003250
00440
0000295
28301
dcbdc
0000594
6000017030305
85494
84201
63200367
18100000101080
68400000101080
801020014
005015
202020202020
10000324
70000329
479916098430
0001000200000000057
950100046
00004500029
4000320650
00974593535
334542230
0801010
34500000101080
5450004
68010012
980100202
0000443
0600004011
450000694
00675
3240004011
1600004011
9600004011
00242
00285
00231
4700004011
40450000
8680101
954000
84812
810000020405
4100008011000083
9400008011000083
0000801135
9800008011000083
5100003806
51000000101080
724000
7340002
00533
08450000
80100679
8000018
dcdad
49583
cfefe
890676
300906
06810
04100000101080
74100000101080
71600000101080
18200000101080
19200000101080
08900000101080
20000321
60000328
40000321
000017030300340000000000000001
26835016
48010012
7000038063
00065
6900008011000083
9640004011
12101
89380
dbcdb
944000
0000801105
0000439
00003269
0000226
45000171
80100692
dcadd
80180168
0000525
0000528
4568012
10694
78341
81555
1703030025000000000000000
80180078
79501
72400000101080
00971717
000100000000000008706
08700000101080
52400000101080
79400000101080
0000170303008
0000010000000000000373736
200507
450000460
4200004011
1500008011000083
9500000
37501
9900000
9940004011
fbfdd
75692
934000
668010007
54815
734000
00003288
00528
18000000101080
bbefb
bbcbec
61603010200010001
8000029
dcefe
0000530
0000584
6850100021
972450005
00004000331188
74101
68700000101080
9801000775
30000321
6306616
512792188010015
26169026
68018056
0000256
0000279
83901
01083
dcffb
85011
85010056
30888
12938010015
7740004011
7040004011
37383
27172
714000
07000000101080
7880100
8018022
20483
4000330689
801006691
8000012
83083
dcfcf
4000320651
10604
500003106
70676
20368
4928741
33297
0750100046
56500000101080
54700000101080
23700000101080
04601
09300000101080
50000328
40000323
000210910000320
8747261
8012721
530609417
324883530609417
2801001
6450000348
700050
7000189
0000428
0000413
450000000001030306
450000928
83815
05009
1040004011
45000301
150107
aadeb
40004006895
cbcfb
6200000
6240004011
5545000034
dfadca
801000820
9300008011000083
020050
1400000
38974
72036
71001
5280100
53704
18651
8018065
45000196
8010132
202450005
44251
dcdfd
7000017030300
4000080112
4000801199
16545
450000796
00004500002821
eadde
96190
98901
95750
5010060
80123840
10000328
9801000777
850103
479916098423
800068
067572616
7573026
9801009
0000273
0000149
bbfdd
450000701
834000
104000
504000
150303
00230
00237
0020100020100
47259
898906
91207
25484
2100004011
39801
7440004011
3800008011000083
48001
7240004011
1340004011
58001
bbddf
0000191
4000310698
81767
8000033
4000350652
0000500
dcddc
dcdac
65640
6000016030300
45000200
81501
155909
06677
70301
67716
64701
7501007
4000560642
baaacf
aaffdaa
aaaebe
6901527006
9212829900508
81388138
0000170303401800000000000005
100502
2000033067
617030303
0100004011
0000159
0000338
00066
97451
42783
330000020405
879201
00264
350050
604000
3180100020
67601
916906
9400004011
2200000
644000
afffffbd
0200004011
5200003806
634000
70817
5300003806
450000527
450000588
80101980
dcabd
dceeb
82101
44230
91518
02488
20054
68200000101080
13700000101080
04600000101080
273057477696
000045000194
50000322
479916098413
345459520
000100030000000002736
4500004000004000331183
140303000101160303006
94585910
0450000349
18018056
2000033061
2000033066
3170303
6801009
900050
bfffffa
0145000034
00004508
00032
80148
034000
83801000
0540004011
174000
90483
40004006821
000103
36227
35801
62925
906676
843220
67501
41010
94821
4400004011
39450000
61988
744000
07300000101080
00003281
1945000034
1840004011
dcadf
801801652
ffffdfd
20000801
86083
932450005
061302
000100000000000002736
28920
bbddad
63800000101080
143926
9036397
9801000779
3000033060
01616
0000393
0000121
0000259
0000274
450000404
dcbbe
3400004011
3400008011000083
34805
20830479296
690050
1500004011
15010056
87477
3500004011
65011
12801
99301
67054
740050
0000330690
00003240
00536
4000800698
8000050
3454283
442506
afffffab
0000592
450838
50100039
5000017030305
4000801101
1703030204
5010122
53200000101080
1050050
51501
73947
479916098416
01238901
000100020000000005746
32303733375
323730363130313034363339
1801009
317030303
480100041
9450000346
0000268
450180
8045000034
becfd
470000020405
626940
994000
75450000
75601
444000
44434
51038
6340004011
7320485454502
00003293
04801003
00526
004830
45983
0097005096
801801657
4000350665
5000016030100
1000017030300
305143926
96936
67216
68100000101080
78800000101080
70000324
30000327
650103
690155700
57276696365732
45000034000040003006681268
4450004
810750
dfffffc
01700000101080
0000888
33624
0097682
968010040
654000
7700000
77883
4600004011
11380
62901
840000020405
60923
88001
fbcdb
2540004011
7640004011
2800008011000083
00732
294000
0440478
03601
300504
450000687
dcecf
0000590
0000596
317155
5000017030300
65183
4593535
45459820
45000299
822450005
1666220
80782
76534
085955
50180020
09400000101080
07400000101080
004714
479916098429
000017030305907
4542454
693680070
743031646
3757279026
657263757279026
0000000001030308
7374617469630
61756374696
3253050100046
6563740866616365626
00010000000000000273621173636
44500000101080
8450000349
0000167
0000307
0000358
0000251
010201
50870
00261
35018002
94293
93801
affffbf
6680100
598406
80180691
0000181
80101213
dceca
0000534
dcdef
caacf
300450005
11676
41501
00010001000000
58546
02800000101080
48100000101080
61101
801020015
29439
20000326
4000560647
00350034
01238907
5456005
5000033064
bffffce
0130050
01400000101080
01622
0000313
bbffd
83483
17401
10401
69202
32383
9600008011000083
00233
00295
85301
47383
77450000
114483
37401
550050
ddadd
7580100
801000826
801000419
00799
02301
6640004011
66616
0700004011
784000
45000143
450001269
0000380639
4000310659
805450005
dceaf
dcbde
10630
990675
41469968010007
0000008011
99190
487332
bbcefdd
78700000101080
57601
07601
017030303
80000329
374617469637
617069016
8780866616365626
6106636
313205626169647503636
459528
3746174016
61646965730473696
00010003000000000273621173636
3746174696378780866616365626
1450000343
3000033066
680180020
600504
7801009
8801009
efffffc
0000360
03801003
450000804
05313233373702636
34627
69801
4200008011000083
0097003
353336
30213
890000020405
314000
02801
020102020101305
0000801132
0000330624
0400004011
9420077
4000330622
4000310604
8000036
dcaea
4000340687
dcecb
44201
38341
73683
3120323034
974054
024880
802696
53500000101080
31638
99093
13413
07100000101080
90000322
90000329
479916098420
000210950000320
450002392
450002395
000210900000325
886416
86450100042
170303003400000000000000
0282010100
3000033067
06283
450000691
006514
3540004011
3500008011000083
adbed
4077924
46709
030355
57054
14815
514000
6840004011
13801000
0000250
bbbaaaebe
8000020
8000011
dceed
dcbca
dcfae
dcfcc
450000482
4000360654
4000025
90301
1020302
94350
5850100046
48201
0866616365626
07600000101080
79900000101080
20000324
90001000000012
40000326
8000601
000100030000000001
2046450005
00004500025
6573657276696365732
8450000346
980180020
0000122
0000128
00051
03434
01020
05626
dcbee
17306
69380
33383
450005644
aaace
ffffcec
47001
4600008011000083
8010092
8010013
afcdb
31450000
2240004011
affffbe
00760
51054
3840004011
0000330628
490050
00003270
794000
0000400033117
450000585
90000801
9000022
3000080112
effda
78500000101080
78900000101080
63900000101080
801020012
22800000101080
90001000000017
0097345459528
40000325
3146696
000100040000000004696
0201000201003081883016060
1603030044020000400303
0000770
dcfea
42454
45000337
90880
324000
87101
40004006983
35883
120050
67301
4180101
2500008011000083
94124
8011009
2800000
edffffd
00767
66006
43034
29301
00540
0000380662
8010100542112
450000685
801006695
34501
dcbda
00000000000002
801029
727473057961686
78901
5472757
801020010
30000329
50000327
0501011
dcafa
450000380000400033118
fcafe
1072322
54561950100046
94500000101080
0000179
45450000
8300000
caffffd
34001
909756
334000
32601
87036
3600008011000083
6500008011000083
460000020405
462616
2400008011000083
0000000080022
00762
54391
494000
4940004011
00029
0000380624
7940004011
00534
0000380661
4000330678
00970050986
8000017030302
dcbff
dcdaf
dcdba
2000016030300
babacd
10583
9801000776
dcafd
0062159
4000801102
bbccabfdb
5000004011
0000507
06161
450000993
97501
050050
6900004011
42683
aadfb
8200000
364000
cfcca
950180
6040004011
55018001
9100000
2200004011
220065
640674616
afffffdd
00003248
198010015
0800000
18801
0000206
21794
4000330602
9000023
dcebe
38064
0000595
dcfca
adadac
3000016030300
7000016030300
80180009
adbcd
78036
efeaa
474450005
14665
801800767
02766
02500000101080
94772
3976500
470617373
66013302636
726564646974
50180220
7661722
00006001932616365333032333
47061737305746
cffffce
0000379
06383
dcffd
34701
45000207
154000
15383
36001
9500004011
5540004011
99483
88459
214000
28833
574000
64868
234000
0000801103
50146
0000330689
00003268
8010142
80101816
33783
442646
4000350641
afffffcb
10624
4000024
903470
21120618
915185
867450005
46070
91701
43301
63535
84701
1324457
50108000
78400000101080
539054
90001000000016
30000323
30000325
40000327
00034907
28756453
10005
2000033060
280100041
580100202
7450004
00450
0000160
0000351
0000161
0000764
05011
10783
8700000
82883
40004006880
658010016
464000
89450000
feffffd
818010007
244000
2100008011000083
76801
00784
684000
00003249
2940004011
0000380622
5340004011
0440004011
004450005
0000289
30050876
801006690
dcadb
4000340611
dcede
442446
dcfac
170303051
60000450000280000400040062
8807373
45000220
abbcc
0323231
160301009
41761
765801003
260771
000040003311860
79601
09800000101080
bbaecb
381054
28401
80180023
90001000000015
479916098428
461707
000210900000329
623896
100505
6000007
06183
0500008011000083
340000020405
00615
00609
1740004011
3300004011
3200008011000083
86054
86673
114000
95011
41380
26305
75850100046
80100022
80100051
61865
640050
23001
00793
14383
0000391
001030305
0980100
00003278
bbeff
bbbabc
0000183
4000330634
0000000000000045000095
4000350638
74703
74683
170303047
41561
94197
22685
28297
00001703031
801020011
8010105
65646961
030017
2020100020100
0000010000000000000362
40121057
080100202
480180020
7000000000000000
7000004011
8801001
00319
0345000034
0300008011000083
450000455
ceffffd
00600
40004006065
850000020405
404000
92630
624000
88450000
88841
75011
2300004011
9300000
140000020405
001000
0000330661
52832
00003263
00535
0800004011
4000330697
44244
bbfcb
2000080112
46183
450000700
801800762
49201
76983
033336300
6564016
37409333630627579696
7512766
aaffdab
1000033060
18018017
2450000346
3000038061
4000033064
8000004011
9000004
9000004011
9000033064
00454
0000272
80518
064000
20450000
10875
69501
82283
00269
000141
47683
479360
124000
46083
95801000
8010099
45000034896
990000020405
ecffffd
91883
2600008011000083
2440004011
75883
0000000000450005
390000020405
57676
00794
5145000034
5645000034
00547
30050883
450000593
0000110
8010153
80101651
80101255
4000310687
907839
80000450000282
dcbcf
dcdbb
dcdcf
61742
68537
84298
23360
43401
7264663
44622
80100799
57734
4476513
0054158
63200361
63200362
79101
01000001000000000000076
9801000770
50000323
4000560644
550103
00004000321188
45486410
6630255
00010009000000000
31383132
94585940
11448340
280100202
68018001
00529
06879
03883
424000
45000345
15011
150000020405
65383
abfdf
fefdd
92783
3700004011
3700008011000083
6200008011000083
45000034483
6740004011
41340
25018002
940050
394000
0000400004118
544000
540050
384000
484000
524000
4340004011
0740004011
09801
0900004011
1940004011
00542
00561
7840004011
0000380630
61645
4000330614
801006694
4000340665
dcbcc
dccce
7000006
23483
80682
93201
70626
864450005
06605
93723
40036
3207616
60721
56902666605617661737403636
9036386
026986
90000321
00001703030550
000210930000320
1703034018450005
726700
696404706
773302
00010001000000000373736
0333363003636
1000033067
1000033066
6000004011
800500
88018016
0000166
3400000
1700000
16054
0097287
00265
650050
65901
7700004011
abcdc
89201
feaeb
95883
80100460
620567
81801000
99401
2400004011
24901
2500004011
75727
61901
224000
0000330623
434000
4900016
790050
0000285
8018064
4000330647
4000330638
3833333935332
50057
74601
860754
032450005
1467656
973696
adbeab
93075
025054
8010026
bbcbdb
5011066
cfcedf
798979
450187
450100027
00320037
690156700
00509665255
000000000001030306
344156801000
08010012
efffffb
0000616
0000408
0000356
0000148
45183
bbfdb
97006
dcffe
dccaa
3200004011
87801000
16100
820000020405
ffffcef
3600004011
fdcab
920000020405
370000020405
620000020405
81883
45000034217
2700004011
2700008011000083
91380
2600004011
00000000056
2800004011
39380
00792
380000020405
7100004011
450000589
0000180
8010066
dcaff
0000547
dcfbb
dcfad
2000021
beefe
1000016030300
bedaf
90266
96282
70617
472450005
450000735
ecada
93601
63551
9558054
88101
80103016
9937054
003020102020
72656464697403636
28018016
8450000343
88010008
cfffffa
00301
0000623
0000151
450000459
8300004011
978201
054000
45000243
160000020405
960000020405
360000020405
353334
cbffffd
80100717
62124
45000034306
25010056
0050876
5780100
14801
4840004011
7200000
00003238
065450005
870450005
0000187
8010164
450000686
801006696
dcedb
dcdfe
4500004202
70000801
50000801
63687
183450005
aabab
abedf
aefae
01603010200010001
badacd
4030047
64627
385010001
04020000
45080053
0000801111
30000322
40000324
2501011
313439383
00581591
301906035504031345000341
032323132303733375
00320037003
0450000348
0450003
8000033064
00070
450000766
dcbef
dccac
96842
40004006483
46450000
55001
801000413
801000418
7400000
23880
23865
00746
0000392
001694
00003239
87071
80067
97601
69646
8000030
801800768
4000350688
976514
adaddd
10612
10622
2000017
00000000000000004500006
73237
990676
00004500002812
cabcaf
37392
4868010003
0000400033118403
95140
18910
56101
50000325
479916098418
6577637
450100046
16373016
6869626
75736502717103636
9094884
100504
200506
6450003
700503
7000033064
70066
01301
0000162
dcfef
69056
420000020405
90708
15061
009717420256
96483
00276
00239
358110
30783
81450000
2600000
24483
254000
fabee
210000020405
614000
00740
0940004011
450000520
616476
45000028000040003206
901030309
80101495
4000330665
dcecd
dcecc
0000580
0000570
170303053
117337
780962
345000564
affbf
16262
742365
50601
bbadaa
57600000101080
001605
20000325
20000328
60000324
50000329
000017030300250000000000000003
313831323331
280180020
6000000000000000
6000033064
780100202
0000257
0000513
34783
172186
42483
00236
40004006708
3600000
46174
8010087
8010095
374000
62801003
45000034801
6700008011000083
41883
41483
440000020405
57301
94290
0240004011
1400004011
7900004011
8018061
4000310640
4000310608
28343
4000340663
0000511
adaddb
50483
470450005
81513
868450005
60054
82245
00004500002836
2053450005
09810
91101
7402636
722111
0000801123
456000340
80000324
8501801
3000033068
dcafb
55010003
801020171
3783759
6858518
636172742
317420256
73746174696309333630627579696
480100202
600509
00459
20883
1700008011000083
15801
000147
7700008011000083
899906
8440008006
554000
55501
27883
44901
7600004011
39861
71935
534000
530000020405
79301
00537
bbedcfe
9000021
442436
65083
874450005
48557
780870
773036
6272616
51480
98401
bbcddc
5011003
80101041
45080126
323145744500008
000100040000000001
365732
656469612
01238902
3450000348
880100202
dffffce
01201
0000427
0000374
801401
801030305
450000371
450000918
42054
1540004011
00275
00263
40004006855
36054
359583
8600000
9500008011000083
310050000
26401
faffffd
005043
284000
39840
6440004011
2300008011000083
00728
7200004011
19504
0000215
4000330654
4000310670
4000310694
4000310674
8000026
dcacf
337450005
afffffaa
4000320621
10608
7000039
452450005
690087
406676
62688
10882
49250
41589
63307
269054
54627
4000560646
002000040014
0301002
024600
656203636
00010002000000000373736
00010000000000000373736
985241
0773696
1450000348
2000038061
0000636
0000163
030000020405
97083
42001
0097341
40004006201
40004006234
650180
92501000
906767
55101
8880101
88843
7500008011000083
2200008011000083
7405746
930000020405
664465
50117
980000020405
5440004011
5140004011
510070
4300008011000083
59001
0000380649
040000020405
0000205
204854
450001260
450000528
68373
0000185
450000684
9000025
dcefa
80180128
dcdca
dcfcb
450000405
306450005
3000022
10000801
4500004200
8208010003
695450005
672801003
952927
63200368
93901
66101
9801000774
801020176
7201978010015
268350
6661466
47377697
120778010003
1000033064
48018016
5450003
9000040119
9000038061
01901
0000207
0000502
03801000
8300008011000083
00602
33454
32783
1500000
15783
ffffcbd
120000020405
46483
81817
910000020405
26801000
61801
7400008011000083
930050
14477
184000
450000521
0000836
976450005
80101323
4000310637
69647377697
8000045
4000340639
44264
47883
adadded
1000015
461696
1703030198
65732
6572746
617431
74636
862850100046
912241
900506
50501
badfc
32644
51700000101080
56203
51401
7488010003
0000801113
60000327
479916098431
40000322
000210970000320
46368036
6901517005
8667261676
000017030300210000000000000005
170303002500000000000000450001
736563757265
78096269647377697
7809626964737769746368036
1000000000000000
3450003
4000033062
5000033062
9801001
00007906
0000218
97421
dcfec
344000
00628
42383
6500004011
4600000000000000
80100574
84883
eecdb
eeffffd
55745
2700000
274517
28652
57864
6100008011000083
00797
56883
4300004011
0000380648
450000523
61641
9000013
8000015
5040000
504158
feace
6000021
5000016030300
bebac
8060667810
12412
0569991
0000642
20518
26024
63195
79716
4000520684
53301
182450005
56601
58101
456000348
60000326
012240
902700
17070726
00400045450005
2450003
5450000346
7000040119
88010058
0000766
45467
dccae
17801000
6980101
4200000000000000
420000000001030306
331255
87983
00974593415
304000
1245000034
3740004011
45000034395
27801003
7500000
28970
14479
4900008011000083
73036
7300004011
adcfb
44271
450000483
2000022
5000005
5000021
4000380667
00006773302
402450005
bdbdda
7413519
28246
63200360
07201
801020016
450000280000400040069
00004000321186
801020175
0120444
25010003
7413519814
4450000343
58010058
8000040119
0000458
45783
06883
030050
031450005
450000698
97883
050000020405
15183
36383
354000
12054
860000020405
77801
84983
45000034301
5500008011000083
55283
670000020405
27101
88883
7500004011
7600008011000083
6400008011000083
988010007
564000
0000330675
0000380619
08856
45000123
61623
6164737
4000310690
dcebf
442617
601450005
450000480
3000005
31715
234961
63076
485453
81598
4000300690
9708010003
68583
6858282
460754
037974
0001000000000000097472616
14701
6448010015
1388010003
4000560645
5501011
010000010000000000000366
abfbaa
926239
268350773696
04500006
5000038061
8000189
97383
97374656
cefcb
beffffd
69206
32801
47483
35018007
70201
62694
840000000001030306
274000
30183
7400004011
00781
0000445
501875
5240004011
1703030035
59301
09054
5380100
584000
7800004011
69101
4000800693
312230
9000042
4000340669
dceda
442734
0000540
bbfaa
4000320641
65077477697474657203636
34083
10660
7000080112
60000801
5000022
0000662
1072312
00004500002881
14660
40373736
79656
81101
6320084
66401
141430
400053068
00004500028
000100030000000003777777
4000340650
5010114
46361737
0667656
000073342
32530530
8954054
67313009333630627579696
000017030300300000000000000001
611173736
6164766572746
46361737406676
6164766572746973696
1000033062
2000033064
28018001
0640004011
038010016
dccab
00618
16483
8240008006
40004006485
40004006867
47039
35010056
86509
89283
89883
9520000
37465
84695
67992
26168
2530530
21983
76332
5740004011
6100000
64942
7465722
93883
0000440
29001
0400000
1300004011
0000284
68351
4000330639
4000340645
4000350698
daabcf
60000150303001
1000080112
78383
6173733
4000380657
814450005
3906501
896450005
59500
945010001
29701
71201
09401
8011021
450000280000400040065
90000324
4000310653
280100170
46369747
020000560303
4450000346
4801002
8000038061
9000040118
00345
45383
06983
450000756
becdc
00692
1700004011
8740008006
87980
96450000
40004006857
40004006175
47656
adafb
40483
46106
8900000
95401
55011
4100000
880000020405
75056
44483
21380
21012
39801000
5700008011000083
22901
144000
543320
688180
594000
5840004011
901630479696
dcaaf
80180170
801800763
44256
4000350617
dccca
10607
45000241
7369747
717572696
167450005
96945
74201
3858010015
2578010015
005016
60000329
5310773696
6000033068
261640
450002397
000210900000326
87478010015
690157700
17628010015
4000801108
03617069077477697474657203636
6306616461707
061302504
2607718010015
617431056774696
616473797374656
7369747901630479696
63066164617074760
38010012
5000040118
6000038061
01360
45010063
0600008011000083
dccad
150180
15010063
16683
82054
36801000
8640008006
95459
70762
62601
84183
26601
25011
250180
28452
3900000
61450000
510050
7200008011000083
58801005
8018027
450000587
4000330686
0097005097267
44252
dcbdd
0000531
0000539
450450005
830450005
450000435
4528057
690675
854450005
abeec
845000564
974450005
ecaec
325054
cadff
50101244
60215290
58601
04230000
250103
4000033068
80110041
950100042
450002391
ffdebe
00000400032118
19026
5000040119
6000033062
7000033062
9000033062
03002
dcfba
902830
338010003
8780101
1600000000000000
9600000
8540000
86883
770000020405
ddbec
41383
94281
02460
0000801110
1400008011000083
5680100
6800000
2900008011000083
130000020405
1800004011
004011
80180431
683305
801010054
44270
442534
4000350643
11701
6174666
450000786
0350571686
adbeac
2950100
83544
46963
56501
0800063
63200366
79905
cfcdbb
1000033068
01000001000000000000016706616
17070046
400500676
3305676770687403636
0000000010000000000000477706164
0320373736
643179366
740564706
0379743305676770687403636
1000038061
4000040118
680100202
6000040118
8000040118
00330
0000559
0000429
00052
45583
03401
838010003
97201
becba
beceb
2040008006
45000223
40004006822
95283
628010003
81483
bcffffd
ecbbe
67101
75483
80100084
00769
0000801101
0000447
6600008011000083
4800008011000083
17030310
7900008011000083
780000010001
4000310631
80180186
44257
442616
4000350657
883801
5000047
becca
690676
06070
0569984
93205
6908010015
86572
06760
0000080113
13201
39742
74511
0100506561
51101
400026064
17030310188
15010008
35010003
45484546
00010002000000000373733
4000600216
74733306676
0016949199
454845464442
1801010
6000040119
900509
014000
45706
06901
0300000
03054
450000780
450000929
00627
69683
696503636
90702
33983
85883
47629
35483
4080101
77283
89583
feaea
95010056
80100123
8400000
84866
8140008006
810000000001030306
2740004011
264000
25301
940000020405
750016
760000020405
764647
230000020405
660022
681767
4800004011
094000
730000020405
bbcbbb
45000141
45000144
30050913
616274
4000330674
4000330608
4000310682
9000050
000108
442786
4000350642
dcfab
bbfab
2000040
5010011
abbfd
50547
933165408010007
70083
9088010015
17215
ebcca
04815
095010001
6973743
57501
7302717103636
24277
28783
49484452
43901
459340920
48901
9501801
2000033068
6001962653131353730663
17070036
30243010060
690373736
75747562652
737461746963056
461746107796
05676461746107796
683305676770687403636
08010055
28010008
7000038061
0140004011
0000129
45574
01021
dccfa
50737
45000306
16283
82783
853301
46801000
46783
8940008006
feabd
6200004011
906760
81383
310050
550000020405
24801
250000020405
25183
007315
98801003
988010016
7300008011000083
bbccef
45000177
0000380611
fffffac
4000310673
9000041
dceae
dcebd
2000010
5000080112
28820
305010001
84631
77047
bdddb
801800769
73581
44601
66665
170303029200000000000000450005
61220
10501
66573
08521
16901
6648010015
9801000771
40000329
0000400033118563
00010000000000000361706902636305736
1000040118
7000040118
0000906
0000652
0000871
0000419
ffdbf
bbfda
978816
000001010
dccfb
34983
340000000001030306
4200000
33301
15870
002450005
00266
40004006892
36483
12783
11450000
11983
84901
750050
440050
801000829
50111
5600008011000083
7100008011000083
49873
1900004011
084000
080034
780000020405
7800008011000083
45000125
63247
0000146
801800764
345558
44272
442536
afffffcf
dcdcb
30343
4000005
0320571686
067333
41403
00004500002880
400450005
10048
7602636
0000400033118683
450005620000400035118683
61546
39025
90001000000014
707562616
9000033068
801020174
0001000100000000097472616
6901537007
69057974696
736563757265707562616
73656375726570756261647301670
18018001
6456005
00800
01370
0000276
0000899
0000464
00075
4580101
450000329
83881
bedca
50801
42229
45000234
47583
46201
1140008006
84383
5500000
5500004011
25886
9400000
57197
02983
5400008011000083
5100008011000083
71452802
0000380626
79054
08204
30050928
0000138
9000014
8000046
4000340644
442306
dcbdf
90031
5010083
17083
95193
63200364
50110089
450000280000400040061
2785288
00350038
000210940000320
5791353
3861550107
1000040119
20005
2000004
400010
580100078
680180154
9450003
ccbcdbf
efffffa
00450000
00453
010050
0000278
00087
450000307
97483
05166
17201
17283
87583
121680
abffffd
110000020405
92583
90615
99402
0579616
00782
00741
5800008011000083
80180888
0000186
80101015
900003106
801801659
902000145
7000018
73701
45000225
aabcd
ccddb
977450005
00004500002877
0390571686
801800765
00010002000000000377777706
3310571686
43101
0340571686
034057168696
610464726
19201
bbcadc
90000325
7000033068
000017030305900
000017030305903
0000170303059010
0100000100000000000002766
7465720579616
65646961056
494844520000001
902000145030359450005
74657205796164726
38010055
580181
8000033062
00768
0000692
80683
06472
450000461
450000529
dccfe
dccba
45000312
33801
33165408010007
820000000001030306
960000000001030306
40004006102
857501
46693
921601
45000034683
25422
ebcfc
bddeb
5200008011000083
490000020405
5900008011000083
00417
6323232
80101925
0097005081
8000039
8000019
44233
442596
9008010015
dcfaf
92447
adadca
4000360630
701030309
7000031
4000023
6000040
6000039
fcaba
841301
945000564
45565
89310
7333630
801800760
9108010015
955001
58054
72101
000045800165
4000560643
32303133
000210900000327
893417
86174736
beeafe
427791
270340373736
000045000028000040004006581
2020102305
2000040119
4000038061
58018017
6450000349
00761
01252
00025
bbfbf
06483
06476
83861
9740008006
cdffffd
34446
aabed
40004006207
6700004011
250050
5019001
6800008011000083
0000380621
79001
204450005
30050869
4000280
4000330650
4000310642
4000310630
9000033
80000450000283
4000340609
442706
442796
28840
903830
4593531
636802696
6174696
00004500002827
99201
91742
20383
edbdb
96197
48068
38229
48684
53201
0310571686
73086
29729
3330571686
04901
00973454283
3000033063
657400001
000210990000320
00004500024
3380571686
0361706906
000016030300410200003
973026
0160303006
627307333630
0662747261636502717103636
66302558010015
6273073336307361666503636
3000040118
0000254
00688
82201
967697
40004006906
40004006101
85010063
47783
350000020405
40783
77421
95583
378010016
84450000
55054
acffffd
260000020405
26883
94432
75461
7573657
ebdad
2800001
140050
14471
480050
73001
ffffecfd
80090
6163680
81753
9000036
44283
0000588
2000005
bebfd
806450005
4308204
875450005
102450005
912222
170303045
315010007
96534
73322
09901
0370571686
bbedca
518001
400053063
801020177
450000360000400033118
0000000005696
900013607501480000
465197
0097685814458
899386723
2000040118
20114
380100202
3000040119
6450000346
60005
0000165
0000243
8013302636
becce
00616
170000020405
5080101
45000214
45000253
82583
968010003
85783
95101
26054
24383
44451
801000823
6100004011
94282
00755
68801003
5200004011
0700008011000083
06500
134000
1300008011000083
1800008011000083
00442
30050848
4000330675
801006961
0097005094
9000027
4000340600
dceec
4000350689
98083
88301
11783
11725
6574616
aaefb
06083
ffabb
46688
abbdd
970450005
032057168696
207450005
845010007
969054
033057168696
509054
71401
bbcace
000040064
4000350653
61706973026
0001000300000000046
50058
1501009
87702717103636
0001000500000000076
0160303004
3840860018010007
3397280598010007
00010003000000000263610
47261636502717103636
3082060030819
616368097961686
98018016
000000020405
bbbbdf
00679
1040008006
5077924
907080
87683
87840004006
40004006317
40004006055
4780101
abffd
fddef
95901
950000000001030306
906770
310000020405
67883
ddbed
2400000
240000020405
510000020405
680050
4900004011
6300008011000083
074000
2900004011
1900008011000083
0840004011
8000041
800001703030590
442634
4000350667
01014
7000023
60000170303002
6000080112
28883
73716
45000203
aeacc
154450005
8208796
3120343034
458002
bffda
96646
703135
7968010015
64601
86901
447951
91114
23101
9036394
4000560649
000210980000320
95010005
000210900000322
60021597169305467773743586859
9790234
65726174
00000160303005
76464775
7031350571686
18010057
380102001
4000040119
450000899
becdd
3480101
17883
45000204
16256
00292
40004006883
40004006865
000135
36501
35054
658010003
86283
feafb
92401
92183
9580101
3700000
90694
310000000001030306
25701
faceb
801000828
5640004011
480000020405
720000010001
630000020405
73151
5300008011000083
048010015
0360571686
450000586
450000584
20183
201030309
dcedf
4000350639
dcdbf
fcedbe
40601
08301
490676
039057168696
81634
66901
320773696
14501
0207753
0330571686
22600
664466
bbbead
479916098438
50180027
150100027
0099000
0000170303401800000000000004
877686174736
2790473696
6995598010015
02010002010030363010060
21604149
00034991
121680700
03617069066272616
87768617473617070036
5450000349
dfffffb
0000651
06442
034350
450000328
97901
97283
dccea
349595
006615
33683
1600000
82601
96083
40004006601
000140
000149
36119
12283
77054
9280101
81401
81940004006
99470
21883
21483
21446
61380
74001
0200008011000083
380050
68450000
490000000001030306
594149
45000174
63200369
901450005
4000330661
81742
9000017030302
801801654
0000516
0000562
dcccb
303232
4000041
48301
43090
15593
33437
84086
23296
88811
71601
240450005
134600000101080
0000801118
04627
8501011
3501801
50180025
00004000321184
801020170
000210900000320
000210900000324
0361706902636305736
1762124
05070302300
000017030305905839960
180181
500010
9450000349
bfffffc
bbfeb
20801005
00636
9040008006
3340008006
87450000
870000020405
aafef
00296
40004006683
36380
65010056
12483
77483
950000020405
906745
00000450000282
45000034817
45000034305
27401
918501
0000488
69183
45000124
80060
030450005
801006969
9000046
38300
3000031
5000016
becbe
102852
107450005
40797
bdeeb
4330473696
727562
9163110
5018020
98115
4501801
050187
8000033068
6574450005
370616
737461740571
961647301
45600294
400073067
4010303040402080
4746563680473696
67313109333630627579696
657773056774696
73746174057169686
961647301630479696
18018016
2000033062
8450004
fcbcdbf
00458
0045000043
0000460
80483
801450005
97450000
690000020405
9080101
87183
fffffbf
40004006924
40004006183
85450000
47300
30896
86801000
86340004006
89983
fdcaf
70283
8480101
dbffffd
410000020405
fbcbcd
26483
daffffd
21000000
80100023
51000
6800501
0000330662
070000020405
730000010001
0800008011000083
bbbcfa
45000151
683405
4000310660
80584
801801653
442377
442736
45040
4000320692
45600
026870
cceee
40610
6573746
aaaca
74682
36564
1703030027
adbeeba
96390
44501
41250
94101
76901
0800060215290
13401
08201
22900000000000000
50104000
050103
5000033068
00000160303004610000042410
290786
080100041
180102
3000033064
6000083
98010055
9160303004610000042410
0000108
45283
97800
dccaf
dccdd
15883
87283
87919
876601
16583
82450000
40004006905
85983
650000020405
65111
120000000001030306
86483
feaee
feadf
aeddd
95010063
80100172
3140008006
91383
75302
ebfba
760050
6400004011
740000020405
14883
680000020405
4800001
43167
0900008011000083
45000173
30050931
4000340654
442496
442785
10634
7000080111
35783
4500004227
165450005
91583
692054
4140303000101160303002
facce
726502717103636
9850100021
42494
89701
0050684
00001703030023
1801039
690159700
057374796
9034708010015
145000562
3450005620000400033117
600508
9450005620000400033117
0000905
0000343
00061
801026
0300571686
dccfc
3440008006
006450005
17450000
17101
50201
45000443
1640008006
82483
00971742025
40004006825
8580101
350000000001030306
46283
8010042
37983
84483
45000034112
27183
27342
750000020405
75206
39840004006
007450005
14470
56801
5600004011
7300000
5300000
0400008011000083
005450005
bbbcdb
2040522
4000330615
4000330626
9000024
9000080111
442386
0000546
dcfcd
fcedf
beebe
40683
9026394
0839701
841450005
1703030052
450000715
457450005
167696
81252
affdf
62727
6375732
450002396
0044004
956268
6206636
00766
0000339
000406
450100587
801020
450000693
83683
dcffa
340050
170050
69450000
50783
15483
87883
96583
47450000
46683
11401
8010070
3700000000000000
0000080110
31883
2780101
25883
6600004011
98450000
5100004011
0700000
5300004011
4000310614
80180042
442716
4000350692
dcdff
dcdbd
02687
3000040
1000016
1000018
46664
28054
30083
74700
74706301
862450005
acace
690473696
69482
31083
0001000200010000
6970726
00971741
68683
78101
59701
63939
8000033063
450002390
0000010000000000000870696
0380571686
97473746174696303636
7000000100
72656464697473746174696303636
34448010003
6902676
0000400038061
0000017030340180000000000000
9676977697
74706301630479696
58010006
6000008011000083
780102001
8000083
9450000348
0000915
0000966
80983
bbfea
801406
450000699
970000000001030306
cddaa
6940008006
420050
87483
82683
40004006036
40004006283
47348
40930
12383
12583
7773696
46976
1180101
95018007
45000034732
45000034435
99901
67183
94450000
2180000
3980101
5700004011
22301
748006
23151
007015
024000
50100973
710000020405
0000330640
044000
30050855
80061
adadba
feabb
10605
7000035
1000023
01270
820450005
8140303000101160303002800
692450005
00004500002855
71701
5010125
227450005
64401
801020178
707130
00010001000000000870696
6465616
0001000400010000
365726
821567616
0001000400010000066
080180154
4160303004610000042410
7000008011000083
8450000348
8456005
98010017
0000617
0000572
830000020405
05010056
dcfff
dccde
00620
69501000
450005765
00290
40004006696
000152
47183
35450000
3500000
860000000001030306
fecbcd
95483
62408
45000034667
99450000
27585
41983
888015
91983
4400000
bacfc
0000801137
98801000
540000020405
71380
19801000
580000020405
58456005
4500002800004000
80000150303001
0000520
bbfae
48383
170303011100000000000000
aabad
78077
0000799
70664
10711
39583
89110
40083
827450005
302977
000004656
3978490
21601
5010067
23983
0000000007616
49850
000040067
00974805
3737302717103636
677463737302717103636
683405676770687403636
1000008011000083
4456005
48018011
48010009
69765
900000000000000450000
00067
80783
06059
dcbed
00667
108401
69283
508010016
45000248
40004006376
40004006035
40004006655
8540008006
4700000
65683
3040008006
778010015
46601
abcab
89383
370000000001030306
62383
27530
2500000
39001
61883
00742
54450000
54801000
19002
8018062
9000034
90000450000283
8000013
8000080111
dceaa
34583
442526
dcdbe
bbfce
0100032
10692
3000017030302
7000022
5000006
46660
4500004225
47241
844450005
912206
190675
41570
12645
796572
68201
79206
bbcaaf
000210960000320
801020173
7430313
73616665627
7361666562726
3000033062
480181
5000008011000083
8450003
9000008011000083
01601
0000208
97983
05450000
2080101
69583
320000020405
15583
87940004006
16783
82327
40004006455
000134
000158
85801000
6580101
65583
65860
12450000
95983
37601
beded
45000034096
99883
270000020405
91483
25010111
94410
75983
750180
4400001
21383
57283
22383
98104
72983
17030316
190000020405
04801
0000293
8018089
fffffaa
442726
442316
0000575
3000023
ccebf
bebdd
4500004206
87538
174056774696
85023
114844
82433
38683
78538
456000346
4000560648
000001000000000000076
05010008
400026065
003714
0004000404706
1707073666
000100000000000003696
01238909
730767617465776179096
01000001000000000000046564676505736
0000046564676505736
79657203636
21603030046100000424104
400509
4000008011000083
68010057
78010055
7000004
8000008011000083
0100008011000083
06471
becee
dccdf
20283
00689
104450005
69332
96383
40004006125
8500004
40283
1200000000000000
128450005
9240008006
62450000
81002
60401
25983
9440008006
75783
28450000
9340008006
9880101
51008
80180400
4000330635
4000330627
dcdae
dcdeb
573450005
7000017
adbdf
45000255
74701
74783
89601
41776
927450005
943913
507004
05139
249801000
33454288
000045000174
01000212
cfcddb
770636
801020172
00000100000000000006676
17030310181
743031663
066576656
636865
32303131450004
0450005620000400033117
08018001
18010055
645000562
0000746
00060
00064
0340008006
450000302
83983
6903636
15018007
82840004006
009741346
40004006501
40004006054
85864
47983
65450000
65801000
1240008006
86183
92883
95450000
620333363002636
84801003
acbeb
99183
8840008006
25743
75683
2800000000000000
3940008006
610000020405
bdffffd
bdfeb
23450000
020000020405
0200000000000000
028055
5400004011
51383
4880101
0000330642
0000330641
52836
4300000
6300004011
45000154
450000580
4000330641
4000340626
801801658
442315
afffffcd
bbfdc
101030305
0100023
feacb
2000030
beebb
becbb
060450005
4500004241
895906
47305796
490675
06191
312032303045000034
afdba
725406
61206
5018074
389450005
28990
63200363
000037116
78401
0100000100000000000002676
9000033063
45000028846
0262720000010001
adbcea
961647305796
80367667
45000034000040003006956268
4617574680367667
0933165408010007
00001703030033000000000000000
334556953
302138661
46175746803676678026
1000004
1450003
3450000349
3000008011000083
5000009
00983
0000983
0000969
80701
06783
9780101
dcbeb
330000000001030306
335010001
15450000
00279
8500000000000000
850100587
47349
3540008006
35010063
feaaa
aeaae
aeccd
92283
95980
70483
370050
62101
6700000
27483
3010100542112
9140008006
75383
057450005
00765
51380
6800004011
520000020405
5900004011
00544
080000020405
5800000
58837
0000830
8010172
4000310624
801006699
80000450000287
790675
442687
4000360696
456450005
10667
2000023
bebfa
6320072
28083
590675
266770
93080
991343
72718
97869
10518
64183
0800066
08501
000210920000326
34593595
000100090000000001650
380100041
8450005620000400033117
99765
900508
00757
0000160303005
00092
03435
450000777
97183
becae
becea
34883
698010016
16450000
16200
8280101
00299
40004006559
40004006375
408010001
7780101
afbce
410000000001030306
25801
25683
94691
94901
fccbcd
440000000001030306
76683
76057961686
7665727
2880101
74983
930000000001030306
028291
660000020405
00100009
71801000
73033
7305796
5800004011
450000583
4000330633
4000330624
8000042
80180048
442586
dcfaa
4000360664
3000015
3000024
6361736
4000380627
ccdac
73612
895450005
454450005
bfebd
7777770
892450005
876450005
435010001
1140303000101160303002800
917906
40053
166450005
97997
bafacd
099495
bbdfbf
64246
557005032
78793
08701
36999
00004000351188
456000341
50000326
2000033063
4000033063
8010359
000210930000329
450002399
0000160303004602000042
00000100000000000001650
9717572696
000100040000000003
6731056774696
000017030101
676977697
73697479057961686
020000590303
353936013002343601370532303730330472737
188008010015
6174636802717103636
1450004
3450000346
4450003
ecbcdbf
00883
00928
45683
45483
ffcdb
0600000
03809
450000919
20783
69983
50450000
40004006805
40004006067
77683
46632
abddd
11817
80100100
76001
57865
640000020405
3840008006
7269616
71883
780050
bbecee
8018041
45000176
30050864
21742
907450005
345407
44269
442567
442686
dcdda
0100080000
30000170303002
2000015
30332
5000045
beddb
4500004224
035450005
45000034267
eabce
41531
1703030288
44501000
98192
0000801107
52101
2248722
456000344
000210920000329
450002394
0000017030302
690158700
4500005100004000331185
257098
160303014902000145030359450005
75747562450005
080181
2000000000000000
2000008011000083
58018055
7450005620000400033117
880180154
bcbcdbf
80828
450000898
becec
05801
006915
10983
33283
82383
ffffffffff
96006
9640008006
40004006026
40004006636
40004006894
85401
4740008006
77183
460000000001030306
feadb
62636
906762
3100000
99983
4140008006
41817
75283
75820
75018007
28879
570000020405
00735
02931
1800000
4000340664
442516
dccbb
7000024
4000017030302
6000022
4000801100
1000006
bedae
747231
0000661
ccade
93566
9726573
1140303000101160303002
00004500002841
eedab
1163110
54501
5456191
56701
bbdeaa
1501801
6901507004
86368616
801020179
00308201
90703845601
9757365726
79746963730
6561647301670
6365057961686
90603550403131247656
6167657304736
61746368046
0097459352928
200010
280180154
4450000349
4000038064
5450005620000400033117
7000008
8160303004610000042410
00004500010
00080
45340004006
bbbede
010450005
97940004006
10450000
69483
150100587
87064
96717
40004006695
36683
35283
4040008006
fdffffd
11183
70450000
80100208
45000034405
030373
27983
2440008006
280000020405
00798
48860
08801
450001261
8000034
442717
afffffad
dcdec
50415
5010004
2000024
7000025
7000014
000000000000000045000055
aeede
860450005
290676
20734
31583
325625
71783
801001655
76266
91183
bbdeef
289450005
14783
50102015
000017030309
befdfe
68585889
0002220000
17030300330000000000000002
3873001
06130255
29765
280102001
500502
7160303004610000042410
00812
0000263
00095
45901
808010016
bbfec
060000020405
06167
0673696
83183
97055
69322
45000283
45000305
150050
1580101
40004006632
40004006062
470000000001030306
35811
1280101
12983
77583
8980101
896906
89183
60483
60783
dadcc
39373
7800000
4000330693
4000310665
00970050891
00970050955
4000340631
80100585
44241
442746
442755
601030309
7000050
6900876
cceeb
5832775
90542
01760
deccf
390675
06661
170303004500000000000000
866450005
0567616
167657
707461696
26501
bbcaeb
59869
000040063
4500003700004000331189
000210890000320
746167026
373630
02641940
858518
6167650673696
97274617
45280053
65637403636
2667702717103636
200509
48010055
4000004
800504
980100082
01283
0000170
0000346
80383
dccfd
dccee
dccda
1780101
69883
45000209
45000263
1540008006
16883
8240000
009797650202
96883
0025838928010015
40004006202
40004006303
40004006377
40901
40883
feafc
feafa
95317
91930
76667
39340004006
affffdcf
afffffbf
00736
02001
0000801130
0000438
5200001
43166
790000020405
00538
180000020405
450000300000
61601
4000310667
450005620000400036
80000450002
4000340652
dcddd
10602
4000022
daadd
3171533
6000080111
5000033
903676
adbdd
48583
70070
050450005
4000520603
10550
54556
bbceebaed
182054
0498082
00050001000002
000100020000000002766
6000033063
0200004803
83808401
0001000400000000026
6232300000101080
0332736
0001000700000000027
45787069726573
0001000500000000016706616
440005306
88010055
8000008
8000040114
940006
fdcbcd
0000354
83383
caaac
000001030307
34450000
00625
69383
69840004006
90450000
33210
32683
160000000001030306
96801
00297
40004006701
40004006868
40004006155
47940004006
11383
920000000001030306
906746
00000450000287
45000034685
9940008006
670000000001030306
27283
94483
44883
2180101
74002
66398
5100000
510548
08831
450000390
9766964656
4000330619
801006693
0363617306
8219636
4000350699
0000567
dcddf
4000320619
30000450000282
6000047
5000024
90379716
657366
4707575
aeecc
0000600
89580
abbaa
971450005
11283
871691
407450005
245000564
17030300215
627450005
67046175746
361057961686
61579
59101
17069630
00001703010020
00001703030020
060383
6170690379716
730373736
63726974656
0005000100000077
3056274726
6904717069630
63686562616
972746173056274726
0332736304736
036361730663726974656
47075756904717069630
470757569047170696302636
18012
28010055
6450005620000400033117
640005306
7450003
780180154
7000040114
88018055
800509
980180154
980181
0040008006
0000463
00042
03450000
cdece
05018007
3240008006
aaabc
82271428010015
40004006971
85483
85183
850000000001030306
adffffd
6540008006
30401
12883
77196
46440004006
89483
890000000001030306
925010001
80100877
3740008006
55383
301937
91450000
75010056
750100587
80110077
76483
39883
39363
57483
9380101
9840008006
380000000001030306
70883
0000000000000045000062
4000310612
801006698
90000450000282
4000340640
afffffbe
478450005
450000415
23083
421054
feacc
466450005
377326
0000635
06195
825450005
accce
31683
000040003311838
361868
bbabde
98210
469450005
000034067
bbbade
000210910000324
3454280
00973407
75010003
4500004000004000331185
00976858518
06814177924
747231301
2000040113
3000004
3801012
4450005620000400033117
4000040114
68018016
0000632
0000573
8080101
80283
0102020102305
0580101
20773696
006414
17801
5040008006
42283
330050
15283
9680101
963601
40004006057
36883
86450000
92983
95383
62135
99383
678010015
67583
910050
fbcdd
26683
26383
0050915
efcdb
64450000
74883
23801
2340008006
00730
56054
00546
6164626
6161782
90000150303001
8000051
442314
442524
4000350635
0000586
45680
10662
6000006
cceba
9032054
43083
61746963
46645
48545
305002010004067075626
0000897
7361780
1703030049
450000740
460402080
00004500002859
700759
53601
20562
cbfbe
715450005
320450005
51601
9036395
0001000200000000076
0046175746
7000033063
000210910000329
00000170303002
475732
00010001000000000870617373706
8501009
23030046175746
345486200
1140927
7740473696
6573736167696
656173740
61647379
72756269636
0044004301
9036767740473696
6174696303636
7361780473696
18010071
3459340220
48018055
6801806
840006
880181
00764
01945
0000348
00041
4540008006
450000770
dccbc
20706
6950000
32450000
32190
16383
002148
40004006477
36867
cfccea
30801000
3080101
77877
aeaec
11940004006
922685
70462
3750000
45000034495
45000034117
55427
25383
44983
76383
57885
61483
548010015
510074
488465
720000020405
03683
450001266
45000028000040003306
05483
40183
4000310648
8000057
8000045000028000040004006
dcebb
442395
afffffdc
0000593
0000598
30000450000283
400001703030590
357450005
1000080111
23427
890677
aaafe
0000660
73616
8140303000101160303002
47205
061450005
1703030088
50180079
477450005
33498010015
96983
87172320
96399
926054
5010139
50101201
5000033063
012138
5277794500008
961517
dbadacd
34593570
6974656
6174657269616
2450005620000400033117
5801100
600000000
745000562
79765
9000008
9000040114
9000040113
9801012
0000372
0000648
0000308
06474
97583
97300
97840004006
becfe
05010063
dccdc
17951
42450000
90883
32483
82983
00972845
00220
00246
0026263057961686
367450005
85283
85331
47701
77464
95966
acdcd
37883
99404
41450000
41901
24883
9480101
44801
44861
057175657
390000000001030306
22155
22952
230050
0215290
54983
4900000
788010007
0000291
bbccdf
8010197
debaa
442334
442384
bbfbb
101030309
70183
3000080111
4000031
1000021
bedbb
628450005
5010080
36505766964656
87591840
451450005
829691
00004500002824
97303636
81083
755010001
361057374796
bbdbad
58683
78201
07636
58401
334586
279057961686
00004500012
000210920000322
15010003
76973637
2349550
417049
62067468756
160303002510000021205
61643590
37688010005
0662747261636505766964656
462656170026263057961686
472656164016
3122302006
683511676
6162746573746
373630462656170026263057961686
871723202637303756
057175657279057961686
76973637871723202637303756
61627465737463656
5000040113
78010058
98018001
0000367
0000622
0000557
8040008006
80957
becfa
becef
becbf
05459
deffffd
00667656
17783
15932
16146
fffffba
0097340
00238
40004006461
40004006066
850012
35501
35683
650100021
86683
77783
abfbd
aecda
84410
eecda
67450000
41340004006
88122
301030305
94401
4480101
76450000
76482
57801000
57801003
72801
1703030050
73450000
00545
bbefc
204341
fffffaf
0097005084
8000047
34555
dcded
01883
feafe
6000024
4500004222
861691
93583
825691
849691
65262
855450005
baeacd
acfdb
dffab
801001651
801001706
91622
662743
32392
0000000000000009
000000000000000450000
13117
8011082
345428590
648352
0000400033118603
0100000100000000000003737
8594054
02010002010030123010060
201000201003081883016060
6369643
040006
117030305
19765
1160303004610000042410
1000040113
2160303004610000042410
2000038064
3160303004610000042410
38018001
3000040114
5000038064
68010055
81603030046100000424104
8000040113
00559
00751
01168
0000368
0000555
450000948
0540008006
20983
170000000001030306
17273
69057961686
50883
45000336
3280101
40004006903
360050
85683
12683
7700004
89501
898010004
feabf
95683
9540008006
37450000
45000034234
45000034917
99902
24450000
4440008006
76616
764250
57450000
23883
93450000
14478
5600000000000000
71383
07375
0658010003
290000020405
19502
03632
9000035
dcebc
442583
442685
4000350693
504054
feaff
40008011000083
6578747261
485010001
74786368616
37783
0000767
626450005
841691
66793
971691
975450005
857450005
276450005
7602717103636
897906
80100789
956977
18501
942006580
501006103
00050001000001
009734547
01238900
480100170
3726970
458000347
76696573057961686
63067365617263680
9643054
03109636
450840645
2182400
646578036
4626561700667656
170303052300000000000000
76657274726
18018055
1000038064
28018055
2801100
2000040114
300503
49765
5000040114
7450000349
740006
78018002
91603030046100000424104
9000038064
cffffcf
00815
00373
0000907
068010015
978010016
becbd
dcffffd
16183
002349
40004006301
40004006365
3640008006
65450004
40983
95783
acdde
90689054
81363
45000034380
9980101
67410
27946
25783
948911
75201
44383
22283
942450005
480000000001030306
5200000
1703030064
29054
80180656
bbdcae
fffffab
4000310663
4000310609
459691
8000058
442595
442416
0000565
dcdcd
909450005
67637
dccff
feaca
10674
0101010
383795
88383
acefd
45459520
003500267
4000300666
0000742
912830
891691
00004500002885
871450005
17030300216
156450005
961813
0808080
6931181
77669
9140303000101160303002800
53401
1319556
261610
000210930000322
60050706
400026068
adadecfd
4646454
46022100
373756
61643490
160303002510000021203
000001000000000000026361046
99010000950303
31223020060355040
140006
280181
417030305
480180154
4000040113
8000038064
917030305
010000020405
01701
0000696
00057
03583
bedce
befce
05283
34683
20940004006
00604
17483
69965
00974137765
40004006691
40004006692
40004006827
36551
65883
1270000
77000
3780101
84840004006
60283
60883
55683
44340004006
2140008006
54317
43454
63450000
098010003
78801
036450005
45000159
4000330687
4000330694
4000310693
4000310668
60101
10655
2000044
2000051
4000006
690088
beddc
aaedd
36597
afccf
935054
842300
cebda
43583
7003737
851450005
851691
2108010015
810401
6770736
801001707
70501
5331173015060355040
88600
00543
000100000000000004736
32311
78563
080006173
544875
75000369
1000033063
6574057961686
50101289
263046
01238904
00010000000000000263610
7465787477
657366696
6578747261036
700373703109636
7465787477656203636
34500009
397650202
48011
016220
0000630
0000209
0680101
977326
dccef
69801003
42801
331163014060355040
96183
00271
40004006305
000168
36783
47258
7740008006
37583
45000034485
45000034180
55840
030302
919906
26801
26450000
268010007
26160
edadb
2240008006
94297
023983
50169
00103030
54941
3880101
4800004
0000833
4000330648
20215
442783
442744
adadda
42183
feade
4000046
6000045
6000010
0000633
aadac
66732
455691
91224
290675
855691
407054
baeca
87981
46100000424104
361000001
33140
990964
26197451
24531
08793
58201
68701
501006101
000210900000321
000210900000328
0001000400000000037777770
2949100169
10006
6000040114
0000925
0000398
0000160303006
06470
caaad
97783
20840004006
690000000001030306
4280101
33390
00973216
40004006117
65861
65010063
30450000
feaac
cccef
950100587
45000034283
45000034230
55018007
67283
27501
2740008006
ddbee
2540008006
75701
74383
0200000
666510
980000000001030306
0010100542112
513953
686506
5340008006
20446
450001268
010088
4000310680
dceba
442767
442644
442584
4000320622
230786
3000025
2000080111
4000015
4000014
bebad
500450005
06080
4500004215
78083
20661
bcddc
450000726
97590
170303048
600450005
590676
00004500002875
bfbaa
daeec
eadcae
360450005
75603
72747377
45392
9140303000101160303002
02521
26233
81633
00548
000100000000000002646
bbadda
54093
299054
907020
00004500015
450183
4703302717103636
61706902717103636
808363
656261706902717103636
0664656
3026361000001
4320473696
30190603550403134500034
562387
77706167657
00483046022100
7974696373077477697474657203636
261610461676
72747377656261706902717103636
777061676573026361000001
180180154
180180165
500050
6000040113
740005306
00003311
45018007
bebeb
bedda
178816
42201
45000320
15683
877326
1680101
16340004006
85018007
65696
86383
77383
4640008006
95816
45000034183
27583
75740
44940004006
76322
2300000
48450000
09808
7900000
160303012
442434
00306
450000489
40000450000282
bebce
beece
1000017030302
11708
73783
abfaab
abdbb
0000646
0000664
0000726
7365630
47592
efbfa
451805
00004500002806
02481
3140303000101160303002
facdb
4241289
69701
99811
52642
00004500026
8183310
009700509902
0000400036067
963656
637049
365510
21955901
009745934021955901
000017030300280000000000000002
0001000300000000026361046
05003042
1450005620000400033117
34593415
680102001
6000038064
7000040113
7000038064
0000571
80450000
00601599
69444
32306
8757303636
96283
00277
40004006495
4680101
fefce
70701
62433
45000034377
31940004006
eecbd
26101
26183
2100000
2840008006
39303
6440008006
7440008006
23908
00003006
00110
726564696
49450000
bbccbd
0000400037
0000831
90183
901030305
4000330681
4000330643
81783
9000011
9000031
cdbce
805691
790676
adadbce
10673696
10673706
3000035
4000042
4000080111
6000035
5000040
beccd
158450005
0000762
ccacf
82097
962450005
475691
06487
451000
85027
cfbae
00004500002825
950450005
cbbdb
42041
5010124
37265036
63396
7308616
63467
09714
08921
4500002800004000401126470
000001000000000000057
adbceb
61067468756
4580003490
7705696
7974696373057961686
6160303004
6970726564696
07776561746865720473696
63901601
474656368757303636
47669657705696
37469766503636
636173616
7308616474656368757303636
697072656469637469766503636
040005306
1000040114
38018055
51603030046100000424104
78018001
8801100
9801011
98010071
00754
0000154
0000844
0000508
0000353
0000558
ceebd
debbb
00623
4240008006
42840004006
45000229
33801005
33456005
32054
32983
aaffffd
86701
779765018
460050
feaab
aebec
7070000
80100192
8100004
45000034617
99827
25018007
25010063
05703
edafa
badcb
22222
94267071
74054
00739
38427
59801
5937287
0900000
090000020405
13450000
80091
450000582
4000330663
401030305
8000028
4000340695
44274
4000320690
adadceb
4000360691
33647
6368726
adbcaa
45000206
45000212
45000034555
fcbdc
10083
bdbacd
72601
96311
97884
465450005
801001701
1703030295
79616
50180699
28135
5613153
050100020
000100020000000005696
80110665
90703810401
0000000000000000000000000000000000000000
80140559
75726365732
00010000000100000178
646174612
0801100
2000189
340005306
38010071
70005
9801806
010000000001030306
0000309
06256
0380101
03783
03973
208010007
00696
90901
325010001
87383
009715
009768186
40004006902
40004006457
40004006829
360000000001030306
86783
86280
46676
fecfd
11483
ccbbad
37683
37283
62683
6240008006
84899
45000034780
99101
03030305
67386
880000000001030306
24983
7540008006
75060
44450000
7640008006
220000020405
64883
66883
096408
52450000
1703030060
7305776569626
0656564016
08000000000000
4500003202
2048545450
0000380617
0000380633
80063
97640
21783
21722
4000310625
9000030
55983
909691
10688
2000027
4000040
40000150303001
5000080111
48554
7472630
365057961686
4000380632
390676
877450005
801001650
801001653
81679
216102
39101
3910301
73901
000210910000327
0000170303002800000000000000
000210940000329
6577016
468357676
76835737
450005620000400035118643
9501008
702000053030359
00381571
0000170303401800000000000002
3935057961686
69766577016
606484
104500002800004000401126470
056850100042
61707073036
00021035000032
77461626
616765350870
630764322
30193786450005
747263077461626
46835767605766964656
768357370656564016
61676535087075626
11603030046100000424104
140005306
3000040113
3000038064
48010057
7000007
7000009
effffcf
01983
01783
00096
00062
454869
451670
03676
450000450000
000001116
05301
05083
dccbd
00624
42983
33456151
aaaaa
40004006061
40004006925
853201
47501
650000000001030306
86366
46840004006
cbfec
92383
62801005
62583
31840004006
6740008006
44840004006
eddfa
57183
bfcdf
51883
38450000
48002
49830
59414
29450000
58450000
bbaffa
4000330625
4015522
20149
801006965
81757
4000350631
0000577
57383
2000006
2000017030302
70000450000283
40000170303002
beacf
befdc
48528
acabd
0000733
155450005
aedaf
936219
891450005
146696
965450005
adbeae
100450005
63783
801001652
961691
235961813
640461676
0000801102
14201
000210910000326
0055155
90783828
550100042
000210900000323
862745010007
080006005081830
170303020400000000000000
24500009
41603030046100000424104
540005306
5459340220
780103
840005306
008010007
030000000001030306
8340008006
beafa
becbc
1740008006
10801
42940004006
32883
15983
16801000
00200013
40004006977
36450000
36583
85659
35253
65483
658010001
30483
12336
122685
46340004006
89940004006
feaec
6200000000000000
bedeb
45000034101
45000034083
60913
41970
888014
ebabb
76450001
bacbd
6480101
94286
14301
00003032323132303733375
00106
0880101
68383
45931
801006962
cdbca
8000059
442694
442484
0000587
450000440
010008000000
4000050
41083
336450005
7374796
0000741
7369746
dadba
10947
87725
4140303000101160303002800
460450005
859691
7909616
45000034725
adeee
8799786
76288
46582
361056774696
00010001000001
645867
bbbfac
04683
08401
456000349
174278
4000320653
100184578
9501009
4341434143414341434143450000
623897
3904301
64696769636572742
28011
78018055
71603030046100000424104
72040522
845000562
0000462
00043
becda
becdf
05883
17155
450008
3380101
96002
00293
40004006626
40004006927
40004006922
feaad
feaed
70983
00000450002
8180101
6040008006
55583
8800004
88840004006
2500000000000000
94840004006
ebffe
21450000
57883
1440008006
73913
1900000
188010001
45000155
632764
450000681
4000330616
4000310600
4000310639
696450005
69667
9000012
4000340633
442486
442394
442597
450000939
beccf
1000017
10000450000282
880701
aaeca
0000665
895691
865450005
82517
06225
33483
40055
89683
bfdbf
84083
349054
465010001
38501000
3502000031
24558
9080398
bbcdaa
000210930000325
00000100000000000005616
4501009
edcbcc
975381
000100000000000005706978656
400073069
196391
340006
58018001
98018055
00759
00082
00085
45840004006
06006
80194
cdcde
00612
33450000
32183
1500001
87501
8790000
82244
ffffbbd
002199
40004006451
65283
4080000
77083
00000450000283
00000450000280
45000034006
31302
55883
ddbef
2640008006
25483
250100587
9400000000000000
ebffffd
231707
00745
66450000
54693
51450000
510072
560000020405
7100000
6340008006
59450000
bbbaef
03600
45000131
61642
4000330698
4000310641
801006960
4000340648
debfd
4000350684
dcddb
10176
421450005
4000360656
657461676
45000265
90583
875691
4000300663
0000735
451691
190676
652450005
93610
93483
856208
175057961686
465057961686
60301
04083
8010025
687563
57683
097844
000015030300
000001000000000000086
420200003
005714
350100042
6167657203636
61643480
340503801003
2697479057961686
43919701
656272697479057961686
83861801
200508
2801806
240005306
8000009
00802
00752
00753
455010001
400050547
450000704
83283
83468
beccc
0560000
45000442
870000000001030306
16001
16206
40004006826
40940004006
92940004006
45000034406
45000034206
75696
76490
00733
00737
50188000
7240008006
590000020405
7340008006
00541
005414
000040005006
0000832
4000310620
03083
16030300040
9000015
8000066
821691
345010001
442305
442677
30000150303001
7000047
495450005
beccb
461691
4500004226
93283
10221
912223
925691
12210
daede
152424
17267657
63756
471691
603214
828243
000100000000000001730767617465776179096
92988010006
000100000000000005737461747301670
2598892
400073066
6901557009906
09765
08018055
08018016
240006
38018002
440006
73106
78010057
00756
0000713
00093
00056
bbfee
befdf
34742
209333630627579696
1080101
69940004006
90401
15002
15964
15130333501
16083
009700
40004006442
40004006111
40004006872
40004006955
65783
65934
30456005
12600
afcae
dbdbd
dbcdf
45000034846
45000034370
31483
5540008006
26170
218089
57345
57983
2200004
6640008006
548648
29864
7980101
790000000001030306
00446
45000149
4000310697
4000310696
4000310671
8000044
118450005
feabe
01015
30000450000287
6000025
10000450000287
11718
88083
beabe
aeedc
4000380628
975691
40559
315010001
00004500002804
87100
700473696
856450005
baadb
255618
175691
672057961686
772057961686
13430
50180038
17030310183
4310473696
966594
00001403030001011603030028
7070726
656374036
6167692
67313209333630627579696
000090030017
000100050000000005737461747301670
099495949
0801806
1000009
68018055
78018017
880102017
90005
00448
01583
0000344
0640008006
450000707
450000938
83883
83583
17383
450005769
32240004006
00240
00273
40004006342
3580101
77962
cbfce
fefff
906241
67483
910000000001030306
0050887
dacfe
398180
22876
22035
220066
74901
00723
54383
510071
71983
430000020405
78450000
0000210
8018023
0000380660
9000018
90000450000287
8000069
80000450000280
4000340613
dcead
442517
450000417
3000010
5000017
903239
befbe
170450005
4000380670
377591
feefe
0000714
82083
165691
bcaad
915184
11189
84524
94601
20083
bbdfcc
0000170303026
456000343
cfcdce
0123908
000210940000322
000210980000325
000040003106692
adbced
797550
04160414
407386024500006
7365637572650
200050
58010055
5801010
580180154
5801806
88018001
bffffcf
00151
01801000
01383
06064
40003906
becde
69083
69626
42440004006
90876
33583
16000002
82001
00974593404
47249
ababc
89842
feaef
aeafa
110000000001030306
92248
7040008006
81015
3180101
31983
6780101
27801000
27383
91436
44440004006
210000000001030306
011450005
0110000100000000000020
93840004006
0000801131
5440008006
5240008006
078054
5380101
0800000000000000
5880101
450000550
4000330690
345450005
44239
442784
adadaa
504450005
4000360635
3000046
30000450000284
2000033
20000450000282
4000026
cceae
63097961686
90520
862054
056368696
0000794
afbcb
73646
962698
450000716
477057961686
00004500002865
17030300214
20583
82320
eabdc
72697
75587
000000014
367057961686
77845280
163057961686
99046
44040
29983
22101
043054
49380
01000211
000210980000323
000210960000323
6170697303636
00004000360695
3501009
6561636
0001000600000000016
4147322
6160303006
85931501
0000017307
0801011
217030305
545000562
54500009
68010058
8801010
900504
008010016
0000444
00074
00040000
450054
80691
03003
83783
becaf
becfc
beaef
05801003
050100587
00668
32283
32583
87033
96783
00278
40004006980
40004006425
40004006859
000197
3680101
477326
3560000
65983
30283
958010016
80100776
37483
818010016
60450000
60983
55183
91440004006
2680101
44204
6405401
94276
024580
43450000
06540
1340008006
08001
0840478
18001
450000391
4000330695
44279
442494
4000320637
70190
3000041
7000015
7000040
7000019
70000150303001
10000450002
500450004
003500289
280737
20608
1703030208
2070050
00004500002874
ecfad
795010007
135801003
77845000302
38764
66561
22620
769165
bbcfceb
000210930000326
80110666
96340050
aafeba
963252
6563504
0001000900000000046
1403030001011603030060
00000160303004
0500308183310
00251000002120
13244571756966
840860015
216102948
380180154
50005
540006
58018016
640006
6459340220
817030305
94500009
91603
0140008006
00077
00028
03383
450000360
97746
bebed
becad
050000000001030306
054995
34852
2040478
00682
10752
50283
33083
3200000
155010001
8760000
aabef
aaaba
00291
35801003
35303
30830
abcff
898010007
89801003
aefbd
11690
906772
906740
84814
45000034865
45000034637
558010016
acffa
99340004006
25900
28968
61057961686
2280101
74313105626169647503636
2380101
0240008006
56450000
56368
4980101
08006
78813
80034
21701
0097005083
dceac
afffffcc
60183
30667
3000017
376450005
31783
50000150303001
11742
617374726
18383
4000380672
932601
160450005
960450005
dbfde
23383
93783
850418
109691
062450005
00004500002851
00004500002842
965691
80210
840401
72701
835691
99482
83150
5010100542112
450005620000400035118743
0501801
86502717103636
87564530
abbabed
163686502717103636
47502717103636
975747502717103636
1591466
1707305736
476696577047
67636163686502717103636
000001730767617465776179096
476696577047975747502717103636
28010009
445000562
cfffffc
00807
009615
009315
00068
45011056
45130333501
06674
801111
400050
03483
450000376
83801
beace
052450005
34601
50832
42883
33375
32940004006
aaaab
8240003306
40004006204
40004006617
40004006775
35183
770000000001030306
1100000
9200000000000000
80100981
8140003306
ecffb
91840004006
91940004006
2580101
25801003
94440004006
75010063
44801000
210050
2140478
6140008006
bdaeb
74450000
00747
00727
02934
548010007
510075
38801000
72801000
5280101
4340008006
298010007
6913043
450001264
8000067
80180178
debce
442345
442525
4000350637
924450005
980450005
01840
30688
3000045
3000030
7000030
7000027
60000177
4000380602
16030101
736054
736974696
932054
16530
690450005
017030306
935601
342450005
167652
cddae
467450005
756463
899054
12688
98583
777054
2140303000101160303002
ffffedaf
5018058
01703030021
00973456151
000210910000321
459448
cdcebb
4020000500303
3555866
039710000170303002
0001000000000000056373796
45960338010007
300010
44500009
60060
78010009
98018002
0000771
0000400040111
83450000
830000000001030306
cefbd
69340004006
961707073666
40004006401
40004006459
40004006783
40004006064
40004006157
36283
36083
85112
77001
aebbc
6280101
62483
45000034912
55010063
260050
2480101
94801005
00731
00725
0280101
66683
598010003
73342
2900000
2940008006
7840008006
bbdcaf
45000183
450001263
90000170303002
20285
4000350696
0000566
bbfcc
383054
20000450000287
7000017030302
bebab
cfece
88063
65750
befde
060754
acaaa
15417
9000124
155691
685843
915183
82645
00004500002893
33464
49297
76265617
0379627
699054
000040003311836
6973630
000100010000012
54550
03311
22632
78983
29201
0052154
000210970000325
0062155
756463057961686
7626561702
03796278057961686
69736309333630627579696
1450000349
2801010
58010057
8459340220
03937
beddd
05183
9040000
33555
15271
8740003306
16870
96268
40004006312
40004006337
40004006909
40004006652
40004006015
35401
40834
feaba
aeece
80100101
62183
55783
9980000
260000000001030306
7580101
75055
00508800
22450000
afffffba
14983
51983
5640008006
56383
3800003
090054
798054
005691
00441
4000310681
4000310623
9000045
4000340601
442504
442684
4000350687
4000350609
adaddf
450000441
30000450000280
7000046
beecb
657874
43078
4308206
7470732
0000669
73283
064450005
84283
450000797
4050000
14601
11683
116783
016450005
63746
88901
000000017
214054
48732
00549
98103
272656
45000028000040004011259
0051158
000210920000325
880100170
000210940000325
000210990000323
3685814458
312033303245000034
6306666
7187238
0400080110
1801011
31603030046100000424104
6801100
78018
88018002
98011
90021
00342
80124
8010102
973450005
34183
00693
69000
6940003306
42347
15936
00200
36801003
85010066
650100587
30901
408180
86006
cbaec
92450000
92233
927201
8010073
00000403
bedec
45000034650
45000034783
67683
9180101
fbffffd
25146
76883
61817
230000000001030306
93913
00720
988180
51871
514241
72006
290050
080079
45000129
450000688
4010303080402080
80180080
34501000
0000585
30669
2000042
6000042
5000050
5000023
10000150303001
bedbe
61726
adbcab
45000210
0000603
0000765
70683
70636
70649
706273057477696
47550
454001
974653
85083
474696
43546
00004500002837
325450005
00004500002869
000000450005
10446
adbeaa
39683
151054
0140303000101160303002800
801001703
801001704
533054
673696
cfcdbc
0001000200000000086
00973454282
808054
000210990000325
000210990000327
3120333034
1005077
beefbe
9515054
8263054
01238908
400073068
0931401
7574756265656475450005
01000001000000000000026964
1045000028000040004011259
657273057961686
43082060030819
08018017
0459340220
2000009
4000007
4801806
5000008
00072
ffdda
80122
450000373
450000419
dcceb
10283
10840004006
90840004006
1677924
40004006009
12340004006
feaaf
feaae
fdfce
95130333501
90683
8400000000000000
81907
99801
88801005
fcffffd
00717
5140008006
4800003
19450000
9000010
8000056
4000340677
4000340662
4000340688
4000340674
4000340608
442594
442725
442515
442544
4000320613
450000484
3000011
70000170303002
5000017030302
1000020
1000027
4000380607
ddbace
16536
bcdec
93580
912221
170303044
205010001
ecbac
925450005
84810
affab
202020450005
81635
79666
41646
237312
29380
501005875
4500002800004000401125
09380
ffffeabb
2501801
000210910000325
000210950000325
01005592
4000350650
400026067
00000100000000000005766964656
2501009
bbeadbec
41278087
013005077
45000562000040003611846
14500009
1801100
2000080114
3000000000000000
5160303004610000042410
700000000000000450000
9000009
00817
0100000
0000168
0000160303003
80100007
caaacd
cabacd
01029
0108000
becaa
34283
20230350
450005766
32340004006
964450005
40004006907
85340004006
470050
84124
bedea
45000034026
41840004006
888180
260054
39801003
61983
64383
00726
50180100
56402
686569
7140008006
520000000001030306
137075
45000130
054450005
459450005
80100620
31283
34544
442505
0000541
32060
90931
30686
4000360660
01019
300001703030590
befcb
80180597
40004006697
736450005
01742
935450005
935467
935916
695691
4576743
995450005
69469
45000034027
427054
93083
63727
801001657
34985
12705
81631
000040003311862
767054
831054
077054
72242
501006105
49983
01000099
546274
023054
400056061
69636965
46773733
000017030300285
ffafbedb
4000340658
45010008
86037917
8685814450
aecfad
3370272720369746302636
8651054
104500002800004000401125
8990054
969368010016
46369747902717103636
6963696573057961686
46773733008626473746174696303636
080180165
280100082
3801010
780100082
84500009
0000778
05983
2020200
debbc
00639
45000455
45000313
33213
320000000001030306
829450005
961501
00241
40004006300
40004006876
77127
80100703
8440003106
8480000
45000034233
990000000001030306
27683
918906
25283
fcced
00507325
0570016949199
28870
57876
5480101
56817
2980101
0840008006
8018075
8010120
4000330600
20116256
801006966
00970050870
4000340605
4000340607
442456
442303
442576
0000538
676973
340450005
4000035
6000041
6000014
bebcb
bebaf
beefb
40612
becff
1000040
50083
fadae
61783
adbcac
86226
0000605
0000667
20656
fffde
cfccaf
60083
70080
25620
faeac
120450005
02759
91083
48077
42220
52701
70785
48766
91119
bbdbcb
24783
179054
28183
089054
01000215
00003106689
0001000200000000026
000210980000327
000210970000322
06814077924
466582
6570726
16030301400200013
427284034500006
1490214
785045574
9241054
8909054
06035504031
5719711
2011625687474703
1459340220
380110
3801100
4459340220
780181
89765
98012
00825
01483
457371
bebba
bedcb
20985
17983
693417
9616030100
40004006172
47801000
6500004
12317
12840004006
89301
feadd
aebbe
92801000
95896
80100954
8440003306
45000034632
45000034915
99840004006
99440004006
030301
67001
278054
418180
94940004006
44405
21817
5740008006
942054
560050
6840008006
52983
07883
7380101
1800004
bbecdf
68352
8010161
44249
442317
442336
42195
20000170303002
7000010
7000011
700004500005
700004500022
6000017030302
60000450000282
cceef
beeff
beafd
657450005
61707
003500262
45000034527
acaee
066450005
40285
99283
91783
95083
11583
969450005
73383
dffad
801001656
161691
885450005
bbdebb
245054
391450005
cfcdaca
0000310662
00003106687
90004
000210940000323
0000400032067
45080146
650100042
000100030000000008636
0000400035067
1501008
743031616
170303005000000000000000
000100050000000005
90272720369746302636
12121212
3360272720369746302636
768773
8366054
5504061302504
412780870
00976858588999
0601050507020230350
90363972901
0603550403132644
5880000
5801011
68010004
88010071
0000000002
0000608
00071
801021
03340004006
8300001
cefca
bebef
10713
50840004006
33140004006
32840004006
32440004006
1500000000000000
877901
40004006118
40004006824
6500000
9580000
62283
62983
dbcde
31817
31340004006
eeadd
ddcdb
888450005
940000000001030306
75762
0050897
39156
6180101
bfcdb
6465450005
00744
5400000
00447
8018087
45000184
450000689
4000330683
4000310677
45981
801006967
9000019
8000086
34556
450000469
4000360663
50100092
10626
3000055
daaee
317073
9030054
bedff
87485
beacc
6578616
45000227
30583
74732
bcaae
84266
850450005
111450005
111691
912218
41482
207054
42500000000000000
18095
00004500002832
93482
9954054
90490
200450005
31440
63736
efccb
235450005
95186
bbdebc
32136
78747
59983
bbebfb
0050529
750100020
000007657
350183
000210960000324
000210880000320
450000680000400035118
170303401800000000000003
adcdab
806820
160303002510000021201
4145168
3174278
41548010016
8813054
38010058
58010071
cfffffb
00038
03983
01094
6900000000000000
42340004006
168180
82865
96831
40004006901
40004006345
40004006467
000183
36101
350100587
65130333501
12109
8620000
89170303058500000000000000450005
aecdd
70901
62783
afcea
848450005
84322
45000034401
45000034442
45000034903
45000034747
6090000
2600000000000000
25450000
940501
facac
75913
ebace
76866
61317
501107
48000000
49055
170303031
53450000
79450000
1880101
7880101
2040000
fffffcc
9000044
442376
4000350683
0000564
4508132
23082
30683
feafd
6000023
5000035
bebfe
9031224788010015
73726305
dadbf
455450005
450000703
170303042
40712
93383
8454144
45000034755
10480
fbdae
cbedb
375691
26088
987395
52501
98636
5018077
27198
03030001011603030060
9813367
501006106
000045000055
850183
6501801
454288
000210920000324
000210960000325
01005595
080100170
3380272720369746302636
657573322
8299054
23924601
8377054
0001000000000000046370726
092496
358508640
8706405626169647503636
73726305686
8454144202
04500009
6000048
700504
0000626
bedcc
dccbf
34301
34268
17183
33340004006
32140004006
87971
82315
009736945
40004006306
40004006452
40004006877
40004006891
0001250
858450005
40840004006
121450005
aeafc
92950
92840004006
95053
8010052
374746
45000034871
55662
41940004006
94104
21992
61870
02000055
4840008006
590000000001030306
1980101
1840008006
691450005
450000377
40112
4000310635
801006964
0097005086
442697
4500004209
4000027
88062
befcc
45000297
4000300667
0000640
3428010016
827054
11659
3140303000101160303002800
cdfaa
801001659
24683
46563
98983
2140303000101160303002800
84783
3048010015
163054
60383
4498010016
000100000000000007657461672
98483
28950
1928010003
679054
79380
017030304
707573
397651602
170303044700000000000000
8010002002
0100000100000000000002686
6790427
42978010016
300906450004
1414308010016
28010058
3801011
58011
500507
78010071
98010058
940005306
98010057
00806
0000924
0000883
00084
45459
80657
97001
978180
97579
bedbf
69230
69820
00979765818
96026
00298
40004006866
12940004006
abfce
92340004006
95325
704450005
37183
818010003
555010007
240000000001030306
25889
75183
76183
74855
007915
14450000
1480101
66383
6880101
52901
0740008006
09450000
046570726
1380101
18450000
180000000001030306
20436
2835010003
442765
442487
4000350682
4000350668
450000481
4000360627
456004
10690
10699
2000020
3035450001
7000045
40000450000283
40000450000287
50000450000282
caedb
40697
65762
365691
0000682
090675
aedbbc
017450005
dbfaa
414450005
93683
425691
039691
4360473696
bfdacd
801001654
92997
03734
98781
98788801003
220450005
41252
134106
1798010016
71101
43983
188450005
000210910000328
9801004
000001000000000000066
990172
2025312
dcbcdbe
000100040000000002
726567697374726
0677756
95620634
10272720369746302636
3320272720369746302636
2021001
000100040000000006
06035504031326446967
6000009
6000080114
00340
0000912
0610000
0340003306
979450005
cdabc
bebee
becab
00648
50475
333230
009748331
96683
0027210
40004006817
40004006357
40004006114
40004006407
40004006156
abced
89965
aedce
aecac
ccffffd
70470
37995
81901
55450000
67983
270000000001030306
919450005
24001
94340004006
fccdb
76170
76342
33060
0000801139
501030305
51466582
096365
0940008006
0440008006
004851
4000310610
80100656
81754
8000060
80180120
442676
442417
442647
afffffac
0000583
feacf
10640
2000011
4500009035
10000450000283
45000291
170303058500000000000000450001
87550
aadad
155906
66783
97094
10295
91599
82246
18083
00004500002854
50521
eaeed
845010001
dbbaf
adbeed
27600000000000000
ddcfc
637265
49258
991691
468657
69869
61252
882054
76665
990450005
19725
14099
000210920000323
000210930000323
000210940000324
81830050
0001000100000000026
0000170303023
45600253
009915
9345428
bcaedacc
9607054
056897421
403631
3048000000
8461054
17218240
23041830168014
08060667810
06810477924
040005606
18011
1400080110
245000562
580110
58012
68010071
90000400035118
9801100
00157
00346
00089
801216
45000035
83135
caace
05940004006
00605
006814
17583
10422
878180
40004006032
40004006856
40004006302
35201
658450005
30450001
86355
46775
92683
92255
928301
6265450005
45000034901
5580101
67383
27001
8840003306
22983
942292
438054
17030315
6380101
6380100077
09000017030300
1940008006
7940008006
201030305
81756
80100598
44259
4000350621
4000320633
4000360631
3000045000028000040004006
4000017
1000047
6368616
61736
46631
905010002
81583
45540
afecb
00004500002876
00004500002807
ccbdd
33401
71741
370450005
801001658
171691
125691
88583
921691
19501000
92984
801001709
28934
000210910000322
000210940000326
000210990000326
000210870000320
80110637
4617069
4508052
65010008
345425750
00001703030260
00000100000000000001700373736
26175026
6501009
427792
11928010016
abbdce
6501012
0001000500000000056
3120323030456001
64097265676973
676574696
648688010016
172676574617069
9626988101
6578616374746
7265676973747261722
2617502666605617661737403636
6578616374746172676574617069
020405
180180076
280110
64500009
8801011
00335
00758
01683
031020302
becac
006614
177326
108450005
42501
33601
32740004006
15011056
8200000000000000450005
00210
40004006942
40004006828
0001135
36801
36790
478010009
adfec
8940003306
894450005
7080101
000008636
45000034616
45000034396
55901
88801000
91340004006
943450005
7500000000000000
daccc
80100098
28860
22016
93895
140000000001030306
663025
560000000001030306
4900001
630000000001030306
0780101
29801000
00550
bbddbc
4000330680
2010100542112
8000064
442745
442564
4000350604
701466
7000041
70000450000287
6000031
5000025
5000029
bebff
bebcd
88051
80617
003500285
63083
aabaa
170303022900000000000000
25670
adbeec
ecfcf
135450005
801001702
93132
98783
89790
89756
705010001
587777
18778
74483
49783
88401
45000381
bbbebd
01000216
050183
50180022
000210980000324
38010074
000210950000323
5501009
17030310180
0100000100000000000006
4345428
6765743
0100721
8953054
060355040613025553311030
23880201
38018011
4000080114
417030304
5000080114
7459340220
9801010
00076
060000000001030306
beada
beabc
beaed
20949
10414
15340004006
aaccd
82801003
40004006926
85011056
aeaad
aeded
37801
00000450000284
bedee
5580000
550000000001030306
27265
ddbea
918010016
fbace
facbf
efaeb
21810
05727374
edcaf
3980000
614450005
bafff
bdaacd
00734
02801000
51167
3800001
4940008006
1703034010
5840008006
0000200
03617667
4000330631
4000310662
28367
4000340691
4000340672
0000545
adadacd
456003
10657
10668
20000450000283
eacdb
6000050
5000018
caefa
1000025
117450005
46140004006
63656
58383
caade
4500004218
45000034525
abdfd
0000732
0000755
0000739
96087
10200
2335269
91223
912220
877991609850107
10724
00004500002879
3344624
934487
81201
adbead
10840
fdecb
67701
42603
7604736
767556
53183
08000657
010060
29401
72317
59380
00021034
6901066
000210920000321
000210930000324
000210950000328
000210970000323
400026063
869736
4435485
6765745
00974593524
170303023000000000000000450000
000060021597169305467773743586859
35393601300234360137053230373033
17265657273057961686
47903801003
857629908010015
0763617265657273057961686
7075730333363002636
3539360130023436013705323037303305727374
23311
2459340220
380180165
4801010
52080
51603010200010001
7000080114
880100082
98018017
9459340220
00805
0000917
0000359
0000578
00059
06217
0380000
450000747
450000372
caadf
beaec
becfb
00680
00695
33901
00203
40004006406
40004006056
40004006979
35983
35010066
8600004
8900004
95840004006
afabb
45000034345
eedda
ddaeb
94992
facae
75746
7680101
61857
6469636
9800001
07901
bbccde
20482
45000050000040003311
90101050
20101
4000340689
4000340671
20216
80100599
442527
442577
442546
601030305
4000320635
4000320671
421691
4000360690
10659
2000056
5000014
6900886
bebae
003500275
40004006277
4500004232
4500004212
45000205
acbaa
4000380676
0000688
deefe
abbdcf
69070
34246
977991609850107
170303046
71742
407991609850107
812450005
476450005
17030300218
151691
fccce
255457
801800724
facdd
81601
36686
91683
387602
78701
28101
241450005
44101
341434143414
000210980000321
000210980000326
060105050701
0501009
4667451
868516
fecfea
97260050
11098010015
5562195
31914667451
66302550
180110
38010057
400508
48018002
4801012
58018002
7801806
71603010200010001
0040003306
00336
0000874
45800
068180
06801003
03005
450000949
83408
0104000
bebbb
bebbc
05100
00642
17157
50940004006
45000303
33579
32701
15860
ffffbbb
966450005
40004006466
40004006627
adddb
89840004006
95011056
62801
840048
99940004006
888188
91345
261450005
005093205
011691
bdcdb
640000000001030306
74003
23065
938180
501803
54883
5600000
56060
72364
710000000001030306
17030318
87086
bbdfed
691691
30050927
44231
442714
2000014
7000042
40000450002
bebde
bebaa
003500284
003500281
815010007
8010002075
82046
ddbcd
47320
170303086
00004500002810
bfbad
cadbe
84840
801800722
47140004006
74283
88990
420450005
355691
0558010001
02783
000000015
801001705
000040003311834
5010147
4000520619
869450005
2138010016
7304736
59601
78991901
3110300
501029
0780050
000017030100
6501011
000017030305904
690062
000210930000327
000210950000324
000210970000326
69646506
656405626169647503636
65777305626169647503636
38019
0101040000
000100030000000008706
47573687
170303004000000000000000
0000400033118663
61676505626169647503636
92928010001
0201000201003033300
67056164626
89180050
0000450000280000400040067
000100050000000002677706616
46665656405626169647503636
875308010016
475736875016
08011
045000562
18010058
700000380
880100669
9000080114
00202
008180
00763
0000656
0000551
8040003306
06473
4500008906
97400040065
bedcd
05002
05140004006
34940004006
20732
69801000
45000347
828180
40004006573
40004006862
40004006472
000157
36183
36861894
8540003306
35301
35340004006
7740003306
77983
778450005
777326
abdbf
cbaaa
aeebd
1180000
113450005
95301
708180
37940004006
afcfa
55483
99801000
27801005
750000000001030306
75925
280000000001030306
740000000001030306
001450005
48801000
4380101
1703030067
07450000
4500008421
5900000
7940003306
78177
bbbacd
30050952
63283
80101870
4000330611
9000047
8000081
8000076
debfc
442735
442635
442566
442794
4000350664
450000486
450000491
10687
10629
3000014
4000018
6174616
124450005
aeebb
adadee
0000681
8010002087
ddbfdab
62680
97198
170303049
20716
11492
992450005
70076
99583
47645
73391
16432
655691
335691
000000018
85350
5010183
bbabdd
412459
66201
28701
501075
02117
7501801
180100165
000210970000324
20544500002
450005620000400035118803
000100030000000003617069036
86973746
1703030028000000000000000
921905
73744576743
0500038201010053
00022200016832
08010071
1000080114
2456005
68018002
680181
8400080110
0000668
00069
45649
06000
befdd
beeeb
05340004006
05130333501
347450005
50983
338010011
40004006830
40004006814
40004006276
40004006702
000148
77656
62501
aface
81400040065
45000034383
45000034815
45000034717
67560
673133
27450000
301906
30103030
23031
affffbba
66852
720050
71334
52855
5940008006
065691
bbdcde
801006963
9000051
8000075
4000340634
20211
442356
60103030
4000320640
4000320626
6502717103636
10126
00382
2000055
5000042
651450005
1000035
50042
aeecf
0000889
4000300679
62612
207991609850107
351691
00004500002856
16767
84501000
17030300211
96940
015450005
0000931
810450005
38283
88183
1898010007
0000801119
524450005
23146693
000005033
4500008440
000100020000000007636
4500003754
55018003
000210920000327
000210940000327
01005591
696465722
000001000000000000026
000210890000329
209599470
44208010007
05156294
4591006
28759184
400027068
450000480000400040110
69646503656
28010057
88018063
8000080114
980180165
0080101
0000653
4540003306
80163
03405
03440004006
450000574
beaacd
05902
05890
34302
00687
0063159
450006001932616365333032333
33395
82864
00247
40004006616
40004006421
40004006460
40004006335
000192
0001101
30889
30740004006
1200000
8640003306
8640003106
86300
4640003306
aedee
aedfae
906766
906768
8140003106
dbccc
45000034906
45000034880
31801005
31845
550100587
dfbba
41909
30124
91163
249450005
2500003
448180
64154
0000801100
510000000001030306
4800000000000000
72801005
43001
730000000001030306
7900001
45000118
942009080
69687
90000450000280
90000450000281
8000077
82132
442425
4000350626
4000320605
4000320660
10183
9099701
501000465
caece
caedd
1000033
100000015
6368617
003500282
45000232
450002393
33110300
87522
0000610
16042
dadce
96292
ddbfdc
dbfac
937450005
96503
203450005
035691
dbbfb
45000034727
45000034255
ddcca
25583
88790
94583
65547
30224
26088010016
170303021600000000000000
74551
21252
920450005
60501
01000217
1703030367
450000430000400040115
600000101050
000210950000321
345428200
00004000350643
005686
0110587
024678
09833268
171781
abbbdf
450405
8802367
39508010003
9501012
85588010015
328759184
0800798010015
0963658010040
637265656
100500
3000080114
40035
78011
00840004006
00081
45400040065
4540003
03010
450000393
450000702
976401
cdfdf
bedaa
05011056
3400000000000000
33940004006
150000000001030306
40004006124
8540003106
35240004006
776561746865722
46414
abdee
95340004006
625195
45000034201
45000034932
313450005
eefce
accde
27852
9140003306
24316
94831
fccfe
fccbc
0050952
05745
28856
00716
00719
5180101
72450000
4500008470
190000000001030306
0800001
7840003306
780000000001030306
80101591
401450005
817450005
8000062
80180089
442664
60121
01810
dccbe
38305
3000026
70000450000282
6000030
beecc
bedfe
003500280
003500269
305450005
0000850
70612
81440004006
addbe
915182
477991609850107
87140
146450005
69480
47682
17030300212
8010055985
45080028
9850050
67265
94083
33538
33105626169647503636
796168
99783
21555
32083
03131
953005
6320085
60624
3345558
4000350658
46108736
8232151
2890471
75128010015
009734545952
6104207
537617
44765138010016
0280558010015
46865746108736
6964650673706
100010
617030305
6801011
7801010
7801100
70000000000000001
98018063
00341
0100000000000000
0000903
0000349
0000666
bbfba
03140004006
032865
97821
cddad
0580000
055450005
00660
33775
32801000
32469
15643
87400040065
878450005
87238
82953
009745
009773
96440004006
40004006815
40004006972
40004006849
40004006402
40004006119
0001124
36201
65940004006
65223
11117
92464
80100573
37013
afaab
81400040066
45000034980
45000034937
55011056
674450005
27617
4100003
26171
25130333501
0050824
000000008002
7600000
22300
22927
64983
938450005
00710
68002
7280101
7300000000000000
79153
80180404
300508207
0000380647
0000834
80101761
69610
900001703030590
8000054
4000340660
34500
442495
442346
3031224788010015
7000033
4000033
50000450000283
bedde
63636
280450005
37788
86076
20636
8010002097
900014686
45400
aedfe
00004500002873
770450005
dbbcc
050421
801800725
437920
055691
5078010003
9488010015
64683
5010186
5010161
68083
21217
469616
49766
18933
08283
13101
4000560650
79387
9768054
523842
000210950000322
000210990000328
80110663
000210880000325
0000400032060
314663
3685814450
0001108400004
03030001011603030040
0001000100000000076
881577
184590
3992998010016
187725
45988010015
085436867
96752698010001
600000380
8801806
940005606
00004500009
0000898
0000552
beabf
befdb
34316
deace
1770667
69036
4220000
45000264
9040003306
33654
32151
15010066
40004006630
40004006171
40004006444
85130333501
474683
30840004006
77125
46006
89552
aeccc
aeffffd
aeeec
fdcdb
955450005
dbded
45000034883
9940003306
67056774696
248010001
9440003306
fabbd
75742
44002
5799701
bdcacd
7480101
23840004006
54208
38000
52158
090000000001030306
293417
530000000001030306
0000380646
61683
4000310695
4000310664
80000450000286
442503
4000350633
00334
4000360600
4000360689
10679
3000033
30000450000288
4000029
6000036
651691
40637
beade
40004006584
00000000000000004500007
aeeae
aeeac
0000645
0000637
ccabe
8010002077
dadae
20786
ccbce
17030300210
427450005
42728
37083
cbbdc
dffce
12083
65316
43253
eddac
73583
9663302
75583
34661
000000016
000100020002
2228010015
33133
80100716
00971726
869616
94183
08235
49101
501006100
0000801104
501005876
000017030305902
00001703030042
28010074
80110187
000210960000326
0180023
400035002
000210880000329
ffafbba
60303006
adcaab
000100020000000003706
0001000700000000076
4797065
28128010015
8778801003
400027067
097641466
04000116
737461746963066
696465036564750473696
77726974653
7308626473746174696303636
2373128010015
0000010000000000000667746
34143414341434500004
080123908
10650
28018063
280100669
4801100
400504
700508
00337
0000960
0000624
0000629
00037
801025
03812
450000551
8300000000000000
cacdb
97061
0540003306
34840004006
90430
33039
965800
40004006602
40004006707
36636
858180
85840004006
4740003306
1240478
468180
46051
9240003306
70967
906747
906742
afcef
84167
45000034312
60901
993450005
41345
258010011
948010015
edcdb
74158
9340003306
00729
540000000001030306
388180
4500008425
004848
80180997
45000034545
0000380644
4010100542112
69612
3125010001
80180173
656450005
02683
70000450000280
4000012
6000056
60000450000283
410450005
40004006521
40004006242
45000242
45000034583
4000380622
056450005
0000711
20609
8010002092
97440004006
59483
85029
39557
425450005
85934801
325691
81283
17030300213
dafde
037349
890450005
801001700
4000520618
38783
58040
22686
88483
589450005
bbbfaf
4846901
48994
29183
181450005
78883
75000364
150183
950183
470793
0601024500006
0001000300000000087
2349548
1703034017
9292301
97568010001
061119
7642508010015
60000177000
5142418010015
18018002
380181
4000009
4000008
68018017
74500009
88010057
8801802
945000562
00557
01450000
0000855
00090
45801005
40008
03316
97802
bedcf
05240004006
deece
428450005
1510000
aaaacd
820674
40004006650
40004006017
40004006502
47400040065
adfcb
6550000
8940003106
89202
95010066
848101
81000
81801005
21303
baffffd
0000801138
543450005
51817
56312
6300000
634500047
07383
0480101
1300000
bbbcee
81787
8000065
80000450000289
4000340685
4000340676
20240004006
442776
442724
442565
4000360620
10682
2000018
7000029
4000010
98383
617906676
003500264
47040004006
40004006240
485450005
acbae
0000611
82097961686
daddd
bcdff
45441
685859870
777777
85028
ecdca
85789
700450005
dbece
fbeba
255010007
88783
88983
96392
bdfce
47940
97886
000000011
000000012
929054
39783
57758
98201
98283
53483
501006109
5248010003
18411
074325
0100000100000000000002636
00976825
150187
150100020
0000170303017
000210950000326
000210960000329
01005597
000210870000325
893463
2697005686
616403617667
0001000500000000046
63909401
555230
0001000900000000056
170303037000000000000000
1266880100020
1603030068020000640303
25988980100060
00970050891855
04980828010003
67313309333630627579696
10000001535
796168450004
08018063
117030304
345000562
48010004
6801010
8801015
00940004006
00347
00344
0000827
0000418
0000643
00001603030064020000600303
00063
00078
ffcca
801114
01056
9740003106
bebbd
05005081
6900001
428010001
16006
009723
00245
40004006801
40004006962
36160
47991609850187
4040003306
abcca
899450005
1140003306
95940004006
95240004006
37801003
62883
afdec
818180
6080101
270050
ddffffd
888010003
fbdcb
268180
21968
64478
6680101
71817
71897
63991
4500008475
4000310652
442696
442483
442626
442545
98034
018450005
701030305
10619
010117
3000042
2000035
2000029
6000019
cceed
bebfb
caecf
1000019
903450005
50059
880450005
aafcb
003500261
12433
46677
485691
747374
aeebe
4000300657
86047
090676
82511
fdbadf
395691
ceecc
00004500002863
ecbce
99683
996450005
765450005
374036
76083
51742
50101312
412579
99072
26138
bbdeebfba
63480
bbbbbbd
58612
381450005
1398010015
7501011
6901486
980100165
68010059
81833473
000210860000329
3447459
fdaebbd
60970901
000100030000000003737
459603380100078
3256258010015
1400031065
100000101050
28018017
38018016
3400080110
8000048
00822
01946
000045000034
00097
80801000
bbfed
03183
978450005
34340004006
34440004006
342992
cafacd
87218
16401
8240003106
96340004006
40004006676
40004006820
40004006965
0001345
655450005
1240003306
12183
86101
aeaee
928180
922450005
7040000
801007780
8410000
8100008011
8100003
45000034636
45000034706
45000034992
eeabe
67500
275450005
273025
918010001
91910
248180
fccac
448450005
80100052
760000000001030306
22902
1400001
98006
510073
6840003306
71314
49801003
5980101
06565640
19001
188180
7800004
61626
8010131
03072
8000079
4000340602
35066
80180172
442387
442705
4000350649
4000320620
4000320630
70103030
45686
10617
303450005
6000018
5000010
5000015
ccedf
1000022
bceda
617069
06042
012450005
74680
815450005
40004006989
40004006988
87570
0000796
aebaf
45482
40004006896
3950100
445000564
20715
8558010015
00004500002823
873054
00000040
11680
266450005
801800726
74223
67783
000000013
776337
1703030221
077450005
38538
19083
74518
707208010015
585501001
24704
71666
28570
71183
7128010007
501006107
4508003475
0097345565
4500022303
007600
3230352
400026066
0601024500007
00288010003
473706565640
160303002510000021202
8010002006
0675706
3501008
74303166
475242
00010002000000000362
6901496
087534
65646972
01000001000000000000037777770674616
926308010015
3005093190
701466848
869736473706565640
8697364737065656402717103636
317030305
3801806
880110
88018011
00124
0000802
45010066
80867
06117
039450005
835201
ceece
beaab
bedfa
dcced
00632
33840004006
33240004006
161450005
828450005
40004006368
36340004006
35011056
4040478
77756
aecec
11060
114450005
9240003106
95140004006
70877
708010017
8010051
45000034630
31846
eebbf
dfcdb
67333
2740003306
fbdfe
26334
253450005
0050775
efceb
80100050
768010016
5780101
22655
0240003306
02801005
660000000001030306
9880100020
7180101
7140003306
07954
78001
ffffefeb
bbbaad
80094
aacdb
4000310661
907991609850107
9000026
90000450000288
8000053
80180188
82140004006
442747
442514
0000589
4000360692
3000018
2000025
40000006
bebca
bebda
beede
beedf
fadbec
ececb
40004006685
0000685
aadaf
ffcbe
bcdeb
450000760
107991609850107
14683
dbecb
82440004006
745000564
807991609850107
910450005
02545
22293
50781
5010172
39710000170303002
63483
76945
4000370605
7448010016
60583
501021
501005870
501005877
73983
598005062
000034065
3976514
50022
01010512
2801019
849095
300054
502206549
62388562
151545630
2010002010030123010060
16030102140100021003
61641880
0001000200000000037777770674616
680050177
45000030000040002
9530050029
2801011
28012
400000380
497652
5000004
58018063
78018011
81603010200010001
00444
451083
bbffb
06096
038010001
450000379
450000578
9740000
97991609850187
befcf
beeed
058450005
0505070202301
20801000
2040003306
00697
699450005
695010002
69056774696
507450005
4240003306
33316
15430
15173
87991609850187
aaffb
1600004
1640003306
16657
968180
967450005
40004006001
40004006500
40004006690
40004006879
36376
36440004006
3540003106
35640004006
adace
308010008
feddd
fdfca
cccdf
92418
37140004006
906761
00000450000288
818450005
418450005
2660000
7540003306
757450005
ebfdb
570000000001030306
57314
220000000001030306
93400040065
14476
98400040065
981150
001691
54890
51881
6800001
09666
4940003306
29927
130000000001030306
450000382
4500003204
20440004006
30050963
300509211
4000330691
4000310636
0308203
81722
8000080110
9020518
50420
4000360629
10666
3000050
3000019
4000055
5000012
98382
beefd
406450005
beddf
40004006577
617005626169647503636
40004006947
915691
1703030074
06714
69284
97525
00004500002868
81840004006
94683
82403
82340004006
801800727
77566
23240
346331
89083
85881
40869
36320
949855
715800
886001
36943
0000801129
78483
170303030200000000000000
000210920000328
000210940000328
000210990000321
000210990000322
0072156
00004500027
0345428
6501008
00010002000000000377777709696
287591840
00000100000000000006666
0000010000000000000377777709696
23496295
60970801
020000660303
205626169647503636
11603010200010001
2000007
2000008
28010071
2400031065
30005
38018017
740005606
0000691
0000935
00091
803450005
80103030
9740003306
109450005
33894
328180
96012
002198
40004006107
40004006462
36725
4700008011
479450005
4040003106
8640000
863450005
abadf
893450005
9540003306
37234
37440004006
8400008011
45000034812
31801000
eeace
6740003306
67116
4140003306
88880
24801005
94171
0050959
80100024
801000816
28801
2840003306
228180
43801000
17030312
708450005
00021041
04004
79860
13000
58003
45000140
30050805
0000835
8010186
4000310615
cccbb
000109
38083
6768010003
2000034
2000026
2000019
200001703030590
6000046
caeae
beacb
636450005
003500266
12491
40004006415
ccdcc
4000300612
0000620
0000689
0000706
0000793
deeab
abbae
bcdfc
06710
972929
46040004006
35194
79083
827991609850107
25638
90437
26664
01539
ccfeb
72583
96140
29501000
eacce
dacdb
6773302
48683
000040003311894
5018022
620450005
62085
68757
71469
359054
22800
52383
4508003460
000210930000328
48010074
000210990000324
aaffdad
687561
0001108400007
0066156
8146659
8891466
00010005000000000667746
1603030045020000410303
4594488010003
08018002
0400031065
1801806
1801012
40026
480123908
580123908
60026
680123908
600000000000000450001
780102
800000000000000450000
800000101050
9801015
009450005
01776
0000975
83627
caaab
34450001
cafcf
333450005
1540003306
8740003106
82400040065
96121
40004006651
40004006060
40004006127
40004006177
36382
85407
4780000
65663
304450005
30940004006
868180
aecfd
11801005
afdeb
afced
84002
60801005
eefbd
91817
250000000001030306
948180
76180
74301
14340004006
9840003306
56158
380000400035118
5940003306
45000158
0000380645
40124
00970050890
90000450000285
4000340684
442795
442335
4000350605
4000360628
45617
10691
2000080110
70000450000284
4000030
41079
bebdf
1000031
1000051
23486
61702
003500260
47020
45000262
45000034567
377450005
45577
97567
87740004006
845450005
82740004006
fbddf
67083
badce
775691
4202560
cbecf
bcfbc
fffffedb
81683
45000411
99083
73083
21683
29601
98183
bbbaca
684450005
4508003461
4500002800004000400680
01005590
345428110
009745934092
356728
30323031
3230313330323031
080110
080102001
10026
34500007
4880000
680180076
00343
01980
0000568
0000518
00086
ffded
06870
801691
caebd
bedfb
befda
dccec
2080000
00664
45000266
45000480
33821
aaaee
1660000
82400040066
96643
40004006063
898180
aeaacd
955010001
95440004006
3700001
37240004006
dbcad
eebce
55130333501
dfbce
bcbbcd
41402
918450005
25790
0050815
0050822
dacae
4440003306
00738
66617
548054
38002
7240003306
43035
53833
0440003306
00000000000045000034
fffffbe
4500056200004000311
80000450000288
44250
442433
442615
442497
4000350680
6013300000101080
00320
9808010003
106450005
303267
4000065
cfeda
88034
fcfdd
00000000000000004500005
85480
acaac
7806616
0000680
685010001
47211
40004006869
842450005
dbccb
47740004006
1703030259
87790
107054
65297
84683
846450005
faccf
84583
145000564
03506
dbeca
1040050
41742
dffbf
8018055997
00000270
63757
6372656
59501000
75585
13501000
77664
1031156
767971
65941
018054
68676
08595
bbcdff
0097345459
000210910000323
000210930000321
000210940000321
323031373
000210970000321
400026061
000100020000000004696
170700
0501008
3426804
ccdbbfecc
00000100000000000003777777057961686
000100010000000006666
380123908
400000101050
700010
7400031065
7400080110
880100041
0140003306
00047
00039
0640003306
450000552
8340003306
83602
cdcdb
beeea
beebd
05400040065
6990000
45000348
aafce
aaeed
82850
96840004006
00288
40004006230
40004006167
85729
3540003306
353450005
35840004006
cfcdb
65011056
3040003306
89400040065
cbaab
11002
7040003306
80100812
906775
906771
84400040065
843450005
8100001
60725
318180
55819
4100001
301450005
2440003306
574450005
9340003106
007991609850107
007115
02450000
00188
498180
7340003306
00437
80180460
00000000000000020
0000838
8010162
4000330699
442756
442665
4000350670
4000350656
45028
450827
4000320673
adadde
4000360615
4500009055
fceed
beeaf
406616
befbc
61722
003500270
003500271
40004006705
4500004242
aabff
905450005
36531
40004006440
adadeb
815691
40004006116
ccdbd
875010
0000795
20628
8010002082
aebfe
bcdfb
69046369747902717103636
47370
97112
06682
935691
233450005
450000787
87210
405450005
86710
315450005
00004500002844
11551
20080
81369
8018055947
50040000
80285
930450005
bddff
70383
76583
76283
36605
13282
00971730
98680
133054
53383
66590
72283
29255427
5890010
252054
53783
24101
50180036
72190
400056060
000035065
450005620000400033118070
333630
160303002510000021204
2501008
068787
250100042
0001000200000000036475700
0001000000000000036475700
000350026
696465046
30050660
17030300340000000000000045000061
180123908
28018002
21603010200010001
28010004
31603010200010001
3400031065
4160303004
440005606
600000000500400004
717030305
88011
980110
0080000
0000936
0000449
00031
ffdfa
cedce
ceeee
befef
346450005
34955
00637
1740003306
1040003306
6901006
45000213
15940004006
87000
aacfe
82801005
824450005
ffffcaf
00244
40004006005
40004006410
40004006851
40004006625
000191
36401
35440004006
30902
40801003
86801005
898450005
1180100020
acdff
372450005
37991609850187
906765
84485
00000450000286
45000034334
45000034205
3140003306
310054
eecce
55296
99801005
27607
2640003306
244450005
76316
28960
39450001
220050
66855
98962
51067
48124
728010007
52361868
49408
000221
06541
043082060030819
00569
0840003306
18801000
78801003
bbddfac
bbaffb
45000147
30050937
8010100
40115
8000089
337991609850107
82100
47840004006
6010100542112
501000467
34090
2000045
317215
6000013
600001703030590
41023
bebdc
1000042
65724
40004006469
0000845
0000887
abccb
732450005
bfecc
efece
06660
06755
86640004006
89240004006
ecdfc
dbdae
cedaf
00004500002889
146698
845691
256450005
fedff
77320
1629531
8010055995
73515
23501000
96489
93101
22783
66088
642729
04080
56945
71294
199054
000037069
68183
50180040
21101
9000776337
5501801
000210980000322
000210950000329
000210960000322
000210960000327
000210890000328
fcafd
8232598010015
1685814450
8491151
000100020000000001700373736
000100050000000006
7421913528
00000100000000000003637369076773746174696303636
000203000203
005096639
368585889
999020050
20002
500508
58018011
8000038
00814
01060
0000650
0000783
0000704
0000352
458180
bbffc
036262
cabce
97810
97354
ceaacd
bebbf
34300
00610
00686
00663
17911
69400040065
42124
42370
9087270
339450005
3265646
158180
166853
82000
40004006471
3600000000000000
36701
85801005
65840004006
4025838928010015
128180
95400040065
95999
95272
00000450000281
45000034900
45000034430
45000034280
45000034300
60801
918180
91400040065
268450005
24946
dacbf
2140003306
21440004006
7640003306
6140003306
22340004006
00713
14840004006
6640003306
9840003106
98124
00112
72470
4340003306
430000000001030306
1703030078
80092
97631
0309300
8000074
80100515
345691
442464
442385
442587
4000350634
90200
bbfcda
98089
30643
4000360636
3000057
3000051
30362
7000045000028000040004006
700001703030590
4000059
35705
4500009010
caead
65733
650006002
6171726
01205
40004006445
73656172636
865691
82527
50184099
40570
82240004006
20717
85586
00004500002846
99552642
96540004006
84500
20301
cbbdd
8010055906
8018055942
961337
bcfba
72783
64612
575010007
54501000
35083
bbcedd
18783
26954
18614
63934
61183
72883
75000365
000017030305909
45000043000040004011
6901476
000210950000327
000210960000328
01005596
0801004
450005620000400032118779
6577732
000210860000325
00001603030048020000440303
646967697
332934
9064478
8037054
532539
5787271
6901547008906
6323232382
00001603030046020000420303
04000116000189
6875610333363002636
32656466323232382
6469676974616
1000007
20569
3000007
38010009
4801011
400507
48018017
4400031065
5400031065
68011
600010
680180165
ebede
0000776
0000663
00036
00073
06801005
450000365
9700008011
bebbe
beafb
bedbc
05840004006
debbf
00621
00659
172450005
45000249
322327
00973211
96450001
00282
40004006154
40004006949
3640003306
36640004006
65010066
40400040065
404450005
122310
abfee
aeaba
9510000
373450005
848180
81400040062
dbffb
45000034057
31000
accfc
24940004006
25940004006
94433
00000000000
80100040
3940003306
57032
020100
5100000000000000
68695
0940003306
738180
06566
80100624
9000080
9000029
cdbcb
4000340668
0000576
1010100542112
7010100542112
501000469
acecd
40000450000281
daadb
6000012
452002
49591
caeca
40695
40625
1000034
1000041
170303018900000000000000
befaa
003500265
46640004006
73745
905691
40004006681
000000000000000000000000000000
0000846
0000687
fcbcc
aebae
adfbba
87640004006
457991609850107
351450005
00004500002822
faccb
146659
94633
45000034277
edcbb
75586
00847
92242
92282
77697
22292
11083
95688
70583
78583
53083
18952
687054
501006102
bbbacc
38183
861646
146638
ffafbedc
17030310189
15010074
823270
01004002
60214810
3014050000
4000360653
9088054
2972984898010007
1880000
245000032
34500006
480102001
540005606
680110
68018011
700507
800507
00332
014661
45801000
ffcece
80340004006
06456
06477
450000362
cecce
2025838928010015
3300000000000000
32201
327450005
8710000
40004006478
40004006873
40004006476
000173
36240004006
479691
65420
3040003106
30717
86400040065
77301
46124
abcdb
cbabb
95740004006
70432
6270000
620000000001030306
81400040064
dbfce
dbdfc
45000034905
8840003106
88400040065
fbfac
25011056
94400040065
75844
39400040065
61815
01196
6440003306
23827
00722
2940003306
00445
0000380664
054994
90124
8010133
80101843
1603030101040000
9000056
90000450000286
442656
442466
442475
442535
442537
442556
30685
3000047
3000013
30000450002
37670
3173572
60000450000287
beeca
beedd
18301
905587777
4000380656
0000842
0000816
fcdcc
68536
97140004006
cbdbe
dbdbe
86740004006
00004500002895
00004500002866
ebeed
45000034077
43683
81340004006
90886
8018055915
545000564
baabf
8010055901
0000941
99184
99188
985010001
42645
45000034847
507991609850107
80100173
6140303000101160303002
94783
041054
837991609850107
41649
51483
6320086
501005872
0000170303201
79983
52190
52601
79401
400056069
27903636
498107
450000280000400040068
75000361
ffffdacf
550183
80110160
000210990000329
00004000320668
400026060
770167066
0001108400001
8685054
9685814450
83039842
7305666
160303002510000021206
897525
7572727903636
61706903636
0362627305666
20026
48018001
48010071
5000048
5400080069
7000083
7801015
98010009
00551
0181830050
0000556
00049
06706
06302
cdfce
05901
0540003106
0550000
694450005
4200001
45000515
326450005
aadce
82124
9640003306
961218
40004006893
40004006050
000155
36140004006
cfcfa
307317
89801005
80100102
3740003106
374450005
45000034800
45000034736
31102
bccdb
996917
4140003106
41801005
413450005
8800008011
88158
75440004006
eadcc
610000000001030306
94266
7440003306
1440003306
3840003306
680000000001030306
52344
43801002
06590
53122
58801003
00416
bbccba
8018042
30050916
45000028000040003006
9000020
90000450000284
cdbaa
8000052
4000340655
80100590
442637
442787
1703030524
00381
4560028
10643
3000027
30000450000286
883450005
4000047
6000074
45292
80180008
40639
65786
6573742
617209
aaece
90501000
40004006447
40004006484
ccdcb
4000300692
afbca
8010002046
fcbad
70628
dedbe
45140004006
45540004006
450000790
170303072
867991609850107
97240004006
ccbfc
32544
917450005
40762
96902
43483
8018055933
82381
16688
015691
eadaf
8010055915
945691
88947
efdfcb
88538
cbeeb
677326
46240004006
316450005
000040003311854
95503
79783
61283
88283
5018069
185450005
020450005
81183
bbadff
087450005
78183
27783
71483
54483
48483
04222
4508003476
000100020000000004626
88010074
08010074
01010402
345428480
06815077924
8501008
8010002065
ccafd
009215
4020000600303
010000010000000000000377676
47494147322
450800649
10002
44000800600000
8801012
817030304
980102
91603010200010001
00810
00443
00449
0000968
0000553
00045
0340003106
450000708
bedba
69801005
5040003306
42401
428180
45000261
3340003306
3340003106
33400040065
32812
aabee
00221
40004006672
000186
000188
000166
35359
12968
77267
46000
95640004006
80100886
62759
84801000
45000034007
45000034955
dfaaf
0303594
67889
41370
2540003306
21840004006
21340004006
801000817
761450005
0570050
39400040067
39844
5740003306
57354
2240003306
74801003
02337
14001
14817
51940004006
68801005
07333630
06537
45000181
aacde
9010100542112
8010127
69635
cdbacd
8000061
442474
442547
45086
bbfca
340773696
7000034
50000450000284
ccecb
cceea
40690
fadfa
86810
8010002083
cfdacd
97040004006
102054
fafaa
fafaf
3150101
89340004006
89140004006
cdedf
eaecc
47640004006
45000034481
45000034070
45000034076
10496
affba
cbbbf
8018055917
8018055987
8018055906
94540
bdace
899001
46438
38265
0140303000101160303002
366054
56282
66962
38749
48783
bbaafd
18701
28901
285010001
23636
28283
484450005
29383
68483
79883
588893
4508003470
4508003462
000210980000328
9070391
0001000300000000086
0000400033118643
02641940501
8585858
8010002010
8010002057
8010002032
aabdbb
4685814450
020100020100301
00010003000000000377676
547275737420496
676370046
073336307361666503636
1000189
20035
3400080069
48010058
517030305
600050
680100041
6400080069
780110
880180076
917030304
ecece
00832
0100001
0000683
0000690
8040003106
807450005
bbcbcd
beadd
bedbd
3440003306
dedce
deffd
006315
cafbe
90400040065
33011
33835
873450005
879450005
aacac
1616030100
96400040065
96507
00225
40004006657
40004006414
000164
0001110
0001137
3600004
47801005
3530000
addbf
cfdce
12400040065
867501
894906
119450005
92801005
958180
957450005
37101
37840004006
6240003306
45000034601
eeaea
88896
26006
26801005
26840004006
39801005
22831
2340003306
93001
5400004
3880100041
48477
71450000
713143
040000000001030306
1840003306
580000000001030306
00430
bbecef
4500003209
0544672
9000039
4000340678
4000350619
45040004006
00305
70124
65603
38367
3000012
2000050
4000073
daada
4500009006
4500009052
6000033
5000013
beecd
495691
caecc
100001703030590
befbb
003500272
47044
17030305850000000000000045000
0000885
ccdaa
20697
8010002022
10260
40004006897
97469
91501000
061691
85086
912450005
892906
43505
cfbcc
315691
82640004006
00004500002826
15738
933450005
70077
84386
17030300217
faeff
10415
370491
43438
62726
01547
eadbb
16440004006
bfdce
baddb
801800720
49283
21081
bcfce
edace
347991609850107
000000019
816450005
73883
66646
69783
697472
2274797065
577326
21583
26561
78764
19683
18252
0000340617
68755
08583
51283
00503663
63983
58483
50180030
59883
850100020
000210970000329
000210880000322
000210870000327
0000400033118580
aecddf
69963300
9078848
31343937
abbdcd
3137342
6641895
0001000400000000036
50140610
47270347801000
054467286366
2400080069
500504
500000000000000450000
780100669
8160303004
dffffcf
00821
0000932
037450005
450000361
97355
97551
05010066
deded
00673
698180
509450005
3240003306
968450005
96029
969701
40004006011
40004006875
000185
850050
3520000
addfc
658180
308180
77992
77635
aecce
92400040065
378180
84450002
dbafe
45000034842
6040003106
67217
67340004006
41177
263450005
24440004006
25801005
25467
ebfea
ebcacd
4440003106
21940004006
23165
00724
43801005
6340003306
0740003306
07456005
09326
73056
065002
53454
048010007
1340003306
005914
870801
450001465
8010122
217450005
312450005
ffecad
9000062
9000080110
34549
442715
4000320689
00377
3000036
303532
7000044
daace
4500009057
6000052
5000055
50000450000287
49598
288450005
cfeaf
caebb
1000036
1000029
65787
40004006522
befaf
adbaf
45000289
74667
4000300631
47340004006
067054
47439
3955801
ceeae
0001000800000000
700810
97340004006
89641
11615
45000034092
daece
dafce
8018055983
8018055995
21083
6728650
801001708
50683
89783
882483
7248010006
110450005
88683
07512766
ffffebca
72262
196054
0800060214810
28601
04283
799450005
23183
00501589
ffffdfaa
693680
950100020
374660
01805599
90783846
000210890000325
400026062
870197
026290
980100087
8010002007
000350029
0355040613025553311030
8116054
8882054
0152873
00010000000000000673746174696302787805666263646
8759054
00010002000000000673746174696302787805666263646
170303019900000000000000
080100669
2000008011
300000380
3160303004
38018063
34000800600000
41603
48018063
500000101050
500000000001030306
6400031065
617030304
7880000
78018063
88010
880123908
ecbcdbe
0000659
00088
453450005
0600001
06306
038180
83406
01082
97856
cecdb
ceeeb
3440003106
348180
17495
17170303058500000000000000450005
4240003106
424450005
32400040065
152450005
aacec
40004006266
363450005
adcdb
cfbea
6580000
65440004006
30201
4040000
8600008011
8900008011
aecdb
11400040065
11485
92753
acdce
62246
906785
84400040066
45000034995
45000034264
31824
dfaee
dfdee
99036
41905
25010066
facaa
ebabc
21332
398010001
57954
00718
54885
56000
38801005
4380100012
493417
0800004
5800001
588518
45000180
632450005
6163746976
45000028425
80101952
00970050824
80000450000285
4000340667
4000340694
442426
4000360605
20000450000280
6000058
98316
80180007
beebc
10000450000284
10000450000281
caabe
45000237
40004006689
40004006436
aeebc
8151005077
20684
8010002042
abbce
7069616
97436
915010002
501812
33495
faccd
40057
dbbbf
8018055905
adeae
0000911
889691
79583
8884000
13583
260754
10301
796450005
86982
98235
033065
01030302
5973485248010007
010058
0000170303011
58183
bbddae
78816
4000530611
01005598
000210970000327
0001108400005
2349549
170303005800000000000000
8632618
231708
1917890
4446454
00000100000000000006626561636
2349888151005077
4500000000000000450005
0000000006626561636
00651562
0743253021
0801013
200000380
3000008
317030304
480180076
5400080110
680100669
90002
00553
450050
80649
801577
03375
450000557
97004
97820
beaeb
beaac
2040003106
69233
42259
908180
902840
32175
15828
87400040062
16303
002746
000174
859450005
35801005
6500008011
6500005
129450005
86055
89000
89159
cbace
11801003
11435
3740003306
849450005
00000450000289
819691
dbdce
314450005
eedce
dfcce
eccdb
679636
27480
301691
9180000
24124
24840004006
24340004006
94344
75740004006
0050980
0050972
eafef
76801005
76124
223450005
001010054
56815
718180
713803
430050
4500008402
1800007
45000198
aacda
901010054
4000330636
4000310689
20176
009700508151
4000340630
380450005
80180085
442450005
4000350646
4000320600
4000320639
00389
0261630
30000450000289
2000039
30352
4000045
daaec
4500009036
5000027
50000450000280
690089
ccebc
234450005
6572046175746
003500295
305691
acbdab
815010001
0000896
0000686
0000792
ccaae
aadff
083450005
17403636
47240004006
06680
40004006887
455457
82540004006
82940004006
20740004006
00004500002852
ebedb
ccbcf
cadacd
40014
02483
45000034227
8018055903
8018055969
8018055985
65386
17216
725010001
43203636
403450005
92141
41583
989450005
967991609850107
797450005
36250
21283
01390
3993701
277326
17030300195
23995
501005871
18183
799054
75000366
000210970000328
01805590
5801019
7303676370046
064617465
1020100020100
776743203636
00010002000000000178026
8345428
170303011400000000000000
0001000400000000056
0601050507010104
6503617667
6963657274
450000480000400040115
0000000080022000
461746503617667
28452378010007
02616302717103636
7303676370046776743203636
145000067
180100669
28018011
3000008011
580100669
7400080069
8000049
9000083
9000007
00865
0000657
0000202020202020202020202020202020202020202020202020450005
45962
804450005
8025838928010015
0640000
97801005
bebea
bedfc
20423010402080
179450005
1040478
69657
42695
45000202
1560000
874726
aacea
16007
00284
00281
40004006383
40004006174
40004006970
40004006458
40004006507
40004006772
40004006272
47969
6580100047
30963
4600008011
abaaa
cbfcb
fedfe
aeaab
aeadf
92125
9580100076
8010036
afcda
dbace
45000034983
45000034934
6040003306
604450005
556450005
030303
679765
673134
273427
ddaac
4100506
9440003106
948450005
ebaec
0050889
eafea
eaffd
3940003106
6145000028
0240003106
51801002
3800004
48867
5240003306
63152
079248
4500008471
298180
138183
80180452
80032
90158
942009180
90000450000289
8000097
80000002
80000450000284
442435
442437
442575
442766
442585
97650186
101010054
02666
2000012
20000150303001
30301
7000080110
40000450000280
9832054
beefa
40004006538
003500288
40004006236
40004006235
aeedd
780450005
0000677
0000716
ccace
08383
206616
8010002047
7327228
cfccafa
6674772
06705
892801
cebdd
41436
65285
855458050801000
00004500002801
50583
89440004006
934450005
995691
16246
50231
dacbe
43201
801800728
77520
889450005
05598
099146696
46566
fffffeeb
468631
42391
882450005
98683
13383
86983
177991609850107
66083
000100000000000007737567676573740674616
74083
78683
59283
71683
24980100065
59783
16945
09483
29483
4500003249
00004214
00004500
350100020
007615
01005599
00004000310668
adbcec
8010002005
3757272656
50101242
00010002000000000377777705626169647503636
000100030000000003616473057961686
1050050766
08018011
18010200
197652
1400080069
380180076
5000083
58717
500000000000000004500002
68012
73206
8000043
00845
0000843
00079
bbcacd
0630050
06495
450000709
caebf
beeba
befbf
0500004
5040003106
50774
876901
8200008011
82801800
00286
40004006504
40004006456
40004006656
40004006152
852450005
471450005
35400040065
35940004006
864506865010007
928450005
92032
921450005
920305
956450005
80100928
acdad
627306676
84998
3100003
552450005
67801000
2700004
27110
914665
259450005
efcdf
76653
76890
2840003106
61306
61396
2340003106
23157
93817
affffcdf
00712
020000000001030306
984501
56355
4840003306
4500008477
0980101
2940003106
048180
138180
788180
ffffecea
450000383
9012248722
80100621
31255
160303010
9000055
4000340632
44240
442444
4000320664
4000320679
4000360652
45640004006
10636
4000080110
5000051
657827
befcd
003500299
003500274
40004006714
45000226
ecebb
48569
40004006486
40004006481
4000300660
0000631
aadab
8010002089
8010002095
ffbde
82095
9000189
cfdfe
abeef
efefa
82577
87265646972
91281
ecdcc
97246
82220
06200
9950100
31098
8010055945
8010055987
8010055982
edbce
fbbad
171698
945450005
30227
63583
48083
26083
83144
71583
66983
74583
38900
07526
54727
79266
bbcfde
4500003201
0170303003
650183
2005097
000100030000000007737567676573740674616
726573
8014007
000100020000000003616
7369643
437757
4903201
0100000100000000000003616
000100030000000002733
0000010000000000000366
0001000500000000036
2010002010030363010060
6563740573696
04000118
000100030000000003777777026
61640361766703636
0675706461746503617667
3746608646
67963617403636
62730667667963617403636
872656469726563740573696
06757064617465036176670363
080180076
3000009
840005606
980180076
980123908
9400080069
00830
0000909
0000803
450016
80519
06155
06352
03306
8380101
341450005
00684
00681
00661
10400040065
42801005
32702
16124
82037
40004006871
40004006069
000190
000187
4740003106
4730000
adffb
cfbcd
6540003306
77137
77991609850187
468450005
464450005
8920000
cccec
920301
9500001
9500000000000000
958450005
95417
8010054
62280
62930
62232
906757
849101
3140003106
dfbea
9940003106
67369
27991609850187
4100000000000000
888101
fbfeb
254450005
75800
0050931
efbede
8010002000
766450005
76697
00714
54340004006
56382
48000
48801005
52801005
43000
06538
004875
801000789
bbbcfe
450001756
300509021
450000576
6164188
616374696
45000028000040003506
0097005088
9000057
442683
442397
4000350602
450000406
450000485
450000439
4500004325
acefc
40000450000284
500001703030590
40638
87440004006
6578706
003500296
003500277
40004006747
ffaff
4500004247
45000224
905696
40004006482
4000380666
4000300601
86140004006
06447
47440004006
ecaed
00004500002894
00004500002816
16710
115450005
946450005
dafaa
8010055917
baace
11989
840450005
43250
432450005
801800723
96133
96130
887450005
2104500024
885691
7626561636
85382
42260
9260050
96710
42392
43183
60307
916230
986450005
61583
70484
769450005
4000370614
13482
0000170301002
000210960000321
01805595
510059
17030310187
4528005
0021993
4501008
8383578
7005002
9675054
2345428
8365010007
50180721
968146645
3045450002
000001703034018000000000000
1000008011
18018063
30026
445000032
5000008011
6801013
78018016
745000562000040003511874
4540003106
4510000
80940004006
80440004006
06124
068450005
06912
801027
0310000
03840004006
450000364
8340003106
beaea
3400001
175450005
693450005
426450005
8730000
87347
8212450005
00250
40004006976
40004006900
40004006430
40004006126
40004006923
000169
368180
35130333501
30932
30440004006
40801005
86000
776170692
abcfe
aeaeb
aeeed
952450005
95886
80100995
afafa
60240004006
6025838928010015
31345
55631
dddcc
2540003106
facba
75840004006
801110
80100085
801000815
2240003106
93801005
6600001
66330
49301
49801005
4500008452
09801003
538180
18124
588180
004853
bbdfee
30050984
450000575
0000380620
45940004006
8000082
4000340682
0001059
442415
442727
4000350647
170303056
4000320646
4000320668
36060
00386
000003506
98020
01000800450005
10620
10628
20000450002
7000012
4000086
400003506
31727
6000051
5000046
5000041
5000080110
beeae
40619
bedad
63683
61737465
003500283
003500297
afbcd
aaddc
20654
8010002076
eaabf
915450005
91546
233248
85025
5018113
1703030209
40220
00004500002892
33449
157991609850107
84390
969691
dabce
45000034093
ddade
82482
41783
8018055982
afdaa
80220
8010055935
045000564
43383
464924
760861646
947450005
10383
22583
88240
66283
70787
91143
0478912
22683
497450005
36983
04583
49994
64483
41101
22483
80110202
00003106685
80180025
0001000200000000056363632
080100165
9000004030047
870686
0001108400006
01000001000000000000056363632
0100000100000000000001730479696
60303004
00010002000000000377777705746
334542887
8160801000
45081324
6469676963657274
400050060
4651975010007
30297780100047
34268048010007
67313409333630627579696
617374657203636
90000040300473045450002
04000800600000
14000800600000
217030304
24000800600000
4000008011
41603010200010001
580180076
6000008011
7000008011
780180076
780123908
9400080110
900000000001030306
bcece
bcbcdbe
00831
00450005620000400033117
00000002
0000805
0000693
06817
06038
80140004006
03132
cddeb
beaaa
058180
34363
dedef
00606
00611
17066
17940004006
42901
42395
45000208
45000244
90900
87801005
9640003106
96972
961450005
40004006628
40004006170
40004006861
40004006355
40004006693
40004006699
40004006052
40004006951
000100000000
000153
3640003106
85400040065
85430
3580000
6540003106
462450005
899682
cbcaf
aecaa
118180
8010044
37400040065
6240003106
628180
62648
906450005
45000034317
45000034410
45000034746
45000034935
45000034872
eeebe
55010066
678180
6710000
948010007
4440003406
213450005
22940004006
00715
14165
66340004006
510076
5180100495
5640003106
568180
38801003
4940003106
4500008456
0940003106
0400011
005114
00436
801000783
8018088
450000381
80049
45000145
45000182
0000380610
6838010003
9000067
debfb
000003706
000003711
0000035504061302504
0100027
4000360648
4000360608
34076
beedc
beecf
beafe
003500287
18390
630450005
86210
ccddc
40004006950
40004006995
0000712
89540004006
8010002086
96240004006
40004006315
1703030016
1703030053
84484
97540004006
31586
00004500002878
334450005
71715
37396
9950101
4000520653
45000034262
dafad
8018055945
cbfab
8010055912
1001697
05075626
81916
45000034664
96138
127991609850107
99144861
89910
89940
38289
26283
847450005
000000005004000083
00004000331180
0000400033118400
647450005
93183
987450005
91628
421097260050
58083
750450005
982450005
18583
56783
64583
984450005
811450005
592450005
39083
080006641895
72083
23683
93983
52083
41183
44183
000100000000000005677261706809696
65740000
000100020000000005677261706809696
68010074
01805593
000210870000328
4508053
000100040000000005696
927541
000100000000000003777777086
0000170303401800000000000006
3342857
1703030025000000000000004500014
043020302
cfceccf
1000048
2000083
200000101050
38010
50060
58010004
5801101
68018063
74000800600000
8000008011
880102001
880180165
9000008011
980100669
acece
00748
00743
00556
cebce
cdfcb
befad
beeec
05801005
34124
dedcc
deafc
00631
17991609850187
6900008011
690333363002636
9040003106
904450005
33005
33302
15833
87112
aadcb
966264108010015
000165
000172
35000
3080100076
40868
8600000000000000
777450005
abcce
abffa
abfed
fecdb
aeadb
11000
92124
953450005
954450005
80100130
84400040062
accda
67940004006
6705626169647503636
4180000
41400040065
8880000
9140003106
fbfdf
26440004006
244200
25840004006
facec
75240004006
ebcdb
0050934
0050943
444450005
21876
214667
28000
3900008011
bdabf
64696
23809
5014066
5680000
52971
49454
07983
4500008427
198010003
08007
87040004006
4500003055
201010054
801006968
8018013
442737
00384
10645
3000080110
20000450000285
7000057
4500009054
6000027
beeaa
1000046
1000080110
bacdb
aafbb
003500276
06049
737450005
eceff
485976
87540004006
4000300634
0000697
0000641
0000638
0000715
ccacb
86840004006
912225
4050465
82992
85750
857991609850107
42525
32531
00004500002886
17030300219
baeeb
dffcb
afdcd
8010055903
15688
10038
dfdce
94500
fabde
795450005
63536
4000520615
4000520671
3979201
56210
74500
83390
3868058
3895401
8010029
78783
287450005
54701
bbbbed
28612
391359
56641
221450005
38883
4500003205
00973454286
454283
88010082
470198
01005594
01805597
700782
6965450005
000210890000322
46174612
461746106
61706905696
01000001000000000000057
780101591
000350028
0100000100000000000002677706616
0621466
67333009333630627579696
000100020000000002776
699633007
0000400052066
160303004502000041030359450005
7203646
017602717103636
7574041
77845280302
92030500201
180100041
297652
2400080110
645000562000040003511874
700000101050
fcbcdbe
01817
0000908
ffbef
80300
06007
801813
03400040065
05061
3440000
deada
00635
178180
1020000
10960
10927
33869
1580000
8780000
96157
40004006807
40004006835
40004006361
40004006952
000150
000195
000151
0001380
8560000
4700003
3550000
65308
12400040067
122450005
77955
468010007
8980100020
aeaea
fdbee
8180000
813450005
45000034737
45000034936
45000034203
45000034930
60908
55801005
55240004006
55522
558662
99400040065
41322
888010015
fbaeb
25416
949450005
758180
753450005
00502258
00000000036
768180
288180
398450005
571450005
743450005
14940004006
00004886
5140003306
51340004006
4840003106
7180100495
438180
0700003
0700001
4500008472
06591
1940003306
0440003106
00596
00567
00432
20411
450001469
97640004006
80101177
40110
559691
82180
80180086
4000350623
00005123
10623
317450005
6900896
ccebd
40600
406169
87400
aafcd
003500268
003500263
40004006769
0000869
abaff
40004006100
40004006181
40004006985
afbcc
206450005
20616
93287
16040
96227
7069632
16565
86501000
667450005
efbde
96045
82531
1703030012
afeea
86790
936450005
112450005
facbb
167991609850107
9177083
40725
bfbca
cdedb
89480100070
11389
06350
53683
eeefd
febda
99622
eebff
8010055983
8010055947
25586
bddcd
8018055901
23283
703450005
23583
17531
42480
0000400033118983
33130
170303022500000000000000
5010194
4000520610
077326
83722
881450005
387450005
911450005
39483
59683
953801003
49482
520450005
39183
28483
598423
72350
75000360
000100000000000011636
78010074
000040003311890
911630
380100066
941591
75010008
000100010000000011636
aadeafc
414666
446551
000100030000000002756
90778010015
961900500
69368007
75146666
657273696
2274797065223
04000118000189
18018006
10000000000000001
2801101
28010
280123908
48012
5801013
70002
70079
8456002
ccbcdbe
0040003106
00552
0000971
4540003406
ffdcb
808450005
809450005
80808
0380100047
450000442
caeacd
01072
97000
979691
3420000
349450005
defff
00634
176570
6980000
69652
45000258
90400040062
331450005
32901
3240003106
1640003106
164450005
8280000
40004006039
40004006373
000177
000167
30801003
1240003106
125450005
7740003106
77801005
77940004006
4640003106
468010003
46400040065
cccdb
923450005
926450005
9540003106
80100196
dbabc
60440004006
eccde
6740003106
8800003
91466
fbcfa
264450005
25340004006
25440004006
25277
75011056
44156
57281
93854
501109
98695
48508
7140003106
4340003106
43455
49400040065
4500008450
4500008457
bbbaaf
4500003057
401010054
03081
82182
442447
4000350662
45041
00370
20000450000286
7000055
40000450000285
40000450000289
4500009011
ccecc
cceac
40004006520
befca
690677
61796
40004006746
40004006727
adbaa
4500004244
0000881
40004006945
4000300606
aadbe
47544
86400
86440004006
45440004006
99062
dbfab
40004006397
06712
97740004006
97560
97262
84940
822894
31533
3150100
37389
536450005
89642
45000034091
ddacc
92592
8018055996
afdbc
8010055934
8010055946
dacce
fdebd
44683
dacdc
38264
2140050
486450005
6140303000101160303002800
71589
54583
49683
58583
000100000000000009616
000100000000000002776
35289
26983
27550
53769
00001703033
801008002
50110610
59383
29883
75018003
4508003497
01805594
470383
1703030021000000000000000
000001703030028
0028000040002
6901086
003715
00371570
857512
8010002060
fecfee
0001000500000000046175746
6469616
000100000000000001730
447812
706568730474616
1772480100047
5018754025
280102
240005606
280180076
48010
4801013
54000800600000
7801011
9400031065
00555
0000856
80840004006
0640003106
80121
450000554
cdcce
beabd
beeee
3490000
34400040065
208180
defce
1760000
17659
698450005
908450005
1530000
150100610
162450005
40004006030
40004006756
65400040065
abcae
aedcf
aedef
1140003106
11830
ccbbd
929450005
7040003106
3700004
afbbc
8400003
00000800
dbaed
45000034874
60255
31400040065
271450005
91495
248450005
94949
facef
75737
75140004006
75130333501
28124
3900004
5700004
badcc
bdaae
23801000
238180
54840004006
51066
510077
5680101
078180
4500008462
73801005
06524
5300506
19801005
00565
7840003106
78176
00434
8018026
80180488
80101410
20103030
81755
8000073
4000340643
442797
4000350661
60124
bbfbe
bbfcdb
4000320602
4000320618
4000360632
30336
7000056
4000028
40000450000286
4500009030
65140
80180097
40696
40614
65792
33644
06041
06023
40004006716
40004006239
40004006665
40004006688
81501000
feeca
875878
ffccb
895301
8010002096
8010002085
93216
15440004006
40004006810
85075
aecbb
69241
97517
405691
93665
85540004006
00004500002862
93473
950800002
94645
acfcc
8018055934
16231
8010055980
15612
dfddd
bfdfc
edddb
726167652
04889
985691
836775
3678689
48685
000000005004000002
50689
931459
57766
501808
982425
21201
19483
185010002
64283
0001000000000000077
48283
61083
24269
62539
576450005
bbafcf
09791
684983
18483
08183
63883
08883
75000362
0001000200000000087
450000370000400032118
25018003
1603030048020000440303
45000028847
0051154
50180024
380100165
2801000779
17030310182
4508014
00571590
fcafc
7501009
010000010000000000000370726
3233375
160303006402000060030359450005
160303002510000021200
01000001000000000000046370726
097652
28018006
200000000001030306
38010004
300000101050
697652
780180165
88018017
8400031065
00380
01340004006
fffdb
80459
034450005
4500008717
83921
838486
97400040062
befea
beaae
34400040066
20801003
20400040065
209450005
1740003106
1040003106
50400040065
90801005
3390000
338180
338450005
335450005
158010056
15834
15018056
8700008011
8700001
aafdf
16707500
fffface
967504
00249
40004006823
000199
0001234
364450005
85908
adfce
65056
8600001
86345
86124
46763
abdce
cbfbd
febeb
feece
95905
95432
37152
62395
90680
84801005
84979
81368
81069
81349
dbcda
45000034258
030383
67140004006
67540004006
279450005
ddcab
41349
41426
fbceb
26140004006
26392
240050
2560000
0050856
4400008011
efaec
21000
21801005
28967
393450005
574500010
649450005
5440003306
5140003106
568450005
488180
4500008467
4500008426
4500008422
59801000
00570
801000780
80180716
4500003010
4500003208
80020
80093
450001365
30050880
30050915
00000000000000012
616450005
442655
4000350691
4000320694
10124
10103030
90980
00391
50440004006
4000360614
300004500005
7000026
7000058
70000450000289
daabcee
6000015
6000011
5000030
5000031
50000450000281
cceec
beaff
80611
40004006703
deafd
40004006233
40004006480
86240004006
40004006190
40004006182
0000797
0000731
8010002080
82099
daddc
47540004006
cfccf
abedc
addbb
82599
ccbcb
32569
84320
950800010
acfce
affcb
8018055935
8018055984
16287
8010055997
fbebc
8010055942
8018055907
ddfce
43783
65528
991301
41553
facdc
edcca
94389
099450005
91390
037991609850107
387801000
01808
98265
49688
24278
39983
78283
23783
17030300193
0000801128
000037062
55591
391343
049450005
54101
0001000200000000026169026
454286
58010074
950100032
000001603030046100000424104
0000400033118560
0001108400002
feceed
000100050000000003696
0685814450
61046472697007
14500011
800011
00801005
018010003
01940004006
018270
0000602
ffcee
fffda
802450005
4500009026
450000464
01051
97351
059450005
50248
45000325
322450005
15400040065
16400040065
8220000
82848
96801000
9680000
96732
40004006096
40004006325
40004006623
40004006921
4740003406
65345
65400040067
3040000
409450005
863201
77124
8910000
8900000000000000450000
cbfdb
fecff
fdfcb
ccbbb
801007783
37801005
375450005
62965
dbcce
45000034743
eeaeb
5540003306
dfdeb
dfbee
998180
2740003106
274450005
ddace
419450005
88400040066
888201
fbabc
fbfae
2400003
9400008011
94360
facaf
facad
75940004006
44050
21801003
21845
76000
7680000
766572
2800003
bfcba
748180
74305
9300004
5010021
9800008011
6340003106
0740003106
06530
06592
5340003306
13835
138105
00440004006
8018024
bbafef
450000384
45000199
30050854
61673
05403
80101332
4000340625
4000340679
202906
3450801
4000350694
0000561
230450005
30665
4000360607
4000020
357991609850107
4500009056
65169
801816
cfefb
88050
88060
40004006582
18358
4500004250
4500004214
45000034507
40004006603
40004006615
acbce
acbcc
aeade
feeaf
ccdae
40004006946
16035
0000717
7061636
84185
8650100
abebb
96040004006
40004006369
dbdbb
4571756966
1703030202
170303042500000000000000
00004500002803
16739
146652
06310
11571
ecbcc
427991609850107
12225
adbeee
46710
8018055986
927991609850107
8010055905
65311
ddccf
725450005
bfffa
eddce
88931
44686
35534
80100019
103450005
42394
51783
33134
79683
45000494
38583
36286
429004
38983
52283
0470050
722450005
28782
28524
560450005
791343
17030300192
988450005
bbbeebf
0050098
19886
538450005
750183
8000624
880100165
98010074
0001000200000000067572616
18010074
680100165
000210870000322
00010003000000000361706902636305736
160303002510000021207
909569
7345428
00020000800019509
170303002800000000000000450001
08010057
38011
82080
8400080069
84000800600000
00804
00749
01827
0000676
0000809
00098
4580000
45707
bbeec
40009
03229
450000571
cecca
cdcfc
befed
beffffff
3480100020
20719
45000430
cafce
3300004
3220000
1500008011
aafcf
aafdb
1600008011
9650107
40004006165
40004006367
40004006957
40004006557
000176
36124
850001
359450005
adfee
4090000
408450005
12164
779450005
77103
77674
46801006
abcaf
abfff
8950000
fdace
8100000000000000
8180100047
45000034942
45000034106
60930
60246
318450005
5540003106
acbbd
9900008011
99376
6780000
67991609850187
272450005
ddcdc
4140003406
91400040062
24303
2535010001
94368
949691
faccc
facacd
75801005
75010066
2140003106
80100054
7640003106
76495
76628
05786
057991609850107
39821
61801005
74340004006
9300008011
66801005
51840004006
56340004006
56037
38167
72708
17030311
59801005
598180
0000320658
06586
1900004
7940003106
79951
00560
00564
5840003106
7800001
00410
004914
80180416
80180734
30050850
976775
80101281
401691
20269
442666
442633
4000320657
650450005
501000461
10647
7000073
4500009037
6000055
45240004006
49557
caecd
40684
40628
bedac
befab
63657
40004006706
40004006606
40004006620
40004006493
81597
8010002045
ddbfb
62689
abeca
defbc
45536
1703030040
06799
45740004006
11400
00004500002835
00004500002887
15796
9343809
cddff
1603010099010000950303
000000450001
fbddc
467991609850107
16290
faaae
8018055965
0000920
96110
74297
97847
02797
91397
92645
84731
64783
75083
14534
54783
38483
586450005
58983
54283
31183
28683
00000000086
66483
bbbebf
60488
04383
000100020000000002736
250183
8010119
95010003
000210880000327
511575
87360050
8010002011
737089
5844158
697281
170303025000000000000000
00001703030028000000000000
00000140303000101160303002
000100020000000002696
0000000001030307
0001000200000000026368026
0300174104
0500304245000
18018011
2801013
2400033060
38011007
480180165
78012
7400033060
897652
00917
0000972
0000877
0000995
45643
80436
bbfff
450000559
450000888
9720000
cedef
beeef
0510000
05053
343450005
deaea
dedee
173163168010015
10801005
108180
6940003106
69400040066
6901016
42235
328010011
aadba
168450005
163450005
16558
96400040067
96124
96707500
40004006288
40004006860
40004006694
40004006016
000156
0001276
363336
85000
85518
47400040060
477201978010015
358180
6500000000000000
776450005
8930000
aefef
70980
70960
3720000
3710000
62940004006
84306
8480100076
bcfff
678450005
67840004006
67482
884501
9100008011
9140000
26340004006
2440003106
24159
258180
2510000
252450005
25740004006
250100610
fadea
fafdb
7540003106
44124
444144
21011
801000812
3940003406
6140003106
229450005
94210
94292
74801000
7440003106
23929
00711
54900
5640003306
56124
714665
17030314
4500008460
59109
290000000001030306
080000000001030306
5840003406
801000786
87042
06508
80095
901691
000000000000004500016
69641
00970050809
9000053
805951
33740004006
80100587
442554
4000320617
4000320638
50436
42180
4000360645
10681
daade
60000450000285
11741
88033
234955
430450005
40004006722
40004006260
40004006293
747450005
0569992
40004006682
40004006446
40004006184
40004006139
40004006193
ccdce
4000300689
0000644
0000782
fcaff
bcdaf
fcdab
84141
865010001
efbce
915010001
915358
85715
40240004006
11440004006
00004500002843
00004500002834
790450005
46740004006
8018055916
8018055911
8010055936
00000212
baddc
8010055925
492450005
94527
72683
88520
77282
50383
98796
52583
5331163014060355040
28715
4000370615
4000370693
687450005
71403
ffffeebf
605010001
59917
02183
98883
79483
79388
4500008411
53883
75000363
4508003471
0001000200000000026835016
650100020
01005593
01805596
01805591
98018006
05026800010
80111495
50101190
500049830
8010002004
750100027
450840644
633742
65777361707
00010000000000000464736
68747470733
76170838
10422313
5000498304500008
2160303004
7801013
dadad
00450001
00803
0000780
0000937
45395
45018056
80692
80999
06312
06980
06630
450000463
83140004006
01084
97400040067
97280598010007
beaee
beaba
beaad
beafc
decdb
dedeb
dedec
00657
17000
17628
69234
698010003
45000300
15801005
82066
009765
009736588
40004006806
40004006346
40004006366
000179
478180
adaaa
6530000
650333363002636
77888
abfad
899691
aefce
aeabf
92000
9200008011
9200003
9250000
92400040062
958010006
70930
70267
379450005
6200008011
906777
906759
60203
3180000
5520000
dfaba
994450005
6740000
dddfc
913450005
26830
24317
24447
ebddc
dabbc
daffa
44306
05706978656
5700003
57840004006
572950100
bfcac
66801000
50188
501010054
98400040067
5616030100
078010001
4500008407
4500008464
06533
798180
08002
5840003306
00433
004906
ffffecef
801000788
8018084
204057
61617
90128
90103030
3106616
0100450005
9000076
33798
4000360685
4000360672
10680
10686
2000046
20000450000289
70000450002
aceff
4500009007
4500009050
60000450002
60000450000280
beabb
33640004006
40004006532
befae
61744
003500298
003500279
18394
06025
01267
40004006231
46606
cffce
aeeca
feecfb
40004006180
ccadd
20696
70616
bfeae
ffdbb
06600
06132
450000710
11140004006
ecdcb
170303027600000000000000
395450005
20796
85740004006
85940004006
18060
00004500002861
00004500002888
33484
11340004006
06370
eeccf
417450005
cbfbc
8010055937
8010055984
cbeaa
fabce
bdcce
00816
88890
fffffefd
83633
989691
02563
777991609850107
94755
42390
09883
881691
941450005
21386610
2613106616
5578010001
63485
71083
29783
08783
62083
582450005
79183
16911
52483
334549
8011093
04983
63817
4500008432
75000368
000100020000000004686
00973454288
00001703030026
0045157
74616773036
472483
05778824
0001108400009
432580100047
58016
4777061640
adbeebb
85853490
707573680
0432172
000100020000000006636
00509663932
00681565
452000340000400032060
97006616
009736588450
47770616402637303756
1801101
18010
480100669
545000562000040003511874
745000067
88012
800000000000000004500002
94000800600000
00850
00349
0140003106
0000814
458450005
978010001
cecad
cddbd
05300
34002
34106
dedaa
171450005
17640004006
10400040067
50801005
50726
45000314
33206
450005752
aadfa
16801003
82312
40004006109
40004006113
40004006151
000154
3600001
3686150
adabc
304906
30733
121691
46801005
8980000
89400040062
fecdc
feeba
aeeba
1100003
11121
11341
922332
95909
95011007
709450005
8010098
37916
622450005
906756
84400040064
84425
45000034701
60840004006
60940004006
31400040066
eeccb
998450005
999450005
999691
27472
ddfff
ddcea
41974
91000
91450
fbaae
26617
25140004006
44948
efcaf
218180
763450005
39002000080001
5740003106
57801005
bfbbc
648180
02933
1480000
6680000
66840004006
666450005
668010017
98801005
5440003106
54801005
5630000
3840003106
388010022
72940004006
71340004006
528180
4500008455
5940003106
5340003106
04321
78000
30050896
40111
000000000000004500010
442454
442414
4000350616
676450005
11840004006
70000450000285
daaad
bebcf
8018152
caeac
fcfcd
aaeae
40004006289
40004006237
4500004203
4850100
abfaf
40004006028
81591
8150100
40004006185
0000634
0000725
0000721
73673
8010002040
7068703
15522
62669
84440004006
93710
ecabb
00004500002831
96593
eedde
8450050
baece
20560
8010055910
8010055933
ddcce
faaaa
8010055907
801800721
96136
96640004006
99140004006
94088
64083
00920
96722
53583
89882
76783
767450005
63433
716666
004883
0978441
489450005
19183
713450000
78812
49883
003500301
28010082
00001703030029
98010082
05026800002
0001108400003
00371534
ccafb
646566
4500005100004000331183
0001000000000000016106636
911440
304106082
75736963
00000100000000000006636
00010002000000000473746174016
00010000000000000873746174696378780866616365626
600507060
02649912901
0001000100000000037777770333363002636
00661563
956206348010003
00010002000000000873746174696378780866616365626
045000067
0801101
0400080069
100000000000000004500002
10008
30002
4400080069
4400035069
5000007
6000043
6400080110
74500006
8801013
00331
0100003
0000701
80801005
06692
06395
80106
80100008
03839
34303
20450001
00666
00619
17426
69017
69863
50880
8720000
87400040066
87325
87777
82317
82400040064
9600008011
9600000000000000
96061
00289
00227
40004006341
000193
000171
36400040065
36315
361450005
35400040066
3020000
125010007
7750000
773450005
775010001
cbdce
cbcce
cbddd
1140000
92790
acdaa
3740000
848010007
840049
dbfcb
eecac
5500008011
5540003406
dfcdc
27870
278180
2600001
94477
94950
ebdcb
0050807
8011065
2100001
2130000
572450005
23801005
93400040067
00740004006
6640003106
66853
66366
50124
51063
5640003406
38400040065
71000
71102
71840004006
5240003406
52917
0730000
5940003406
093417
06520
5300003
189756
4500003065
80010
45000188
30050807
900003506
8000070
8000063
442365
442667
442424
442614
83040004006
90240004006
4000320685
4000320695
92433
adadace
98029
30644
37686
6000034
6000080110
452804
caeaa
1000044
40004006585
40004006576
40004006269
40004006295
40004006270
caaff
4500004228
abfcb
3050100
74772
40004006191
40004006138
40004006969
0000744
86865
ddbce
eaace
10298
10200507
68501000
40004006881
9150100
067450005
450000767
69580
89282
fafad
34269
435691
ecddf
290674
ceeab
16750
505967
cabac
03550
41784
8018055937
badac
badfa
fdebc
59583
0000320631
437450005
ecfce
fabff
727059
19500
83530
931691
916450005
307991609850107
41683
194450005
62297
58549
77484
28910
392450005
13083
49083
7140303000101160303002
bbcbda
19235
02883
14283
311450005
51201
48183
52183
13983
08101
4508003464
00010000000000001467656
450000430000400035118
2801000775
0001108400000
0097340732
442080100073
979639
450000730000400035118
000100020001000003617069036
0239834241289
35020000310303
714665808
7573696305626169647503636
140005606
3000048
300000000001030306
4400080110
40027
500000380
5160303004
64000800600000
7160303004
8400033069
00912
00813
0180101
0000942
0000529
0000543
45400040066
8080100047
bbfbd
0680000
03450187
83117
83440004006
83740004006
97400040060
beebf
05933
34400040067
00651
10418
4200003
42400040065
45000332
1500003
15379
15629
8770000
aaeeb
82400040067
ffffacb
ffffaaff
00240004006
40004006217
47868
cfbce
65801005
3080000
1280000
12117
123450005
86400040067
4640000
cbaad
cbfbf
fedaa
aeabc
119691
ccfffffe
95891
70942
378010001
37809
62140004006
62540004006
8400004
60746
3140003406
31829
31362
55140004006
55517
55514
dfbbb
bccba
9900000000000000
99395
994735
030337
67000
67440004006
9140003406
914450005
fbddb
fbdda
2640003106
26434
2430000
25240004006
25105
94170303058500000000000000450005
75225
ebdef
80100066
801000475
edcee
5700000
bfbef
bdabd
6400001
02654
148180
6660000
668450005
501405
54936
54940004006
7200008011
720000000001030306
096450005
528010001
63801000
738010003
188010007
00420
bbeacd
450000570
80540004006
8000096
8000078
4000340686
442383
442445
45097
bbfcdc
003031
4000360674
4000360668
34042
010136
7000051
4500009032
6000029
98343
fcebc
65120
61741
003500278
40004006212
4500004243
62842
50100122
74787
40004006434
40004006438
00000000000000004500056
85440004006
4000380690
377592
40004006192
ccdab
ccddd
abdff
40004006984
4000300638
0000769
0000789
ccaea
deedd
8010002090
8010002021
8010002072
932609
96239
bcdcc
fcdad
eaafa
efbdd
abecb
685583
40004006811
450000720
91293
47436
435450005
85515
00004500002819
334166622
87140004006
bfbce
cabde
93396
84350
950800004
024860
baeaa
dabcc
45000034047
31446
85297
8018055989
01503030012
fbbfa
1648010003
637450005
8010055902
801800729
74266
bccce
479301
940450005
9438010001
465691
92220
382450005
94740
42397
7976193
447450005
833001
92083
bbcefcbe
226313
56983
21664
189450005
939450005
78261
19943
512450005
291450005
07683
59183
591343
50104099
68983
501005873
29083
56183
09383
8010108
00010000000000001072322
15018003
4500002800004000400661
8000500
40050411
00010002000000001072322
68010082
6901046
74303137
5345428
00010002000000000164026
00973454599
01004006
00941524
170303401800000000000005
0001000600000000
31383132333145000336
08012
08011007
1400033060
33406
38012
3400033069
400000000000000004500002
780100696
700000000000000004500002
845000032
fcece
0050100
008450005
00855
00859
01122
0000625
4520000
457370
450100610
8040000
06940004006
03000
038450005
450000000000000000
9700000000000000
befff
0520000
053450005
34790
decce
69400040067
699559
45000386
90801000
90400040061
3226743
15004
15773
aacef
16801005
823450005
00976525
40004006336
40004006470
000180
000196
850100610
47018
47400040066
35101
355450005
40801000
12801005
12124
86400040066
4640003406
463450005
abadd
8940000
89850
92234
92732
9540000
707450005
801008006
37901
84400040067
8140003406
45000034885
553450005
55540004006
dface
9910000
dddfe
4100008011
919691
24365
24416
94450001
94400040067
75315
752450005
ebaaf
76004
05798
39400040066
57140004006
57240004006
bdcee
238450005
98175
71478
4940003406
1703030061
4500008970
7300008011
06532
29000
00587
00566
0840003106
1800001
004849
ffffecfa
bbbabd
bbbffabb
450000394
4500003062
40004011487
40004011482
30050975
003514
4000330667
20124
90740004006
817991609850107
9000078
cccce
4000340683
3450100
601010054
9028010001
4000320603
450000416
30699
501000462
34070
10615
0101242
cceab
beefc
4000801112
fcfce
aafbc
690674
6500041
003500291
aaecb
aaacb
aaafd
40004006299
45000233
377991609850107
8010002027
155010
bcdce
40004006884
594450005
87791
42540004006
dbacf
00004500002860
89181
cddacd
cddac
40056
84340004006
02486
8480050
45000034269
45000034265
dafdc
dffac
50220
8010055932
05080
246450005
415010001
dacda
edcce
195450005
762450005
46583
46245
50740004006
4000380603
000040003311852
170303028200000000000000450005
53197
45000440
575450005
36639
07702
72483
11070
390450005
0102154
14083
792450005
501006108
08683
08628
28650
2529047
02105
0050880194
5660050
521450005
73183
191343
139450005
211450005
01000001000000000000047061737305746
75000367
6936803
480100165
696465036
90783848101
000210890000321
000210890000327
0005000000010
000040003606954
8010002030
ccbdae
140303000101160303002800450001
464780
965933
2317222
00010002000000000166013302636
cfcceae
000100030000000002776
287564530
01945701
18018
245000067
597652
6000008
6400033060
797652
700000000000000450005
717030304
845000562000040003511874
00348
0000627
00004500023
0000458000
45168
0660000
06000000000000000
80180100
83839
cdcacd
05318
20746
deced
00607
17801005
5040003406
4200008011
4230000
45000251
3380000
332450005
1540003106
aabce
aaadf
40004006852
40004006360
40004006123
40004006464
40004006956
40004006622
40004006552
000170
000184
358010003
35432
cfcad
778180
fdaab
70940004006
80100840
3780000
371450005
62315
6250187
906763
8490000
dbfcd
dbadf
5500000000000000
0303026
67586
dddce
8800001
94453
75340004006
75963
0050946
dadea
44400040065
76433
39459
57940004006
57991609850187
61000
bacfd
14801005
00150
5440003406
548180
54997
4800005
728180
71801005
4900008011
07991609850187
5340003406
08801005
801000787
4500003067
03635
8010180
4500056248
4000330668
40116
9000054
8000072
7906965
debae
442485
4000350632
450000465
6768743
30603551
7000067
acefe
4000039
36811
6000059
6000045000028000040004006
5000026
5000039
40004006587
61780
617450005
40004006285
adbab
45000281
450002398
45000034576
eceed
40004006498
aeeaf
40004006141
abdac
86040004006
8010002026
dadfb
aedae
06400
97092
10226
bcace
dfece
97522
40527
86769
6001616
84940004006
035010
dbbce
cbbba
dffea
8018055992
8010055916
babce
bddacd
0000916
eddbe
735450005
44628
fabdd
4150100
94387
92640004006
847991609850107
646872
4000520652
38531
80100734
660754
487340
040450005
665450005
28583
62438
1892785
68783
18132
4500009261
19101
093450005
00004500033
8005088572
45010005
6901076
95010074
979023
8010002036
000350027
375791
dbfbde
977596
00010005000000000766696
17030101
0001000400000000047061737305746
0400109
940734
90703986001
00000160303006
000100060000000003
45000034000040003606819
450000340000400040061
48554341
30050921137
0880000
345000032
380102017
500011
5400035069
78011007
997652
00860
00104
00558
0100009
0000930
0000574
00048
06300
06937
06063
0380100020
83340004006
cadce
cacce
cadbf
cecaf
05400040067
05766
00690
00608
69276
508180
50400040066
45000456
45000315
45000369
3310000
33865
32394
aabbe
aaaaf
aadbf
82013
96790
40004006314
40004006108
40004006698
000194
000163
000100010003
85400040062
85400040066
853450005
47275
358450005
659450005
308450005
40400040067
7740003406
77840004006
46170303058500000000000000450005
89991
89052
aebbd
92400040067
92400040061
92960
9500008011
95400040064
70400
623450005
62240004006
90678
afcce
8400001
8430000
dbcbc
45000034878
608180
55158
bcceb
ecbef
673450005
ddaae
91801005
91400040067
fbffe
24002
75801000
7500008011
8011019
44945
214450005
76002
764450005
057146
05700500
edffffea
5737420496
618180
bfaeb
01140004006
01140
74840004006
23847
1440003106
14936
980001
518180
718010003
63156
07944
7340003106
06580
088180
58801000
7869660000450005
4500003826
8010110
cdbcd
442624
501000464
3000039
3000029
20000450000284
4000036
37640004006
5000065
90366
80688
6573796
657475726
9026396
73762
74681
05699887
05681
40004006933
0000615
abbdf
155908
16540004006
bfeab
eaaea
97040
03260
69596
69567
cebcb
1703030214
16840004006
00004500002805
00004500002853
00004500002890
14661
851325
20313
47631
baecb
00000045000028
205691
45000034215
eebfa
cbbcc
82810
34000400657
8010055967
8018055955
87997
232450005
048450005
facda
099106
fffffebc
83688
15386
1031224788010015
1703030242
931450005
450005620000400033118783
41240
60285
13388
05138
78686
196450005
78927
78991
49483
3999901
711450005
71283
501006104
59083
56401
794450005
04397
22883
52883
18883
57276696365
000210980000329
000210880000324
000210870000329
05026800001
2801000770
2801000773
5501008
40114
6569616
6901056
4500003800004000331183
ffffffffffffffffffff
008715
921850
000016030300461000004241046
890384
35907947
65058010010
6720473696
3896801000
585086450100042
6766616
185531
37472697006616
657773707573680
000100000000000002737409333630627579696
5073721
08000000000000037
657773707573680673696
087635
68010
680102017
7801012
80097
900507
98010
900000101050
ecafc
00376
00826
009015
01466
011198
45400040067
45400040060
45011007
ffdef
80400040065
80965
06400040065
06905
06343
06951
80157
450000772
83240004006
830040
cacac
cecac
cdaacd
cdeeb
05942
34201
defcf
00630
00655
178450005
10801000
694500029
425940
87326
1610000
82717
00972760
96801005
963450005
40004006252
000198
36801005
85400040067
47628
47462
3500008011
6570000
65436
652183
308903
4040003406
127450005
866328
893906
feceb
fdbce
11801000
70246
62567
84340
00000450000285
81400040067
81313
60210
eebed
558180
55706
55440004006
55242
99002
6700008011
94002
facea
801117
21302
edaed
6180000
bfdcf
22124
22347
6440003106
744500003
23704
93959
007215
51004
56396
38002000080001
6800008011
489047
7240003106
72124
5240003106
49354
638010003
4500008454
73000
06582
0400003
00595
ffffefea
bbbcfd
bbbfec
8018095
80180208
4500003054
45000150
4500006002
4000330632
80100610
81741
00970050890384
9000065
9000063
9000017030340180000000000000
8000071
559450005
0000569
4000320634
4000320632
90940004006
00385
50100095
3000059
30000450000281
4000062
daafc
6000026
5000056
cfecc
1000014
88030
bedab
65767
33635
003500294
40004006287
40004006247
40004006265
cffad
5010016
86247
40004006024
40004006986
4000300665
afbffffe
20655
8010002025
afcbb
00000000000002450005
fcdce
cbacf
bcaaa
97405
69540004006
87250
972301
41434
11266
82688
40742
87340004006
cabad
69440004006
84531
47620
cdaff
85640004006
45000034438
40440004006
116450005
0353231
82480
bdefb
2020450005
daeeb
adbeea
8018055920
16646
50240004006
8010055996
ddccb
efffa
fbeda
edece
433450005
985450005
426000003106
7784500030
94793
50365
64697
450005620000400033118110
22040
385691
018061
98273
51583
585450005
04783
394450005
24583
bbcedc
15083
76915
08769
494450005
6320032
07083
29683
000000000000000450005
51083
4895601
23901
639450005
bbacce
02303
72183
56483
cffffebc
22817
9036390
13883
4508003499
45018003
0000310000400004118
45428590
6901036
6901466
280034
280100165
6000001450002
780100165
05026800004
400026069
000210860000327
00973437
6005055
ccafe
0038427
82172540
322098
737088
7501008
846592
335076
0001000000000000013207616
000001000000000000037777770473696
00562000040003
000100040000000002737409333630627579696
000100040000000002756902666605617661737403636
0001000900000000057
450000310000400004118
04000119
00000100000000000002756902666605617661737403636
0001000500000000037777770473696
00010002000000000366313005626169647503636
303230353231
4020100020100305
345406750
35333645
0001000400000000013207616
23496186
33647624
24420057
445000067
545000067
50026
58010
5400031062
640005606
745000032
8400033060
945000562000040003511874
01401
00004000401172
45377
805010007
06102
06314
8014021
03806
033450005
838180
83928
caabc
beffd
051450005
34165
decaa
deeef
69622
cafdd
9080000
9040003406
33400040066
3345491
32617
321450005
87400040067
aaded
16824
82912
40004006018
40004006222
000175
36456005
8500008011
47935
cfabd
30400040065
12400040066
772450005
77440004006
46434
11400040066
92656
929691
95801005
70905
37554
afaba
dbabf
45000034876
55340004006
030389
67401
67801003
273450005
27170303058500000000000000450005
275233
419691
88893
3011060
2680000
24801003
25335
75433
daded
76452
76825
2800004
28801005
28962
edcdd
578180
bdceb
64063
74801005
74456
affffaaf
02801003
668180
66124
98407
56840004006
38821
718450005
719450005
07801005
078450005
07887
078010011
4500008404
09801005
06536
06539
06514
29801005
1940003106
13801
00580
00485454502
0035001
69640004006
4000340606
442465
442374
442654
42140004006
30679
10639
106082
30313
88370
7000028
450000988
6000065
50000450000286
28888
657991609850107
33688
40004006514
65000485
73781
50100102
7472450005
40004006640
40004006497
40004006412
40004006411
40004006022
adafd
40004006110
40004006194
ccdde
0000785
0000727
89596
8010002081
fcbce
fcddf
fcdbc
eaacb
abeba
685691
06116
067991609850107
87240004006
912242
dbdaf
87795
93628
ceedd
33466
00004500002897
cadae
14629
40091
950800000
310450005
90440004006
45000034020
dbbfba
8018055912
16640004006
afdbf
92740004006
baade
effde
faaba
725426
29583
efcbb
3003505
37469
531450005
79757
39880100047
897450005
445450005
88241
44783
38922
bbdedd
74183
000100000000000004626
56583
24283
68283
68286
2698010003
62081
399450005
19783
192819
54683
24183
501005874
784450005
ffffefdc
02283
59842
8800003106
8011085
49383
72383
4508003474
000009696
80103217
600000170303
38010082
78010082
00000020405820402080
000210880000321
768391
0000400033118680
333363
74303165
4660474616
23803901
2685814450
066865616
17030320189
eadaffc
6901116
9118450
010000010000000000000377777704736
17030300340000000000000001
010000010000000000000377777706616
31303030303026
80182865
30090603550406130255
002746302717103636
65777361707002746302717103636
080100696
0400031062
1400035069
2400033069
480100082
487635
7801101
7400035068
8400035069
945000032
9400033069
9400031062
00840
00836
00568
0000858
45770
ffbce
ffcec
80400040066
bbcafc
06800
06280
06305
450000555
cadfa
97801000
05801000
344450005
20400040067
1720000
17400040065
17840004006
177450005
10468656
429691
45000444
9040003506
90400040067
323450005
aacfa
8240003406
ffffabf
40004006819
40004006943
40004006443
0001334
36614
85813
354450005
35382
65905
302450005
302802
86406
774450005
46400040066
46400040064
89165
89519
febcd
fdceb
fdfef
11400040062
cccae
95801
8010050
80100885
37400040067
dbcdc
45000034950
60260
60740004006
3130000
31317
31335
eeceb
30140004006
fbfce
fbdad
fbcbf
75971
754450005
7574450005
ebcea
44801005
449450005
801000477
6100008011
bfcda
bddbd
bdcad
6400008011
2380000
14124
66821
501450005
51801005
51163
38961
38000040003311
71940004006
52940004006
07202
4500008429
1900008011
0400506
00594
ffffebef
30050920
450000516
63276
0000839
201691
16030315
90000170303
cdbcc
28311
805010
debdf
442344
442704
4000350659
501000466
501000460
4560029
400003706
6000064
50000450000289
45200
ccebe
1000026
1000039
65706
6320071
40004006575
43043
003500293
06089
40004006292
40004006262
40004006284
73755
cffcb
90577
9050100
40004006441
40004006087
aeecb
40004006115
4000300607
ccabb
895010
8010002041
8010002094
bcdcf
bcdee
62645
62670
84140004006
dfeaf
1703030037
69516
60096
20731
11200000
0620050
00004500002891
baefd
ebbab
40480
20040
42740004006
ddece
eadbd
15661
63716
8018055909
ebdacd
12660
055458050801000
94079
13535
835010
10357
54000400657
57583
22083
98639
56283
869691
38712
54544
941691
14500
70722
707991609850107
514450005
565450005
27181
28983
13683
24083
497054
369450005
bbbbef
791450005
550450005
ffffefcd
231450005
4500009253
801008001
450000280000400040063
00003106686
008915
6901156
0000010000000000000870617373706
000210860000324
459651
010000010000000000000373733
4500005100004000331186
000100020000000003616373016
3995401
0160303003
0125911
000100000000000003616373016
686150
9461054
62616964752
71687374617469632
40103030301
000000000377777706616
000100020001000008636
17030300300000000000000001
0000140303000101160303003
4626162790473696
00010004000000000377777702717103636
45000562000040003111773
6468726573742
045000562000040003511874
08010
1000008
24500011
28010020
48018
4400033069
5801012
60006
645000032
687635
78010
78018006
7400033069
845000067
94500011
98018011
0000934
0000852
0000614
0000448
45400040064
ffbba
ffcfe
80996
03858
4500009070
83050
9770000
ceaae
cdace
cdaea
beaaf
befbd
051691
20451405
00652
10902
45000387
907101
328010015
879691
aaadb
aaaec
1600001
16029
82450001
82374
96504
40004006978
40004006413
40004006553
0001598
3670000
85636
cfdca
653450005
30900
30400040067
30925
12209
46303
abace
feffb
aeebf
11495
9210000
92276
95701
955691
379691
62036
6280000
90690
90647
906741
dbfea
45000034933
45000034670
55801000
67801005
2700000000000000
2720000
8840003206
258450005
ebaee
ebdee
dacfd
daffd
449691
3940003206
babbd
23801003
93000
143450005
66419
50103030
00140004006
54124
54828
518450005
3800008011
729450005
72455
49831
070302300
4500008473
7300001
0002102
04124
00591
00575
005314
7840003406
20431
80101228
4000310675
03040004006
4000340610
4000340629
20230
442476
4000350636
4000350655
47811
4000320607
90940
00387
501000835
10665
300003506
2000041
3570670
37633
6000076
60000450000289
983450005
bedfd
65790
003500273
deafe
45000236
45000034526
40004006487
40004006027
aeedf
40004006987
86027
0000740
8010002070
abbbd
16040004006
fcbaa
ddbdb
bcded
01741
06136
69540
10940004006
405010001
20790
85537
33430
700333363
85137
965340
20344
47688
950800001
115691
85688
00000034
200906
45000034046
bdece
8018055932
0000981
49249
415691
75501000
989801000
57083
506450005
79715
36392
39794
957991609850107
70501000
421092
63383
01004008
bbcede
bbaaca
187450005
787450005
56901
39283
087998
045450005
5010062
bbbacb
44083
09283
27083
02310
22469
50180082
21183
79383
48883
798450005
0005000100000
450100020
0000170303002400000000000000
000210880000328
00000100000000000005636
00000100000000000003617069016
0201010402
8010002056
03858901
00010000000000000673746174696309333630627579696
000100040000000003617069016
010202010130123010060
0002037777770
000000001000000000000047770616400001
0001000200020002037777770
700333363002636
0001000200020002037777770866616365626
1801013
1400031062
24500006
280180165
2400035069
445000562000040003511874
517030304
580100696
5400033060
680100082
600000000000000004500002
68011007
7000049
7400031062
800508
9400033060
00829
00371
00808
01440004006
0000773
0000709
0000763
fffcb
0600000000000000
069450005
06955
03492
031691
83940004006
caaec
0500001
341666220
00600000000
00629
17845
17740004006
699691
5080000
502450005
42000
4260000
45000397
33002
339691
331691
872501
8200004
8200001
96406
960201
40004006380
40004006347
40004006754
000162
36860
36685
85656
addcc
129691
126450005
12816
7741469968010007
46400040067
89400040067
89879
118010007
70801000
70401
70724
62440004006
319691
eeced
5510000
99000
99942
99400040067
030375
675450005
2750000
ddaba
41000
301010054
261691
944450005
0050995
218450005
7600003
578450005
57440004006
22107
648450005
74940004006
028180
148450005
6840003106
49108
1703030066
63801005
73801000
06510
53801005
04006
00577
bbeceb
68344
4000310666
201450005
90790
03049
8010069
80517
dcaacd
4000320648
92440004006
10638
300004500022
7000013
4000057
5000034
4529255
10000450000280
88039
40004006531
43095
befac
06085
deacc
40004006205
40004006232
40004006286
40004006241
45000284
40004006687
40004006660
40004006639
40004006439
acbaf
40004006025
0000865
40004006140
40004006137
0000639
0000736
abbbc
06100
1703030087
69590
5018408
170303088
84945
cfbdc
65281
bcbff
11437
3342992
96550
84512
faefc
45000034484
94626
434450005
43475
cbbcb
cbbfb
8018055990
afddf
16240004006
cbfcc
15140004006
8010055986
baaace
80721
bdbce
40350
86350
29579
43701
446450005
879696
cbece
41534
45000034381
33562
335657
41394
413509
267450005
025010001
944805
84776
01441
51751
33185
5010197
527450005
444398
525010001
007715
5018059
03136
58783
56539
265450005
73483
bbaeca
1370044
4000370616
18283
000034066
56083
082450005
23754
192450005
010064
66183
000037112
18683
501005879
18146
22183
08983
14483
4500008417
53983
01703031
4500009043
40050274
0000010000000000000269
0034156
000000043484
adadedc
0000400034067
0100000100000000000001780000010001
4500003800004000331185
160303002510000021209
000210850000325
74303133
003815
00591592
6164349
414668
925724
5850864501000
584940
00010000000000000665636
00010002000000000665636
000100010000000001730
00010003000000000673746174696309333630627579696
94691466
9705599
60000000050040000487
145000562000040003511874
23206
245000562000040003511874
20004
287635
345000067
3400031062
3400035069
3400033060
4000083
44500006
5400035068
7400035069
bcafe
00400040065
00905
00842
00325
0000892
0000894
0000563
45736
0600008011
06747
06875
40006506
0350000
03400040067
450000408
450000958
83840004006
83172
9750000
97747
cecbd
0500008011
20801805
20702
decfe
decea
00691
00654
17400040067
1040000
508010011
429450005
33932
33205
3200004
32955
1590000
87500
aabbb
aacbcd
aafee
aacee
aafda
9600001
96659
40004006122
000161
36400040067
362450005
366450005
47801003
47500
47400040067
35916
cfcbf
65804
40400040060
409691
12100
8630000
86400040061
77096
77616
8940003406
8940003206
1100008011
92985
95004
70834
6240003406
906776
819450005
dbcfc
31450001
3100000000000000
31400040067
31347
eeeae
558450005
672450005
2700008011
dddef
41002000080001
3013300000101080
fbfcb
2480000
25018056
94980
fabbfe
ebfcb
5700008011
57868
61940004006
bafec
22801005
6440003406
7400008011
749450005
23897
14002
5140003406
38849
52124
4300008011
4340003406
638180
070000000001030306
4500008902
59963
098180
79801005
00540004006
18830
00435
450001462
8010117
40004011686
4000310686
00970050800
00970050827
9000052
28310
8000095
82106
30613
10631
3000056
4500009005
6000067
5000067
cceca
caecb
faddc
06090
adbdc
adbda
45000034500
36522
40004006605
8623984
acbda
81503030012
acacb
40004006935
0000724
8010002049
abbacd
82020
aebcb
70663
ddbad
fcddc
06440
decbb
40004006316
91539
450000750
69240004006
34250
34241
dbcbb
ebecd
ebefe
32505
cdebc
45000034482
89665
ecbfb
bdebd
afdbb
effcb
8018055972
7257954
0000910
49287
eccce
08083
635450005
0250100
367991609850107
646450005
797335657
997450005
3859401
869401
57783
74548
03886401
14537
020968010003
8868010003
942006480
68607
000100000000000008667261676
bbaeee
4000370613
28295
74482
79283
17030300196
540450005
48983
07686
293450005
25083
604162
0100000100000000000002696
00003106688
000040061
000040062
850180610
000210870000326
9783457
00561553
0000170303027
00973447
000001000000000000017809626964737769746368036
00001000000000000204648464145424545434143414341434143414341434143
0605018002
69620561646
914666
3903201
426100003106
00010002000000000377777705776569626
450840643
643267386
000100090000000003
45000028000040004006612
40103030201010402
0050880309
160303004402000040030359450005
0589042
0001000800000000036
006000000000083
180100696
200000000000000004500002
2400035068
380100669
3400031060
68010009
6400033069
60000000000000001
887635
9801013
00801003
00400040067
00857
0130669
0000918
0000549
fface
038010015
83801005
83865
9740003506
97400040064
97937
beadf
341691
2090000
deffa
00650
00641561
69400040064
33400040067
32000
32450001
32786
153450005
159450005
159691
aadee
aaafa
aaaadc
1620000
8250000
963501
40004006870
40004006475
40004006104
40004006166
40004006153
40004006322
40004006766
00010016
3600008011
85450001
47002000080001
35334
350100610
12119
86801003
86400040062
46435
fedce
febce
aecef
11003
95400040067
702450005
62409
81450001
45000034266
45000034172
030327
27476
88867
fbaacd
251450005
25985
fafdf
8011000010000000000002046484641454245454341434143414341434143414341434500004
219450005
61440004006
22770
2300003
234591
93819
028010015
02458
02939
5010022
98000
518285
5600008011
68400040065
72002
7100008011
07840004006
07940004006
07986
450000889
06517
06525
1300001
1340003106
1840003106
78801005
78124
00431
bbadee
8010152
4016450005
01003
4000310672
45980
800003506
800003706
4000340656
79066
80180127
debcf
44238
44258
90054
4000360618
7018010015
3000086
30000450000285
40000002
4000051
60000450000284
ccebb
ccecf
caeaf
10000450000286
1000045000028000040004006
aafcc
40004006503
617265
45000034505
ecedc
40004006686
0000000000000000450005
aeeaa
feefb
40004006997
40004006911
4000300603
0000787
8010002091
abbbe
ffbdb
16525
86187
45420
6670617
96075
10203
ffdff
06670
40004006395
40004006391
0671777
97705
afeba
435010
975010
190677
06216
00004500002830
00004500002829
cfade
cfacf
14649
53646
310428
faedc
45000034488
11618
946301
45000034044
ddacf
acfda
affacd
26682
85240004006
afdfa
62760
80290
11984
255450005
8018055926
fabdf
facde
19583
19558
80100017
12103
33081
13596
46869732
95516
397450005
724450005
02083
80100215
24527
0001000000000000047
000100000000000009696
720450005
7140303000101160303002800
169450005
17030300191
186450005
131450005
23936
689450005
000000000473796
ffffefaf
75146660
224450005
611450005
14136
084450005
56380100047
4508003472
45428110
6901436
6901446
6901426
5801004
01805598
550100024
000210870000324
000210890000326
0100000100000000000002726
02627200
0000400033118600
00004000330667
004214
11818010001
0180038
870546
efddde
900701
000001000000000000037777770977696
43616368652
00000000017809626964737769746368036
13074571756966
4500003400004000320666
0001000100000000037777770977696
800350026
0100000100000000000003777777046
6163746976652
244200571549
6670617373
300000000000000004500002
6400035068
84500006
80026
88011007
98011056
00835
018180
01801003
0116030100
0000864
0000754
0000658
cadaa
caeed
01040004006
01070
9780000
9740003206
ceace
ceaee
befee
befba
05400040066
05235
3440003406
34801005
decad
173450005
10400040066
6940003406
423450005
45000574
3240003406
8747250
aabea
968751
00243
40004006975
40004006908
40004006666
85690
85035
857401
85018056
65306
659691
4070000
123366
779636
46885
abaaf
89815
898010001
cbfef
fedfb
92170303058500000000000000450005
959450005
70801005
70740004006
3740003406
37314663
626949
afdcf
afaea
84400040060
84400040061
81341
dbafc
dbaeb
45000034002
45000034875
602450005
31997
55288
55253
acbba
991450005
030334
41898
9440003406
75656
759450005
0050942
768450005
05740004006
edaacd
bfcbcd
22875
02629
66400040065
38862
4500008478
4500008451
4500008965
5900008011
06515
00590
08801000
088010015
5800008011
69182
bbacef
000040003806
80041
30050980
00000000000000013
4500006001
4000310656
69630
8000080
8000068
8000017030340180000000000000
80180191
442774
dcdacd
601691
101691
00390
30680
50100038
383450005
3000095
20000450000281
70000450000286
acecb
4000064
daaea
eacdc
50000170303002
beead
beeab
beeda
4950100
cfecf
1000013
40004006536
650006001932616365333032333
003500292
aaeaf
40004006298
4500004234
45000034569
aeead
aeefa
acabe
abdbe
abdad
40004006912
0000786
afbae
73687
73636
adfab
390677
06112
06725
8728650
69221
fafce
afefe
972968
bcbfb
590674
00004500002828
846301
cabdd
06320
31074
31415
ddeea
82490
cbbdf
dffdf
dfffc
8018055936
3964301
fbbdb
63791
84075
88786
ddfcb
88914
20811
fffffeca
41890
26082
bface
81630
41911
74000400657
170303022800000000000000
4000520644
53283
86986
46983
fffffffe
886450005
66583
911691
00010000000000000270340373736
bbaeba
71632
71630
71664
28764
29753
ffffecff
4000370676
49771
56041
277450005
04483
09783
51683
bbcaabc
29387
2640573696
52494646
ffffefaa
72103
0050600
4500008405
4500008435
4500003220
4500008931
0001000200000000046361737406676
00010000000000001072312
00010000000000000667656
000007656
00010002000000001072312
000001000000000000046361737406676
ffafbaec
473616
010505070
2801000778
13033350
4500003045
35010008
0000040003
85010074
00010001000000000667656
06158010011
acafd
87761706
2697801003
6345428
921939508010003
000100000000000006626561636
00000100000000000003777777077477697474657203636
7561466
697730
44608010003
3120323030456004
000001000100000600010000
000100010000000003696
01000001000000000000037777770672656464697403636
80183828
4727034780100094
00010000000100000178000001000100000600010001
98133678010003
009765256769
1400035068
28011007
480110
400000000001030306
4400033060
5400033069
700000000001030306
78011056
9400035069
0000694
0000964
45942
45357
808180
805010001
06865
06315
801818
801023
40005011
03400040061
cadcb
0108483
9740003406
ceccb
cdceb
cdafe
05170303058500000000000000450005
05295
34005
348450005
00640004006
1710000
179691
4240003406
45000316
33846
450005760
32801005
87400040064
aaeea
96007
00222
40004006803
40004006209
857201
47000
47819
cfdef
30400040066
307450005
30890
4040003206
12000
1200006
46400040060
1140003206
114667
9260000
70415
801007789
acddb
acdbc
37400040066
629450005
62856
afbbe
afbbd
45000034327
3100008011
318010003
31400040060
319450005
eeffd
eebfb
557450005
dfbbd
dfdea
bcbbe
accaf
accbcd
99400040064
030335
030311
675010002
ddacb
4190000
88450001
8800005
88400040067
fbccc
fbabf
fbddd
94946
facbd
ebfce
000000001467656
4480000
76006
76140004006
eddef
57005
222450005
bddfb
74985
02940004006
00004315
6600008011
66064
50145
98895
4800008011
4300003
1703030068
07340004006
07392
4500008476
4500008424
06577
198180
13801005
004872
801000785
06504
40004011897
80048
6164367
0035156
80100608
00970050948
cdbad
4000340693
442326
442364
442754
442574
47884
6012390
90288
4000360661
4000360638
10697
10648
20000450000288
7000036
4000019
eacdd
600004500022
5000036
98300503
45203
bebacd
bcefd
46137
fadacd
80660
6570050
902663
15840004006
18398
40004006799
01210
40004006297
45000034503
ececf
abfcc
746450005
40004006934
0000722
8010002099
8010002071
15480
dadaf
aebfb
fcdfe
69040004006
adfbe
451466
dbfbe
dbfbc
93500
06115
06724
937991609850107
fdfcc
450000730
8728010003
86714
60039
06296
06295
8948010007
93412
93309
81260
1466661
85140004006
79096
20395
84310
02449
ebbbd
ddeba
99637
41788
46734
467801000
cbbcd
cbbbc
afdfb
8010055969
00000247
15642
63715
bddad
8018055952
edeef
96150
42083
baccb
44000400662
235691
34633
008656
96750
000000005004000004
9477232
30498
745450005
95194
14560
741450005
000100000000000008746
00010000000000000261640
0800068
08799
1340050
000034064
27757
29283
712450005
17030300198
54096
542450005
14266
bbcaba
089450005
50180032
08483
793450005
79385
588450005
4508003496
80004
323031362
008315
9005073
05026800000
00000100000000000003617069077477697474657203636
000210860000326
dfffffdb
741469965
01000001000000000000037777310773696
00972875
3172166
6937918
457869660000450005
8573801000
785389
00001703010
0001000600000000037777770
0001000700000000037777310773696
02000055030359450005
9602681
145000032
1400033069
10027
4400031062
70006
800000000001030306
900010
fadad
00930
0000893
0000992
0000946
00000000016
ffaea
ffdec
83407
83413
cacacd
97450001
97900
9710000
cdfee
058010003
deeec
00671
10980
6920000
509691
50274
42400040060
3340003406
32124
32400040064
8740003406
8750000
87154
aafad
16455
16321
9670000
40004006351
40004006618
40004006813
40004006419
40004006624
000182
36400040066
367650
8580000
8540003406
35400040067
35107
359691
cfded
65400040064
654450005
3040003406
86332
771450005
77240004006
46628
fecee
fdbed
92295
950100610
70982
acdbd
3700008011
3700007
62334
62756
afada
afaec
8440003506
84842
849480
00000735
00000400034
8190000
81934
608450005
551450005
dfccc
dfcff
bcffa
030333
0303030305
27400040065
279691
9100001
94400040064
faced
75002
7500004
75952
750363
ebdcc
fcfffffe
80110574
8011059
2100008011
39862
bfdee
22821
22108
74861
000048454144202
501691
56801005
4840003406
52801000
07801000
09002
06581
7940003406
79968
00589
4500003064
4500003061
80012
450001464
00000000000000011
97641
010012
03040
9000064
cdbdb
80586
8000093
8000098
44268
44278
442325
442733
442375
47880
900310
601317
bbfacd
4000320625
adadcaf
adaddbf
30662
701691
10673656172636
3000052
2000017030340180000000000000
37605626169647503636
483450005
cfefa
88036
657374036
890674
06027
40004006767
63082046
40004006296
caacc
5010090
85433
aeafe
40004006103
ccdbc
87503283
4000300640
afbdc
ffbdd
47566
86132
454003
defdc
defab
10242
685814
685010002
06634
40004006890
40004006311
06700
69525
69269
87681
cfbaa
ebeea
cfacc
16765616
97370
febff
dbbed
ddebb
dafca
8018055946
8010055992
baacb
faadb
255691
0000939
43283
77506
21041
295450005
9793184
7031224788010015
985010002
19579
195691
bfcce
00811
943801
87890
03791
947991609850107
6973742
13283
95245
76681
34148
58720
615010001
0001000000000000026
786450005
78185
6240050
939691
981691
17030300199
000037066
605450005
5378010011
02106
09432
561450005
4500008401
4500008465
4500008437
1703030308
000100020000000008667261676
00004500057
05626569616
4500009023
4000560651
4000560652
45934021
0030359450005
3146697640
9080394
bbfcca
450082
456800
941524
45010074
74303135
800350029
0000170303401800000000000007
963279
94124980
75958010003
1345428
334548620
00941591
20050563
746572657374036
800050383
00010000000000000270320373736
3138313233314500033
23082034
106736561726368057961686
6308204623082034
0400031060
68018
6801101
8400035068
9801101
00554
0000891
0000655
0000772
0000951
0000400040116
0000613
45055
45761
ffaae
80410
0340003506
839450005
0500003
34156
34492
209691
deffc
176450005
17631
508010007
508450005
422450005
42753
45000280
45000471
45000279
15456005
87691
87180
87992
aabba
aaaad
8260000
82457
96400040064
96209
40004006929
40004006371
000178
3640003406
85839
478010017
adffa
adffc
30706
309450005
40400040064
12406
12938
7700008011
46417
cbcacd
fdded
110002
70440004006
acdbb
371691
6260000
62485
62179
afccd
84400040063
840051
45000034850
45000034243
45000034257
31002
3100001
55740004006
55640004006
030339
030378
671146
271691
88800
fbcae
25897
25011007
751450005
ebcaf
ebacb
ebcab
44450001
7600001
edffe
61340004006
bdadb
649691
94228
33061
23803
9300003
9340003406
5014063
9800004
00191
54910
68124
49477
4500008977
4500008423
73801003
004867
bbeaed
4500003060
20420
21705
81751
009700508897
900003706
4000340680
33722
35068
80180179
0000550
4000320672
4000320678
018005
300003706
70000450000288
4500009051
87480
87499
65740004006
40004006588
003500290
aaedf
63082
4500004216
abfae
87542
ccaad
deeac
fcada
fddde
15540004006
62634
990677
defae
93521
91579
dfacf
23369
06762
ecace
1703030251
11465
00004500002808
16740004006
917991609850107
505450005
eaece
85192
06396
950800003
45000034728
dbeae
ddedb
82440
affce
37024
daefd
eebfd
cbbac
eadce
17250
badae
eafce
8010055976
8010055975
8018055924
8018055962
8018055975
ccfacd
fbfbc
ebddf
88912
295691
fbccd
415450005
795010001
755450005
22588
450005620000400033118490
603450005
60328
132450005
445691
56205
952770
577450005
350450005
587450005
389691
32490
08762
78112
27441
292450005
296450005
60683
19983
14285
239450005
501005878
56683
52683
0050533
78897
4500008434
539450005
0170303014
58883
770616765616
4500009049
35018003
450000430000400040110
000100020000000005676461746107796
501879709
5005075
4000340653
000210890000323
2801000777
00000100000000000005676461746107796
368585987
010000010000000000000270350571686
4508051
15010005
000100030000000008746
4500003600004000331183
8562415
00973405
00000100000000000001690373736
391536
459614
801007782
814662
3170863
000016030300461000004241047
8501012
2758818010003
5849409
000100000000000006737461746963056
000100040000000003617069077477697474657203636
334542859
00010000000000000377777710796
000100050000000001690373736
1303335010
00200004001400000000
70967914666
6858144582
770616765616432
1400031060
2801012
345934
4000048
580180202
9000048
9400035068
0045000562
0040003506
00824
00809
00333
013450005
0000817
0000815
0000974
0000933
0000761
ffcef
06801000
06780
06804
061181
03406
03400040066
03808
83036
9790000
cefce
cdaac
050100610
3400003
34345
34663
20800
20478
20400040062
20736
208450005
dedcb
defad
dedba
006214
1700008011
1070000
10400040062
6940003506
42433
90955
329691
321691
87801003
aaccc
aaaea
aadbc
aaeec
16400040066
82000045000028
00252
40004006332
40004006372
40004006449
36328
85380
85400040064
4700001
4770000
47872
356450005
65323
12742
8610000
89812
aeaac
fddcf
11400040067
ccbba
70805
70436
62400040064
906754
afaacd
84801800
8140003506
dbaaf
45000034010
45000034895
eecaa
eebae
55840004006
dfcea
9940003206
27900
41477
8840003406
26167
24801000
2500008011
25117
44995
efcbcd
21849
219691
05791
bfcde
babee
64124
938010003
02124
9880100078
513450005
38450001
52154
1703030303
073450005
0900003
065306
0400004
adcbcd
58801002
00403
69140004006
06507
4500003066
20440
0000837
21741
201906
3805701
80180088
4000350607
dcbacd
90905
003036
003030
230418
4000360616
4000360659
501000831
45688
10618
4000017030340180000000000000
4500009002
6000082
6000044
50000450000285
1000055
40004006586
003500286
012165
caafd
4500004231
45000034519
acbffffe
4000380659
0000810
acaab
8010002020
fcbcb
daddb
73200507
45417
abecc
abeacd
abeac
4738010003
ffdffa
03240004006
40004006390
06790
06722
aacbb
97730
06885
97350
8450100400
77027265
faeef
acfec
bdeacd
bdeec
99666
dafacd
cbbde
8018055941
3966301
eadab
8010055931
11910
faaacd
ebcce
ebccd
8018055971
8018055922
bdbcd
bffce
437991609850107
42022
99199
fabacd
41588
42640004006
640995
09516
45000034897
4000380634
738450005
5031224788010015
697450005
63105
38526
3850100
35688
501806106
14583
80100229
533450005
000100000000000007656
0001000000000000046175746
24268
811691
134303
0000340644
17030300190
09083
0000801108
09703
02383
388450005
bbddca
081450005
4500008410
4500008430
4000530653
19883
0170303012
004630
479916098410
05018003
80181495
5010013
98010040
18010082
6801004
01805592
80110639
010000010000000000000270320571686
000222000
17030340188
9032384
466495
009748155
abcaff
1574858
000100010000003
681766
450005620000400033118170
000100020000000003777777057961686
3003504
737420496
01004007
32303137303232
6685814450
0097170863
34383131
000100030000000003777777077477697474657203636
770272650674616
0400035068
18011015
280100696
380102
3801101
4000038
64500022
680103
6400035069
645000239
70026
7400031060
800012
8801101
ecafa
00400040064
00937
45442
fffdd
ffced
bbffa
0600003
4000301
450000737
caaed
97925
cdbbd
befeb
05246
05011007
decdd
17152
17340004006
1040003406
10400040061
5070000
42400040067
45000458
45000238
3320000
3350000
32331
8740003206
82002
82400040062
825010001
964740
00255
40004006349
40004006479
40004006832
4720000
cfeacd
cfcde
658010007
65400040066
30937
309691
40400040066
86676
77735
46246
46323
abfec
aecff
1140003406
9240003506
92400040063
95921
9550100021
70400040065
70825
80100127
62652
629691
62607
8440003406
8140003206
45000034805
45000034015
60400040064
31300
31400040064
554266
550100610
bccae
030326
67336
27479
dddeb
ddbeaa
41400040066
91002
26115
24836
2540000
94912
facab
0050976
801000476
76405
761691
2800008011
edbea
610363
229691
bdbbc
94240004006
93882
028010007
029691
66000
9840003206
5600001
563450005
38836
488010015
71050
4300001
493231
2900008011
0002104
79037
08124
ffffefef
87025
4500003050
450000577
976801
8010116
8010179
0308815
8000090
8000094
35060
790677
442337
83086
90010
9020000
bbfada
97654
36068
01811
4000360683
7000060
7000052
aceec
4000056
4000013
daaab
4500009031
5000044
98370
69009089
caeab
10000450000288
1703030146
aafacd
40004006542
40004006528
aaebb
40004006736
deacb
ffafe
40004006245
abfde
36567
40004006086
40004006990
87540
0000710
deeaf
20612
8010002024
8010002044
8010002029
abbcb
ddbda
47562
fcdcf
84120
bfece
dfbac
45503
974698
06180
06120
dfaff
1703030076
86637
69239
89255
fdbac
82235
00004500002872
32587286
cedbe
bfbcb
505691
45000034140
81205010002
cadfd
faecb
dabaf
45000034045
45000034731
45000034722
925001
45000034299
daecf
733450005
8018055980
edbab
baaab
baaef
11990
effbe
8010055955
8018055966
7250100
73582
73591
72633390
88554
92110
677450005
755691
92215
4000380647
10300
51765
225450005
52785407
41283
91181
682450005
247450005
734450005
71665
785450005
136450005
789450005
130450005
23797
520470
142450005
440450005
0050368
663929
481450005
0000000007636
000000005004000012
bbbecfcc
bbbeeafe
526450005
518450002
564450005
563698
0050112
29880100047
80808080
ffffdace
90263944
7374617
000210870000321
000210890000324
3146697
0001108400008
010000010000000000000270390571686
010000010000000000000273310571686
010000010000000000000270340571686
01000001000000000000027034057168696
abcedaa
680100074
0010104020103030
450004092
391572
0203010001
bcafd
400050065
0100000100000000000003616473057961686
616435998
00010002000000000377777710796
0561720
060355040713450000
00010006000000000270340571686
5961801
00000100010000060001
0001000900000000027034057168696
000100010001000003
060105050702011625687474703
010000010000000000000273300571686
4000360650
000100160000000007636
345934119
04500022
0400033069
2000038
3400035068
38011015
58011007
5400031060
64500011
880100696
8400033068
8400033062
90006
9400033068
00846
01303
0000977
458010015
45430
45747
ffcad
06902
06995
06037
03004
03790
caaeb
cabcb
01077
010215
97400040066
97059
cdecd
05400040061
349691
defcb
00643
50706
90400040063
1577924
87400040061
87315
96456005
40004006854
40004006453
40004006313
36755
360060
47450001
47400040064
3540003406
35400040064
6500506
650100610
30801005
40718
1250000
86007
7700003
abdcc
8940003506
fedca
aeeacd
aecbf
92232
928201
951691
80100416
80100191
37303
626273073336307361666503636
84935
84355
849517
000004500022
81842
dbffd
45000034351
608010007
6040003406
607450005
eebba
dfbfe
bccfb
accee
030319
6740003406
67400040066
67035
dddbc
ddcac
9100004
91368
91947
260616
7540000
759691
ebdaa
ebffffff
dabee
44400040060
443450005
efbeb
efaea
7640003406
5740003406
6100003
618010007
614664
bfcacd
22834
749691
00004984
66172
56006
3840003406
7190000
5200008011
4500008975
59400040065
06587
06565
06531
29801003
0002104000003
79450004
1300003
00439
bbecac
40004011846
0361746
204906
217991609850107
4000330670
45930
4000340698
80180185
3808301
442355
442304
442366
003507
450000490
4000360625
3000067
7000096
7000079
acecf
aceac
daafd
6000053
5000086
5000028
500001703030
beedb
fadac
88031
2340050
beaca
aafde
06095
06071
40004006206
cffda
eceee
30501000
747991609850107
78087
40004006932
40004006915
40004006940
40004006981
ccaeb
8010002093
dadbb
fcdbb
fcdba
81465
efeca
971949
06782
7777440
912240
cbdacd
afece
84981
82995
aefbc
ebece
eeade
717450005
facca
50518
93430
00010008
11350
146622
eeedc
85687
faeee
94628
45000034730
ddeda
92540004006
45000034216
436450005
81396
8018055930
8018055981
8018055931
afdce
afdae
396450005
eaddd
eadba
bfdcd
babcb
fdece
8010055971
8010055977
ccfba
16140004006
ddfba
bdacb
bccbe
727450005
727474696
44000400657
795691
45000034391
765010001
09583
fffffeda
32640004006
92688
96720
53567
890901
24000400657
98757
431450005
07783
952005001
3875601
44792
496450005
49628
62286
56519
13783
4000370617
78990
160303005902000055
62599
19283
606450005
54083
544874
13199
501020
55083
584450005
4500009259
801008000
09183
19383
298450005
90363955001
4000530612
6901456
00010002000000000379743305676770687403636
180100452
08010082
05026800003
2801000774
50069
010000010000000000000270310571686
010000010000000000000273330571686
010000010000000000000273380571686
010000010000000000000270370571686
010000010000000000000270300571686
6901026
0000170303059084
85624150
450004097
00010001000000000662747261636502717103636
05010074
0042153
00509591
78571435
365727
3934401
00010003000000000273310571686
00010003000000000273330571686
00010003000000000273380571686
000100020000000001730479696
3942001
6164359
201000201003033300
620561646
7996101
000100010000000003626273073336307361666503636
000004000321189
00010002000000000366313205626169647503636
00000100000000000003626273073336307361666503636
00692473
72697479301
010000990303
980349957
00010003000000000273300571686
308903005080
345000562000040003511874
3801013
400000000000000450000
58011056
6400031062
7400032065
94500007
945000067
900000000000000004500002
00801000
00921
004500056200004000331180
009815
0000825
0000674
fffdf
80827
0640003506
06485
80146
833450005
becbcd
0540003506
050099
dcffff
34864
defef
00644
1780000
17801003
10400040060
69450001
6950100
42801000
42400040064
33000
328450005
1540003206
15400040067
15400040066
aacfb
1680000
165010007
8240003506
96000
96000045000028
96492
40004006904
40004006422
40004006037
40004006244
40004006275
36170303058500000000000000450005
85568
4700004
47400040061
47000045000028
353134
cfbede
6540003406
4080100076
1214667
8640003406
86400040060
4600004
4620000
89980
89400040066
cbcae
cbdea
cbdba
fddce
fdaae
fdaef
11000045000028
9280000
62545
843499
00000425
8180100078
dbdaa
45000034870
45000034315
45000034426
45000034034
eeadb
eeccd
99400040066
99897
ecbed
67400040065
675691
27673
41000045000028
88402
9140003506
91407
26400040065
259691
94454
facfa
fcbec
0050919
44903
efcde
801000474
3940003506
5700502
bfaba
bdaec
643450005
64000045000028
74124
663450005
5010072
5400008011
51039
6840003406
68202
48400040065
43450001
4900004
498414
4500008870
4500008466
73030
06585
195043
04127
adcfa
00581
58124
801000782
6164647
0000020405460402080
9000072
33782
4000320615
adadaec
10131
90934
01815
4000360633
818086
300001703030
7000053
7000017030340180000000000000
4000089
35740004006
450000989
60000000
5000019
452803
fcedd
495143
1000024
1703030151
2349948
40004006525
9026397
15840
06048
40004006787
40004006711
deabb
40004006281
40004006226
73796
4500004251
45000034551
acbacd
aeacf
4000300691
0000788
ccaac
86820
17436
7066726
dedab
efbab
defaf
dbfaf
472657
dfbcb
40004006399
84490
86680
87255
41440004006
39511
06265
15790
11541
8966801000
42705
ceccf
ddecf
acfbd
cdfcc
daefc
afdffffe
8010007683
effed
742450005
735691
295010001
fbcce
fabdc
43334
0480050
75584
33540004006
9477231
34869
570450005
64662
646468
50101066
50101536
52706
669450005
63327
7078013302636
469691
567450005
075450005
24266
78687
785010001
78999601
369691
534450005
714450005
16983
884450005
092450005
43883
52810295
0100000100000000000004686
0170303004
4508003463
00010002000000000261640
000210880000323
000040003311850
01000001000000000000027032057168696
01000001000000000000027033057168696
150100024
7430316262
effdff
889700504
6901196
0001000200000000027078013302636
27078013302636
685494
016030300500200004
010000010000000000000269620561646
0001000900000000027032057168696
0001000900000000027033057168696
000100020000000002787702717103636
000100000000000008617070726
000000000670696
3230313630332
000100020000000005747261636502717103636
16146675
9160327
897568010003
0100000100000000000005747261636502717103636
0000000008617070726
61726561450005
74303162623662
045000053
1400080119
1801802
24500007
2400031060
44500011
54500007
6801012
6400033068
6801802
7000043
8400032065
88011056
9400031060
00868
00837
0000851
0000649
4540003506
fffce
ffdfb
8090000
06118
06917
0300008011
45000045000028
450000363
83393
010512
97400040063
97314
97422
cecae
cdeacd
cdeaa
cdfac
05400040064
34315
20980
dedea
698010007
50400040060
42000000
45000421
45000331
45000555
32400040067
32316
32607
15801000
87450001
87963
aaeacd
168010011
82652
9640003206
40004006450
40004006960
40004006653
40004006008
363333
85502
47345
4740003506
4740003206
47400040062
adfed
cfdea
6590000
3090000
30400040060
77870
779691
46801003
46400040061
abdec
abcdf
fefcf
aeaed
fddcd
9240003406
9500005
959691
951450005
7040003406
62038
afcfd
afcdf
812075
dbdcb
dbdcc
dbcbd
45000034011
45000034877
45000034969
45000034356
45000034259
eeece
eeafe
eecde
5500001
55400040065
55642
bccde
9940003406
030397
030357
030368
03035571
679691
671691
ddcaf
88400040062
91420
fbafe
2600008011
2590000
25345
9400004
9400001
94400040066
94995
94152
ebaab
0050951
dabea
dacab
eaffb
76840004006
edfeb
578010017
6140003406
613450005
bdbbe
bdabc
64400040065
64155
64102
746563504
affffcef
028010003
00169
38124
38008
52903
17030317
63400040066
6300506
4500008474
73160
538010007
19017
bbedef
4000330649
90750
801006377
81769
ccccd
8000091
55980
80180036
00005061
00340004006
003504
980260
30628
80100300
30393
7000089
acecdb
40000000
5000045000028000040004006
98308
983875
faddb
65740
40004006580
aaead
aaefc
adbcb
45000298
45000034563
45000034504
905839960
40004006489
40004006082
aeefc
05644
0000745
ccaff
658490
8010002079
dadff
706163
ddbfe
fcdacd
fcddd
62697
84133
cfdfd
06441
81434
3120323031
10240004006
efedf
efebc
4728010007
40004006812
93501000
fafbb
afeacd
4050100
972652
bcbce
06215
00004500002857
33414
dddac
15795
700360
40017
02486226
84000400657
dabcf
dabcb
45000034082
45000034049
acfca
92531
cbbacd
8018055910
8018055950
92740
15182
80240
8010055900
8010055911
fbeac
fbebd
eafcb
8010055991
595691
81945
45000034615
eddacd
887991609850107
12531
72645
12744
92135
302676
17533
765691
943978
87886
64799
170303020000000000000000
4000520692
4000520656
36215
463204
46914
48728
68883
5140303000101160303002800
808801
26520
569450005
1307450005
0000340621
23761
661450005
391691
076450005
68146
241452
02132
0238010011
072450005
4500009265
29869
4500008415
0100000100000000000002776
000100000000000005617
45000028955
374687
4500009022
80110082
0001000300000000046564676505736
580100122
17030300210000000000000005
45000068000040003311
40118
010000010000000000000270360571686
01000001000000000000027039057168696
010000010000000000000270330571686
85010077
600500300
6966656
466790
6567616
666211
937049
453307
421512109
17030300280000000000000002
00001703034018000000000000002
00010006000000000270360571686
00010006000000000270330571686
0001000900000000027039057168696
73303406616
4500060021597169305467773743586859
160303006802000064030359
00010007000000000269300773696
8120750
00000000100000000000004777061640000010001
0000900300174104
000000000269620561646
97061690473696
2400031062
380100082
3400080119
4400031060
50002
5801014
84500011
880100078
98012390
eadad
003414
018010015
01924
0000628
0000861
0000876
00040004006
45345
45400040062
ffafc
ffcfa
80932
06202
06932
06850
06325
06709
03345
450000858
cadee
cebeb
cddbf
befec
055010001
decfb
00626
1750000
1080000
69400040063
50717
42500
42002000080001
cafae
90400040064
33924
33396
33454868
329450005
32385
1500004
15905
15400040060
15851
8700003
87812
8750100400
aadea
aaced
16000
16632
16400040067
16400040061
0097976501
96333
968201
40004006362
40004006555
3630000
3650000
36604
360000400035118
85800
3500003
3510000
35595
1200008011
86357
771691
77263
46376
abfba
aecba
fddee
fdcde
11410
cccea
9220000
9540003406
70400040064
37801000
3730000
37347
6200006
625691
afcec
84450001
00000945
81400040060
45000034840
45000034887
45000034393
eecbcd
eecff
eeaad
eeabc
99865
eccac
030350
030399
030348
278010007
275691
27811
ddafc
ddcef
41400040067
88400040064
91400040066
fbffd
fbdab
249691
9440003206
94317
fafff
7540003406
7570000
750100610
ebaea
8011018
daffe
efcee
eaffc
94278
93400040061
029450005
14450001
50140000
98002
9840003406
00139
51969
5640003506
719691
09648155
43928
6300004
4500008976
5300008011
53113
00585
1800008011
584686
8707292
8018025
4500003052
2040311
450001468
4000330606
80100695
80000450000281
4000340675
7906983
90280
4000320688
92494
adadaf
101450005
4000360687
4000360611
50100061
3000053
acebb
4000034
daaed
4500009001
31714
6900501
cceaf
fadbf
fcfacd
69068
aaeff
aaebe
12440004006
adbde
280299
45000246
cffdb
45000034539
40004006637
40004006076
85431
ababb
ccdef
afbdf
73676
deefb
20679
82043
dadac
47535
fcddb
cfccbdc
abeae
abefc
addaf
06640
06110
06192
825010
89286
aaccf
47790
82940
46040
39540004006
32540004006
06882
84581
40484
45000034028
dbeaf
ddefa
acfacd
fefde
73308
94000400657
82350
adebb
cbfdc
156801003
fbbbb
25587
8010055966
bdbcc
05040004006
45000034611
eddaa
fbccb
88576
fabae
72700
17569
635691
48022
135691
1350100
260450005
26089
32603
36182
50305
531983
987887
612450005
227207
715691
60361
39799
39778
72499
95292
412450005
364696
212450005
145450005
145691
522450005
76130
bbceba
bbaaeaca
bbaebbb
ffffebcf
4000370685
596450005
285450005
0000340602
574879
004847
644450005
537450005
9080383
41180
4500008433
8501806
250187
0000555331173015060355040
0000170303059008
ffffcecf
4500056466
2801036
6901096
400029065
8010002003
501806107
000100010000000003617069066272616
010000010000000000000264330473696
000016030300461000004241042
8567659
0001000200000000017402636
00010002000000000169057974696
676574636
966300509591
6431696
bbaaabbec
00010002000400040
00010007000000000264330473696
00010005000000000270350571686
01000001000000000000037777770773696
0001000200000000047961647301630479696
01000001000000000000047961647301630479696
0000010000000000000768616
01010105000382010
0001000600000000037777770773696
0097976501868
0400035069
11603
54500011
6400033062
7400033062
88012390
8400031060
980100696
00820
00915
00818
00152
00828
45157
ffcdc
8040003406
809691
06903
06111
06467
40006206
cecda
0540003406
059691
34002000080001
20896
00640
00641
1790000
109480
42010
42600
cafee
9090000
33057
33400040064
3200003
87361
aacce
aaaae
aacba
aafed
9620000
966501
40004006704
40004006607
40004006173
3680000
85259
4750100400
47549
358010006
adfbd
cface
12400040060
12807
128188
86400040064
77345
77203
abcbcd
abcbd
8950100
891906
fedcf
fdbec
1110000
11351
9240003206
92746
92816
70234
801008883
acddc
acdbf
3740003206
37170
dbaca
45000034005
45000034866
45000034855
45000034024
45000034367
45000034409
45000034956
45000034359
609691
55011007
accba
9990000
030332
030316
030336
030388
67206
27440004006
27987
278010009
ddaaf
41400040064
41400040061
91400040061
919101
2400008011
750107
75396
ebddd
0050913
80110021
efcec
eadcf
eabeb
eacacd
76696
05716
eddcf
39305
5740000
57819
babbb
bdafb
bddec
64340004006
7440003406
74150100042
2300008011
9300000000000000
93400040064
93888
02007
6640003406
66356
5400000000000000
518006
68000
72936
72551
71400040065
71388
4500008974
4500008835
09051
06569
2900004
04801005
00584
00438
ffffefda
bbcbef
40004011401
40004011483
40004011485
03620
80040
8009005073
450001467
450001169
aacddd
8010183
401466
9000070
9000071
cdbab
790674
82110
80180092
442703
003035
501000836
30330603551
7000082
7000085
7000062
70000450000281
daafa
4500009058
4500009033
31703
31790
45288
fcefb
6510050
1000062
903660
88040004006
783450005
65799
40004006533
40004006516
65000483
40004006744
deaca
46620
73757
45000293
45000034520
30594
74706
74776
40004006680
40004006669
40004006186
40004006195
ccdff
0000791
89565
fcacf
706450005
deddc
47536
bcdae
06434
0648010007
eaaba
bcaab
40004006847
40004006889
40004006384
97790
cbdab
45790
1703030275
bcbcf
06297
06210
71798
87103
871301
cadbb
eaeae
81890
eeeff
11531
45000034097
ddedc
acfcd
bdeea
cdfacd
daefcf
eebdf
8018055940
adece
afdaf
cbfacd
92734
8010055920
fbbdc
ddcbb
eabaca
34000400694
effce
8010055924
8010055970
8010055963
8010055951
bfffb
8850100
bdabb
45000034394
edfcb
05540004006
94392
34782
46250
42221
94439
48628
503450005
431691
2380050
707007
487450005
911430
04725
607801003
808830
55147
0800065
597450005
439691
19253
004815
bbbfca
23937001
5668010007
5580050
4500008416
4500008439
4500008938
80180026
657400
14030300010116030300284
00004500037
000045000306
bbffdb
00000000000000017
450001080
4500151
dffffcd
17030340181
ccafc
450686
6164348
61643498
966500508
3826301
041778
6164355
62616966656
000100000000000003746
000100000000000006696
0000017302676
1437117
180605
7302676
00010005000000000270320571686
0097342857
450800280000400040068
000100030000000003777777046
7365617263680473696
774616773036
44795141
00001703030023000000000000
510548801000
11189964
5010754025
00010007000000000768616
73056774616773036
15828801
0000014030300010116030300280000000000000000
000100080000000003617070046
02486226874
10035
2400033068
4801101
4400035068
48011007
54500006
5400033068
5400034065
600502
600000000000000450000
60029
78011015
8801014
8400031062
945000028
98011007
01379
0000954
00099
45895
80676
80280
80607
063450005
0340000
450000774
835450005
beadb
3440003506
debbe
deeeb
00653
17200
45000378
33055
32616
32600
328756
15902
aaceb
16435
16302
96400040063
40004006426
40004006999
40004006463
000181
361691
36272
8540003506
475010001
adfef
6550100
1240003406
86368
46336
468225
abadb
abcacd
89010
89002
898010003
89400040064
89456005
8950100042
cbabd
cbfed
feaacd
fedfc
feebf
aecbcd
aebce
fdafa
cccfe
9530000
70487
acdfc
3700003
37400040064
621450005
625450005
8440003206
000004500005
8140000
45000034462
60400040066
31002000080001
eefad
99124
030365
67556
278450005
27840004006
27940004006
dddfb
ddddd
888401
fbfde
26124
24995
25400040065
25200
94400040062
949968
fabba
75006
754555
0050850
0050945
dadcf
44315
21312
76640004006
39400040064
5700001
579450005
579691
618450005
61480
bddfc
64652
93801000
939999
0240003506
14827
00004338
0013930
5100008011
56657
7240003406
72061
729691
43400040064
170303073
6300008011
63400040065
4500008461
4500008908
4500008463
79355
00582
580039
87076
20430
000000000000004
05440004006
8010124
45984
80100638
69680
ffeacd
00970050808
9000074
9000066
9000059
8000087
8000085
4508241
dcfacd
50440
306263
11880
11810
656475636
10627
10675
10664
38303
026450005
3000089
3000058
7000020
700001703030
357067
37617
317991609850107
40620
1000010
fadce
88047
fcfbf
63020
45000034580
4850100400
30501001
40004006600
40004006631
acbab
000000000000000000
aeecd
adadec
40004006112
ccabf
deecc
8010002074
abbeafd
9000100542112
fcacc
fddab
bcdfe
fcdae
84180
06496
06446
66735
abeaf
97100
490674
06105
06730
fdfbc
afeda
97503
fdbcf
47711
45765
10740004006
35140004006
ccbcc
3120323030450004
84628
91736
bfbdf
40015
06369
06399
dbbda
45000034724
bdecc
27600500
dfffe
afddb
627991609850107
01530
fbece
2550100
8018055902
725691
edefb
49270
49279
889301
8894401
89987
44000400646
2350100
34684
027115
fdcce
480450005
42240004006
3829901
89080100047
34441
34494
000040003311892
52736
61288
22759
0097173333
9528010003
133450005
145010001
642450005
07583
000100000000000009676977697
bbaaea
265010001
811801
226814
0800067
530450005
3999701
53444
791691
17030300194
044450005
090450005
499450005
54266
13183
5010215
739450005
07283
4500009212
09487
193450005
07483
4500008400
4500008403
0050080
00010002000000000270340373736
000100020000000009676977697
4501806
00005088
48010082
38010090
397651586
90783890901
0000566572695369676
850100042
234961910
53012
000100050000000009696
010000010000000000000270380571686
030206082
3883901
6483551
00010001000000000462616
513033350
000016030300461000004241044
edbfaea
4146655
0008000000
3846101
170303003300000000000000
65788010008
0537694
416782
00010006000000000270380571686
3681766
000100020000000006626561636
40121059704
963951501
505219897
963924101
821725408010015
04000119000189
009717333314
0400033068
0400033060
28012390
2400080119
3000083
417030306
58010009
6400080119
71686
7400034065
98010020
00903
00838
0000800
0000860
45400040061
06855
069691
0340003406
03400040064
450000556
cacbf
01027
9740003606
976838
000001603010200010001
cefee
20921
202990
decab
defeb
defba
17746
10973
69002000080001
90450001
3240003506
32935
158010003
15400040062
151450005
aaaac
16400040062
82057
8240003206
82630
00211
002238
40004006427
3620000
85801003
8550100
85936
85170303058500000000000000450005
853401
85011007
addcf
65303
30940
77801000
77170303058500000000000000450005
77140004006
abdcb
89000045000028
cbfac
fefca
fecea
aedcb
fdcea
cccba
92500
9540003206
95881
709691
8010091
80100775
62801000
621810
afdcb
81364
dbcca
45000034864
45000034914
45000034307
555450005
dfbeb
dfafc
dfaec
dfcee
dfcac
9900001
030317
030385
030363
67400040064
27514
ddaca
ddbeda
41450001
41315
88000045000028
301106
91443
24980
24400040065
2520000
251691
faffd
75653
801115
dacaf
dabbf
44170303058500000000000000450005
44944
440000000050040000
eacbcd
80100063
eddbc
39000
614020
bfabc
64002
7480000
9380000
9340003506
1400008011
14901
1440003406
66400040064
98000022
51395
6800005
7180000
71376
71810
52696
4500008972
4500008409
09450001
04000000
1340003406
0050050
00576
5840003506
450000395
4500003056
4500003707
40004011842
4000330664
4000330672
4000310691
80100601
81766
2028010007
80180174
80180032
442627
442645
0034500004
0000034062
701450005
34080
65688
3837701
30380201
7000095
40000450000288
60000450000288
45290
bcefb
bcefc
bceef
46182
80640004006
336874
40004006583
40004006511
40004006539
902660
aaeaa
40004006700
40004006734
40004006721
73733105626169647503636
aabdb
45000034582
eceeb
abfaa
74605
74680473696
905010007
05699885
feeab
abacf
ccdcd
4000300605
0000703
ffccf
89564
20677
15536
bcdef
06480
dfbae
9350100400
06198
82536
06703
06767
69515
cebcf
cebae
dbddf
45750
87792
8574538
4258117
82687
ccbdc
ccbad
dddfd
ddddf
16730
40740004006
ceaff
82745
89628
205450005
45000034081
84890
202020
daecc
cbbbb
8018055900
16620
39638
3960701
fbbbc
670450005
16446
bddce
8018055960
8018055967
ccfca
80391
edeff
12392
885201
cbeae
cbeacd
65564
963895301
92140004006
44000400667
45000034392
677869616
bdcfb
edacb
83686
33040004006
91320
94489
50797
99394
94790
517450005
51741
1703030203
71587
098450005
36236
009717357067
98672
11074
3870201
580450005
018057
386450005
88600033
bbceda
64500
482450005
547450005
13494
58283
399691
085450005
086450005
158668
29190
381691
59918
51183
290450005
092618
524946
801008005
09495
488450005
071450005
07401
4500008420
4500008419
00050202
4707941
65018003
4500009072
ffffdcce
90263977
690160701
58010082
48010085
980100183
38010085
00004500032
00004500047
2801000776
4500003024
373657
0001000400000000017302676
65010074
801007787
000045000028000040004006971
ffddadd
038515
05746879
976246
3865101
0397100001703030021
010000010000000000000361646
646946
0001000000000000016206636
36758010003
9000136075014800002
42948010007
01004005
840411
000100000001000003
1455000007
00010002000000000377777702766
50558010006
494844520000006
28904718010003
61042078010008
009700508009462
70700767656
0400032065
2400032065
34500011
44500021
4400033068
4400080119
4400031061
5400032065
60007
84500007
8801106
9400033062
bdfbb
0145000562
0000621
0000160303003902000035
45495
806401
8034985
0690000
06026
06060
06667
06107
450000407
8300008011
8340003406
9750100
97841
cebacd
ceafa
cecbf
cddef
beffb
05000045000028
05702
05257
34400040064
344624
2040003406
2040003506
decaf
decbcd
debec
006314
69395
42400040066
324450005
32558
1540003406
15402
87400040063
167906
82628
009780
40004006991
40004006331
40004006238
3640003206
85780
478010007
352450005
30400040064
40450001
4040003506
40406
12400040064
12400040061
12780870
775450005
4600003
abcad
8990000
fefed
aefcf
fdbacd
11340
92400040060
92877
92315
9560000
702323
378450005
37163
62450001
afceb
00000283
dbfcf
dbaea
dbabd
dbabe
45000034946
45000034372
31996
551691
555691
030325
030394
ddcae
41466495
880001
8840003506
88467
fbcad
26002
24320
250102
94651
94314
fadcb
758450005
ebcbcd
ebfad
ebcdd
eabbd
eaceb
21449
80100025
76340004006
76775
edfed
3930000
3917030301
39456005
57000
bacacd
bdfffffe
23450001
93400040062
02319
66881
00003875
98400040064
54695
38400040064
484550
72056
71811
43400040065
63000
6340003406
0740003506
7340003406
5300004
53991
7800008011
87070
40004011992
80096
20480
30050939
6164762
05499
8010150
8010176
4000310628
cccffd
800001703030
202276
debff
44223
83025
50400
42116
34040004006
65630
106616
38314
aceacd
daafe
4500009004
5000057
90335
80600
65725
aafdc
90263903
40004006267
4500004210
aabfd
36570
40004006612
40004006670
40004006684
86239
acbca
40004006020
40004006092
81580
acaced
40004006105
40004006187
ccdcf
40004006941
4000300656
86040
deead
abbaf
17445
47514
bfeff
66706
47350
efefb
03267
47265
40004006816
40004006886
82537
cebcc
87688
43530
fdbfc
5010797025
47700
dbdff
45740
86760
31571
85986
06245
11436
cedacd
91741
45000034142
45000034193
1466921
06311
06394
eedac
11581
89600
40440
dbbbe
45000034723
dbebf
12224
cbbbe
8010007616
8010007682
15639
baaca
bdbad
edead
bafce
96386
30267
67767
1950000
640450005
37540004006
46293
26296
53570
15990
84777
804001
5170050
170303021500000000000000
40990
987991609850107
527184
45000441
61265
44583
385450005
916858
105691
88100
501806103
705691
185691
48739
938801
61536
242450005
716450005
3908010015
74417
13483
63200702
0000340643
18993
384450005
333107
78498
144450005
50110587
788450005
54183
4500008469
4500008448
088450005
4500008901
4500008935
523450005
75000337
75000334
4508003473
0001000000000000066576656
4500009028
580100165
000100020000000005796
50050994
800064686
00004500034
42023379
2801000772
000020454
0000400033118402
000210860000321
000210860000328
90803899001
010105000382010
010000010000000000000173016
efffffff
06811677924
0000000000000000045000028
00000000000000000450000283
3030303131
801007788
902734
4250752
7020230350
993720
278028
20100020100301
4500003400004000330647
78958010007
6901106
5685814450
943836601
45000034845700003106
0001000400000000016902676
8884345000072
170303008800000000000000450000
634678010006
87971466
492588010006
64656661756
328756453
90263903001
3030303131355
0400031061
10007
380100696
48018006
54554
5801015
600000000000000450005
7400033068
84545
9400031061
eadbe
00880
0140003506
0100005
0000863
45002000080001
ffcab
80921
bbcece
06815
801900
03315010007
caadd
000001112
ceccc
ceccd
ceded
cecba
cdfed
dccacd
3400008011
00698
172182400
69000045000028
4240003506
42400040061
42896
45000338
90473696
33400040060
33836
15400040064
aabacd
aaeba
1650000
9640003406
96400040060
96979
96513
40004006278
0001136
36400040064
85337
85880
85928
35312
adbbf
adcda
cfbee
308183
40400040069
1240003506
8640003506
778775
46007
462016
abaed
cbdee
aefcb
fdcae
92400040066
9500003
7040003506
80100578
37000
37377
37039
62400040065
62415
afbef
afafc
84442
84937
00000400035
81035
81175
dbcaf
45000034985
45000034261
45000034249
3190000
3140003506
31000045000028
eeecd
eefba
5500003
55303
accae
acffd
030390
030370
030321
030328
030366
6700001
27905
27340004006
ddafa
ddcda
4140003506
41400040060
8840003606
91159
919401
24161
25116
25121
25214
75310
ebaba
fcbed
fccec
0050986
2140003506
21964
80100036
801000875
8010002001
76440004006
39925
61450001
bfaacd
22801003
bdbed
64940004006
741501000
149450005
149691
00004854
5011111
9800508
54155
549450005
4840003506
7290000
52037
4500008459
4500008876
4500008479
09111
5300001
7900008011
0800003
004834
ffffedbc
450001461
61676
6162705
8010128
4000310602
6966792
6965047
9000028
9000061
283450005
55997
4508054
003039
4000360680
701010054
11840
45636
10669
10646
7000097
700003506
36840004006
6000075
6000054
6000017030340180000000000000
5000053
ccedd
6518641
cfedc
1000030
117991609850107
33630
40004006515
aaefd
47043
40004006203
40004006282
adbad
46639
aabae
45000034506
45000034585
45000034546
45000034556
74626
90544
40004006638
0000812
ccdfe
4000300613
0000781
afbdb
deecd
8010002088
16092
96270
dedbb
15544
47581
bcdaa
86110
06492
81441
bfebc
efeec
47220
40004006882
40004006846
06727
87299
fafacd
fafbc
cbddc
87664
fdbfa
ecdea
47750
45795
45744
cfbda
65291
ceede
bcbdd
112669
40237
18099
00004500002813
06840
91736801000
45000034197
7004736
eaeac
84370
1150100
45000034496
0000003206
84000400627
31440004006
45000034711
ebade
81389
fbbed
34000400646
fbeacd
eafacd
eafaf
8010055965
bddab
8018055927
0000982
84020
77598
73514
97985
bacce
fffffecb
91350
38266
262450005
535450005
14000400667
01440
041450005
64677
57515
80100730
76682
91920
21532
515450005
41604
53300
0750100
bbcebd
150450005
24748
18983
004811
08611
0000801109
90803820
042450005
591450005
26438
09252
ffffefbc
4500008442
4500008413
4500008418
0050070
0501806
6901406
58010090
004514
146642
14667705
00000100000000000002696
90783819
3120333031450005
00000100000000000005796
40113
4508057
6265656475636
4500003679
00973436
00000100000000000001690
140303000101160303002800450002
fefefefff
000016030300461000004241041
3519964
9000136075014800004
91919191
0001000400000000046175746803676678026
3881301
7685814450
45018111
041604145168
49778010003
00010006000000000270390571686
69646504746563680473696
000100010000000001620333363002636
00010002000000000270320373736
0001000200000000047961647305796
800000000000
8120760
000406000406
6578706972652
30050984849
461746106666
0001000000000000047961647305796
69650474616
04500011
1000083
1801106
100000000001030306
340005606
3400033068
3400035065
41703031
545000032
64500006
680100696
60027
7400080119
9400080119
0090000
0040003406
009691
01801005
45306
80400040064
0640003406
06345
06400040061
06969
06356
0320000
03009
450000449
cacaf
caaaa
cadad
cecacd
cddcb
cddfe
defca
00646
00699
1730000
6940000
6917030301
42151
42419
45000327
9040003206
90400040066
3300008011
450005767
15940
8740003606
87000045000028
aaaef
aafeb
16801800
1640003206
16495
ffffaae
ffffabe
9640003506
96162
00226
40004006031
0001000001
85870
8500001
8590000
85679
47019
adaacd
adfcf
30889700504
40820
8640003206
86654
77400040064
77752
4660000
89155
cbaaf
fecba
fefeb
aeafb
fdabc
fdbca
1169869
9200001
92317
92318
95000
7090000
80100993
624450005
afcacd
84000045000028
dbcae
dbdfa
45000034873
45000034009
45000034309
45000034759
45000034263
45000034729
eeaca
eeaef
eeeea
eecacd
550000000050040000
bccbcd
accfd
9940003506
99400040063
030396
030340
67450001
67690
679450005
27240004006
dddca
dddcf
ddffc
41842
9100000000000000
91935
24000045000028
24916
fabea
75600
ebdbf
ebdaf
0050953
daced
4417030301
44400040064
21807
21313
21858
7660000
76975
7600508
28400040065
57010
5780000
57435
57659
61170303058500000000000000450005
bddcf
64400040066
6400003106
94262
93400040066
14472
66452
549691
5100001
519691
3840003206
38400040067
68170303058500000000000000450005
48400040066
72674
7140003506
718017
529450005
1703030097
4500008801
4500008831
5900001
09000
adcce
adcbc
00586
18801005
78453
40004011497
6164366
8010149
4000330621
4000310651
90760
9000069
9000082
8000099
80180157
82105
80180084
60123908
50417
42110
65640004006
10649
8830050
7000065
70000243
400003711
daaaf
daabd
35717
37687
5000062
983596
ccedb
1000028
46100
fadfb
63653
90263880
90263833
06084
40004006200
aabfe
aabdd
aabfa
abfacd
0569999
86296
40004006090
aeeff
aeeab
aeefb
05697
05640004006
abdacd
4000300616
0000720
aadae
aaddb
dadacd
aebaa
15541
ddbfdd
fcdeb
06499
81403030001011603030020
defbb
adfae
97097
bcaaf
06633
dfbcc
dfbaf
45522
06141
82565
82570
82525
47480
34236
afecc
ecdce
ceead
dbacc
85505
8938010003
84676
89116
03920
45000034186
85187
81810
53686
024490
84000400655
dabacd
31417
45000034721
45000034250
daeed
eebcf
dafaf
adeaf
8010007635
8010055990
fbbce
10011
fdeacd
8010055960
8018055925
8018055943
bffca
bffcc
471005088
9450100
40365
12584
726364696
eccff
ecccc
eacca
bdfacd
fabad
dacdd
17530
0950100
69890
94499
535691
4000380631
36100001
92881
225691
9314592
ffffedbb
52783
525450005
88285
66943
545010001
501806101
00010000000000000766696
000100000000000009717572696
610450005
785691
080006246
36901
6320087
08501000
981450005
491450005
028450005
019001
311691
644801003
590450005
131691
264340
689054
45000028743
664801003
566450005
ffffefac
400056068
8011090
4500008436
4500008444
4500008925
000040066
00010002000000000770636
000100020000000009717572696
4500009020
4500009025
90263973
98010090
2801000771
000001703030021
17030310185
00000000000000014
00000000000000018
2005080
780100047
adbcee
abbede
45200576
69660000
800350027
000016030300461000004241048
00010002000000000370726
6164357
000100070000000004696
8262872
61643550
450840646
000100000000000003353936013002343601370532303730330472737
9000136075014800005
766547
372194
831384
00010006000000000270300571686
00000100000000000006696
1403030001011603030040
6469676963
00010001000000000361646
447951801003
000100040000000003746
180102001
10023
1400033068
18011007
280102017
30006
3400032065
44500007
480100696
517030306
645000067
7801106
9801106
98011015
91703031
00400040061
00875
01037
0000961
0000958
0000779
0004000
45030
45485
45746
454846
ffbbc
ffcda
8080000
06317
06377
06035
03123
450000573
450000771
8380000
834450005
01023
ceeea
cdcaf
beeacd
00678
17478
69400040061
69934
4250000
42060
42970
42400040063
45000340
9080100170
33861
33000045000028
32447
1550000
15011007
87801800
8740003506
87400040060
aaaeb
aaeee
16466
82400040060
9640000
9660000
96170303058500000000000000450005
96694
9680100076
00215
40004006899
40004006948
40004006928
40004006578
0001180
3640003506
8540003206
358010007
35317
65912
1240003206
86450001
86160
46627
ababa
abaeb
cbaae
cbaac
fefcd
aedec
aeadd
118010003
11400040064
cccbd
9200503
80100922
acdffffe
37573
37910
afbacd
84690
84170303058500000000000000450005
840052
81204
8100005
81695
45000034331
60400040065
eedfa
dfcda
030372
030379
2790000
dddfa
ddceb
ddfec
fbdce
fbdcf
fbcfd
751691
ebdeb
44400040066
efcfe
80100096
801000470
398010056
571691
61801003
619691
bacbcd
23000
cecea
14828
66400040066
9840003506
98400040066
548450005
519450005
3840003506
688010017
488240
72102
72170303058500000000000000450005
52924
43400040067
434550
4940003506
0700008011
59000
0900004
73805
06542
06540004006
06535
06567
06526
0440003406
04000045000028
1340003206
18400040065
58400040066
78450001
87097
80180717
bbdacd
80017
450001466
450001463
00000018
05465
003500303
8000088
20242
7906980
345080
442477
45085
900922
23020
4000360644
483168010015
40621
fadff
aafab
65000480
40004006712
3050100400
40004006046
40004006023
40004006098
81503
81540004006
0000890
0000750
deeca
deecb
ddbaf
47520
47530
47576
aedacd
bfeacd
bfedb
abece
45142
addacd
dbfae
06637
45570
40004006396
1703030056
1703030059
450000722
cbdbb
45712
cfbab
93617
06242
06246
31203230304500028
45000034190
45000034181
cabcc
37340004006
70075
99593
eaebd
faebc
45000034498
90403
dabca
ecbff
42724
45000034788
45000034744
45800562000040003
45000034282
15294
81382
cbbce
dffbc
92742
8010007615
fbbaa
effca
faafa
fdedb
eafdc
8010055972
ccfce
0000985
45000034612
bffcb
edddf
23255
ecfeb
727906676
46294
fffffedd
12110
96499
025996
262237
4000380610
993801003
95540004006
53194
531691
631450005
631691
44488
3977501
57716
95499
21390
48701
ffffffed
245010001
000100000000000009676
000100000000000009757365726
56530
265691
78636
22636
4000370692
781450005
285691
744450005
07088
08256
04532
000037115
516450005
689991
28410000
000017030307
181691
023450005
801008007
501800835
33454283
139691
14183
141450005
721691
880000508
094450005
dffffefe
79881
4500008431
9036399
004915
4500008954
05010118
4500009074
690161701
4005042
4005077
14030300010116030300285
78010085
170303002100000000000000450001
000210880000326
000210860000320
00000000000000016
108353
000100030000000005706978656
464646414
624098
0345459
8010002039
17030340180
90323863201
801007785
97959795
17365617263680
bcafb
381571
963911
1703030033000000000000000
7374656
58494091
86111798010016
4643454
bbcaeab
00010006000000000270370571686
676574657874
00010002000000000270310571686
80102210
000100090000000009757365726
0687988
0050915975
00001503030030
000100040000000006696
051562948010015
45000034000040003206661268
46822578026
4845504643454
264340473696
454846434550
46464641434143414
173656172636806616
67657465787469
45484643455046464641434143414
0801012
0400080119
1400032065
1801015
20006
20027
217030306
43106
48011056
5400031061
6400031060
badbe
00902
00834
0000698
0000675
45846
ffdce
8040003506
806101
06010
8010000010000000000000
831450005
caada
97461
97400040061
97233
978010011
97643
0000011155
ceaca
ceffd
cebca
2040003206
20737
1040003206
69170303058500000000000000450005
5040003206
42393
32400040066
1540003506
15000045000028
15946
87900
87104
16450001
82400040061
82400
96801003
9650000
96280
00229
40004006007
40004006158
40004006864
40004006966
40004006968
40004006374
40004006261
36656
36002000080001
4710000
47425
358010011
addca
adfdd
adfeb
6540003506
65992
12306
8600003
8640008006000083
7780000
46345
46617
abcfa
895010111
fefcb
aefdd
aeffd
aecdf
fdfdf
11172
ccffa
9540003506
9550000
80100811
62303
621691
8440008006000083
00000406
00000969
81335
dbdbf
dbdbc
dbfed
dbfbf
45000034200
45000034427
45000034889
45000034008
45000034398
60887
60254
eedeb
eebeb
eedfc
eeeee
55817
55379
bcffe
99377
ecbbd
ecbba
030367
030341
030376
030398
030356
030349
27980
27000045000028
27496
ddffd
41425
91400040064
fbfcf
fbfed
2640003506
26000045000028
25450001
2580000
dacea
00000000450005
44030
801000472
76435
2840003406
28400040067
edbeb
edaae
3900006
61002
6130000
61400040066
61812
bfded
bdadd
64801000
6400003
64450001
74325
1490000
1440003206
51933
56450001
38400040066
68400040064
7200000000000000
1703030065
0740003406
4500008453
0940003406
73400040065
73450802
80100157
53774
04061
79326
0800008011
7800050
801000726
bbbaabd
80047
450001364
30050875
8010136
4500056247
21767
4000310654
907849
03042
9000089
4000340649
20205
442354
90070
4000360695
4560050
38396
38357
3000017030340180000000000000
7000099
7000074
7000063
4000052
4500009157
6000057
60000450000286
41040004006
49540004006
fadaf
88059
40004006517
40004006523
6368612
61746
6170706
aaeac
40004006720
deabe
45000245
45000034514
45000034509
80180515
40004006488
adaca
ccdfc
40004006996
86020
ccaaf
afbad
ffbcb
fcadd
bcdbe
bcdcb
86180
06432
efbff
96022155
adfbc
97023
10245
490677
dfeacd
40004006389
067109
695010
89281
47400
97791
cbdbeb
afeef
dbdfd
dbdac
45724
86798
82210
93654
31503030012
85525
40205
00004500002871
ebefc
45000034144
87370
70082
eaebf
85193
eedaf
8450100
baeab
ebbce
faebe
faead
cecbb
45000034769
45000034726
dbefa
ddeaa
affed
eebda
417991609850107
417231
9088010006
adeac
92791
15186
01550
80270
8010055950
16480
effac
fbead
8078010006
8010055952
8018055951
ccfec
84091
bdbfd
45000034638
86392
efdce
96635
12740004006
baccd
98553
30220
fdccb
09983
37560
42236
26293
03740004006
96740004006
374005083
14000400627
14000400657
24000400692
4000380606
34386
64636
64000400657
39886
575691
897991609850107
91678
545450005
21552
36482
565691
634450005
740450005
bbaeec
226450005
3926201
59732
490450005
23740
98120
491691
199691
2430000043
499691
23132
581450005
09447
228450005
4500008447
801001224
9036381
000040068
75000335
000100020000000009676
45000028000040004006971
4500009027
450002230
4500022302
000040003106702
625537
270698
99838010006
650100044
170303401800000000000000450005
000100010000000002667702717103636
4500009019
8010002012
8010002050
00006769636572742
17030340185
7000501
0038157
3005032
0635010002
ecafd
00010005000000000268350773696
6765744
01004003
5442317
30050154
616030300500200004
3345565
000100030000000006696
0001000300000000017305796
0001000000000000026462016
0001000600000000037031350571686
66706173736963
202276657273696
08012390
2400034065
28011056
2400031064
5000049
63106
60003
64500025
94500006
fbede
00933
00827
00856
019450005
019005
0000821
0000548
4550000
45880
ffbacd
fffee
80485
06632
0620000
06636
06400040067
06479
06953
400065
400062
03261
450000773
caeea
01022
9730000
cdcad
beffe
3430000
34400040069
34995
20747
208010060
deabd
decfd
171533
1040003506
10430
69345
69207
50400040064
50899
45000268
32750
aadcc
1640003506
16400040064
8230000
ffffacd
9600003
96202
96400040066
96762
00217
40004006330
40004006614
40004006423
40004006304
85395
4750000
47617
478010011
470006001932616365333032333
474262
35342
35631
adfbf
cfdfb
65996
40400040061
8660000
77400040065
77460
77762
89450001
cbcaa
feffe
aedcc
aebacd
aedea
aeeea
aeeeb
95400040061
37400040060
62400040060
62163
afacb
84461
81818
dbdfe
dbcea
45000034056
45000034804
45000034268
45000034364
45000034244
eebbc
eeabb
eecfd
5550000
dfcec
bccdd
99303
99406
99400040062
99055
ecbee
ecffd
67325
67185
676370
27822
dddaa
ddcad
ddfed
4140003206
9140003206
fbdcd
fbffc
2610000
243450005
25801805
25738
256275
94060
75345
75796
ebcfa
0050420
dabbd
dafdf
44002000080001
efbea
efaef
eafee
76167
edbbb
edbef
eddea
edaee
39051
bfaab
2200008011
2240003506
bdafa
bdcde
94288
23870
93889
1440003506
50142
00132
68006
72174
71000045000028
529691
4340003506
49400040067
63450004
079450005
4500008875
4500008825
4500008856
0900001
06550
53875
580000000050040000
78421
78975
78848
004828
87090
8018048
4500003051
40004011486
03637
30050871
3005080053
683450005
4000800611
00000204054601
4000310645
45990
45912
81740004006
9000086
4000340692
20212
82117
80180090
34557
debcb
debcc
90011
adadf
90946
42194
4000360675
4000360604
11850
10616
30359
4000080
daacf
4500009000
31710
31704
6000090
6000089
600001703030
49532
40685
406750
90327
fcfbe
80620
80635
65746
69060
18320
40004006715
466005031
caaca
45000282
aabde
45000034587
45000034570
45000034562
7472757
4000380668
4000380609
40004006982
4000300600
4000300675
aadacd
89595
1548010007
16080
fcbacd
fcaaa
dadcd
fffacd
16582
84110
cfddc
aedac
814005079
8650100400
abebf
cbacc
45145
451456
06697
455010
40004006385
06103
1703030030
86688
fdfbb
11103
69293
47420
97593
5018000
290677
85790
ccbff
ccbacd
ccbda
cedae
03939
16790
40790
bfbfa
89400
934976
85139
40020
baeac
faece
45000034494
03560
45000034074
31480
cecbe
dbbacd
45000034762
45000034714
ddedd
acfbe
10440004006
3702323
43403
daedb
41767
dffed
12082
cbfbb
92760
8010055941
dfdcd
06940
eabacd
faace
8018055974
8018055921
8018055944
ccfdb
ccfac
fbfacd
0000320604
97916
35540004006
70341
bcfcc
41557
7950100
34786
46585
635010001
48021
fffffecf
fffffeba
34100507
77712
15911
4000380611
89881
83137
170303024200000000000000
64668
54000400655
38517
105450005
745691
660450005
761005040
741691
245450005
245691
000100000000000009766964656
645450005
710450005
740961707073666
26935
269691
289691
4000370681
789862
781691
236450005
282450005
189691
71143
49183
2861297
481691
02143
689691
28415
664450005
739691
bbbefa
bbebfa
598450005
094119
498450005
541691
801001222
000045000047
073002
010000010000000000000470757569047170696302636
00000000000001450005
000045000528
300509313
800035002
943082037
963076
78010090
314669469
01000001000000000000036361730663726974656
cffffcd
0000170303028
02641850001
00000100000000000001730373736
160303002510000021208
426241
00381535
0001000100000000036361730663726974656
42888010008
fecfeb
01000001000000000000026361057961686
476552
4350473696
0001000400000000046
10868010003
617820536
00010006000000000470757569047170696302636
0001000200000000047368696
00010002000000000366313105626169647503636
020000390303594
01000001000000000000047368696
0001001000000000036
0001000200000000057972746173056274726
9412498
63307462
08204943082037
00010005000000000766617368696
000001000000000000057972746173056274726
13244571756966617820536
0000040300483046022100
568178010008
94229200004
00010005000000000673706
746673636
0400034065
14500007
24500056200004000331180
445000092
4400032065
4400031064
4400033065
50006
5400080119
50007
6400031064
74500007
7000038
84500022
980102001
bdcbcd
00858
0000654
ffaacd
fffbf
808832
06691
0630000
06746
06400040066
06996
06153
06543
06079
03801005
03230
839691
831691
caabd
cebba
cebcd
cdffe
cddcd
deccc
dedcf
deeacd
17386
42170303058500000000000000450005
45000346
cafcd
33972
1500005
15400040061
87006
87905
87663
aabeb
aacacd
16170303058500000000000000450005
16257
8290000
8240008006000083
96614
00248
40004006010
40004006033
36377
47927
478010008
47572
35000045000028
adcdf
cfcaa
3040003506
12400040062
12000045000028
12733
7740003506
abaacd
abcfd
cbcee
aebee
aecbd
fdfad
fdfcf
fdaaf
9290000
92400040064
95400040066
95885
70200
37002000080001
6230000
906784
afcff
afded
afadd
afcad
848010015
84895
84856
844594488010003
00000217
81905
dbcbcd
dbcacd
45000034018
45000034820
45000034400
45000034940
45000034898
45000034173
31400040069
eeada
eeafb
55860
dfdef
030330
030312
0303552
6740003506
27012
ddafe
ddcec
fbdfa
fbade
fbcacd
26415
26666
257450005
25322
94000045000028
facfb
ebdca
ebdcf
ebfcf
fccfa
80110036
dadeb
dafea
dacfc
dacee
dacef
4440003506
44400040061
efaacd
218010017
76007
7600008011
76456005
05749
39400040060
39400040061
bfcaa
64400040067
64400040064
94220
74990
93880
938301
98000045000028
5140003506
68400040066
72017
7140003406
5240003506
52328
43054
43400040066
170303065
079691
4500008428
138010007
0840003406
0840003506
1800005
7840003506
ffffeffd
8018052
bbdffe
bbdcec
69100
06502
40004011403
03640004006
30050983
61688
4000310676
00970050822
00970050871
dceacd
20288
80180039
debda
4000320612
00396
00388
701864
50100031
10661
10609
2000036
2000057
7000070
7000093
7000059
acebe
acedc
4000067
400004500005
daacc
daabc
6000095
60000450000281
5000064
40669
90380
783759
bedacd
40004006537
15889
40004006788
40004006250
40004006211
46634
45000034584
45000034591
45000034575
74737
36596
feecf
87562
4000300664
0000723
abbff
15411
fcaacd
47510
fcdaa
84132
017991609850107
bfead
8650101
97045
390674
bcacf
9350100
91562
84288
82524
170303008900000000000000450000
692031
87680
47705
42596
fdade
82670
3120323030452805
3120323030450003
87144
40711
bfbacd
934701
99535
40087
40016
06397
965010
96596
69417
82730
baefe
ebbbe
85615
febcf
45000034434
45000034440
84000400687
dabdc
03540004006
31465
01647
45000034765
92590
bdeff
45889
12240004006
12240
45000034235
45000034221
affad
daeca
15240004006
81320
adeacd
afdacd
39660
15136
01560
8010007636
baaaf
10075
10056
fbeea
17270
bfdfa
645000564
8010055979
8010055957
8018055970
8018055956
0000997
45000034606
45000034610
edeea
edefee
96186
210450005
bdacc
72733
fdcff
46291
00931
914301
91403030001011603030020
34150
efacb
03760
5350100
84746
24000400627
31665
738458
45000034916
760450005
32250
506356
22596
45000497
2272657
4000520611
36606
525691
95293
215450005
705450005
95490
515691
18579
585691
261322
665691
5140303000101160303002
0001000000000000023030046175746
27138
17311
769691
13651
789691
35440
439450005
791466790
169691
23787
046450005
53746
0050318
489691
599450005
731129
258972301
211691
29447
07183
4500008913
0170303401
000100000000000013696
00010000000000000363646
4500056431
80007
98010085
50187970
00000100000000000002626
bbfeab
020103
4400036065
8000003106
980100048
9400080060
dffffcc
400029068
4500003600004000331185
0056155
0000170303024
903034
8562414
03617069036767740473696
466514
000100010000000003617069036767740473696
657363726970
309579
9000136075014800006
3003507
2648828
694885
5856801
83856201
23987601
000100000000000003617069036767740473696
170303023300000000000000450000
000100050000000003656
8194827600508
365884500
10018457869660000450005
000100100000000003637369076773746174696303636
08011015
10009
245000028
20003
21703031
38018008
42080
400011
78717
8400080119
8400034065
980103
0040003606
0140003406
0000806
0000921
0000952
ffbbe
ffada
ffcfc
bbbbaa
06036
06450
06617
06842
06279
801518
03455
03214
caafc
cadfb
9740008006000083
cddea
05400040063
20400040064
20937
dedbf
deaef
1700005
17400040062
17648
69400040060
42450001
42457
45000380
cafcb
90254
33331
32903
877701
aaddd
1670000
16400040060
16258
96400040061
00259
40004006002
40004006176
40004006768
0001275
3680100020
36412
85400040060
47317
477201
addec
adcacd
cfaca
65995
40927
40921
125018007
46817
46400040069
89400040061
8940008006000083
fecce
fefbd
fddea
92450001
9500007
95233
80100859
80100898
80100920
62666
afcee
81400040061
dbaae
45000034676
45000034849
45000034161
45000034921
45000034899
45000034989
45000034463
45000034757
45000034251
60717
607991609850107
3140008011
eeaaf
eefae
eeebd
eecafc
55800
5530000
accdf
99912
99000045000028
030342
030347
030377
030360
030391
030361
030371
030329
030313
67962
27672
dddcd
41317
88400040061
91107
fbcba
fbfcc
26172
2570000
25400040067
25712
75011007
fcbea
0050435
0050965
005082511
daffb
dacec
44800
21801000
21938
76801006
edaba
39409
390000000050040000
57400040065
57974
57282
6140003506
22626
bdffd
94284
74380
748450005
74000045000028
9340003206
14350
98453
5400001
54340
54400040065
51450001
68696
68470
43873
4500008877
09330
73450001
06562
2940003406
29400040064
53801003
0440003506
0480100041
adcff
78005091
80180743
45000034000
40004011417
40004011432
40004011869
2044616
3005049
30050900
000000000000006
61628
4000800610
901221
4500056229
45940
80100602
81733
9000092
900004500022
900003711
38040004006
debfa
003033
50445
34040
45644
10610
02645
3000073
2000062
30387
7000086
7000054
daaae
4500009165
4500009039
4500009125
6000062
fcfeb
63200703
40004006534
40004006589
61700
583450005
06024
40004006740
12480
737991609850107
737567
cffacd
45000034552
05698
36510
4000380674
86080
86090
abbfb
abbef
17487
17440004006
dadfe
dedacd
47575
86403
06435
bfeed
685450005
45180
dfecc
dfedb
dfefa
06135
06796
97710
10917
39534
85517
855906
11220
40200014
06220
06240
06224
00004500002848
ebebf
cfaff
33405
33413
cedff
cedde
dddacd
16720
15720
50561
87320
cabdf
700361
06389
82762
ebfbb
024450005
77046175746
ebbaa
cdacc
85697
45000034446
03503
42735
dbbcf
ddebd
ebaded
45000034295
daead
daefe
94000400627
dffcc
adefee
edbaf
baada
acccc
dfddf
34000400662
efffd
17236
faafd
babaf
8010055954
8018055977
595450005
47182
0000320630
77545
40373
12540004006
12598
43705
88536
ecfcc
ecfee
bcccb
45000034399
4650100
41350
09577
09589
12140004006
20986
83521
81628
1538010056
24000400662
92385
041691
5036903
94886
83182
5010121
64000400662
4000520685
07750
445010001
3972193
04000400617
04000400657
669691
65484
387991609850107
215691
215010001
50180675
83391
70730
533116301406
730450005
287991609850107
569691
25945000034
63200707
439801
004820
281691
25293
0050367
291691
639691
411691
221691
799691
ffffefab
191691
581691
dffffecf
cffffecd
561691
49377
4500008412
801001225
010000010000000000000475732
00010000000000000662747261636505766964656
0000170303012
4707876901
4500009029
6901396
14030300010116030300283
00010002000000000662747261636505766964656
0000010000000000000472656164016
000001000000000000076973637871723202637303756
3685814
980100021
150100032
1801024
00010001000000000475732
170706
685853490
23809601
0001000200000000037361780473696
0507030206082
00010000000000000162067468756
00010000000000000367656
0111980
627233
0001000000000000036373630462656170026263057961686
6901136
832380100020
0000010000000000000377777707796
400027064
242590
23498681
45000048000040004011
400503717
61643670
1303335011
73303106616
00010007000000000269330773696
0000170303059010953
2949100169937
0110000100000000000020454845464442
0001000000000000026361057374796
402000140030359450005
53311630140603
08018006
10000000000000002
5400033065
7801014
7400035065
00995
00823
014450005
01035
0000996
0000828
0000671
000906
80400040060
80992
06106
06880
06770
80177
03999
03456005
83170303058500000000000000450005
caaea
caafa
caeeb
97849
97450805
97927
97176
ceeacd
cedea
05905
050007
dccbcd
20903
20880
debba
17635
10400040064
10974
6900003
5040003506
50776
42304
45000415
45000259
90773
9040008006000083
33801000
33895
87636
aaaed
1630000
1650100021
8240003606
40004006831
40004006654
40004006713
0001251
3670450005
8500003
85400040061
47676
3570000
35400040060
adaae
adfda
65957
86107
7750100400
77189
46456005
46974057961686
abafb
abaad
8900001
89400040069
aecea
11450001
1140003506
11170
11400040061
92000045000028
70264
80100743
acdac
62551
afbeb
afaeb
afcfc
afcba
81406
dbcaa
dbabb
dbfca
dbcfd
45000034806
45000034336
45000034974
45000034863
45000034326
45000034323
609450005
31844
eedcb
eedad
eedbc
5540000
554450005
55675
99480
030320
67016
2740003406
4100004
88801805
88468
91912
fbdbb
26400040067
26628
25393
faffb
facbc
7540003506
ebaacd
0050806
00509636
4480100076
efadb
eaccc
21996
0110610
badea
64801005
648595
7400000000000000
affffceb
14170
14400040064
66450001
66387
501828
9840003606
00195
51012
5600003
56395
6840003506
48400040067
48400040060
72400040064
17030322
06593
53400040064
7940003506
1340003506
58400040065
58000045000028
00405
0040050
bbeabf
801000784
801000725
bbbdee
6164189
4590000
69620
8171845
80500
8000092
2020000
80180103
debdd
900395
4000320647
4000320681
90912
003038
4000360622
501000468
38333
20000002
88358
7000080
400001703030
400004500022
daaca
daaacd
4500009034
ccefe
ccefb
cceda
caedc
40609
100003506
faddd
40004006564
befacd
06040
40004006210
aabcf
45000034549
abfab
80180586
acacc
40004006910
8010002048
aebcc
ddbde
475010
864003
bcdfd
aeddf
01740004006
efbda
abebc
10250
97110
06620
dfbff
40004006386
06181
11110
11192
69560
8920050
fafcc
fafac
afeab
afeeb
47723
46087
3950000
20722
84688
afacc
dddbe
dddde
87105
50540004006
45000034182
93445
cddab
70054
97394
eaefe
eaeacd
96561
eedacd
84596
827336
eeecc
febdb
faeba
116583
84000400635
94624
31486
45000034740
dbead
92596
ebacc
affeb
fefaa
daefb
90890
8010007606
8010055930
ddcba
badfb
eafaa
8010055962
bddbb
8018055976
45000034639
0000320686
77596
0005056
29544
cbefe
65577
69320773696
43313
45000034389
00000465646
00869
943976801
92240004006
37570
fffffefa
81688
83265
74000400662
69725
54000400627
54000400694
36688
13216
76634
3560564
54551
545691
74509
6150100
000100000000000004626561700667656
bbdbfd
26583
7402787
22670
7228010001
4000370618
08280
045691
57632
544450005
661691
097450005
281450005
605691
239691
591691
599691
021450005
511691
299691
27026
bbbeca
731691
231691
441691
091691
184450005
723450005
00004500013
2980050
071691
539691
45000028900
1501806
15010118
95018003
4500009071
4500009135
45425750
28010085
32303134303
00004500035
adadcb
840003
000210860000322
0001000300000000057961686
4500009062
345428510
400029060
cffffffe
4500003049
769702
419097
069643
1646472657
3135303
000001000000000000037361780473696
6164356
6901416
6160303003
6901226
00010004000000000473796
0097170408
269320773696
0001000500000000017602717103636
0001000000000000026361066
00010007000000000269320773696
9488357
697061646472657
00508519494
010000010000000000000465646974057961686
81966652
23895301
59963207
009700508276981
00000465646974057961686
69706164647265737320485454502
1400034065
2801106
30007
34593411
44500056200004000321184
580180165
50003
6801014
6400032065
7801802
7400032061
84500021
88011015
98717
9000043
9000049
9400034065
00849
019691
01952
0000752
45400040069
450180021
ffbbb
8030000
06125
06055
06952
06602
03400040060
450000879
83005
8320000
83492
838101
8382403
caaba
cecaa
cdacb
cdccb
05400040060
05174
34801000
3400004
20936
debeb
deaaa
dedad
dedfa
dedbd
deafa
17400040066
17315
50400040067
42000045000028
cafdc
cafbc
cafeb
90942
323636
8740008006000083
872201
aaeef
824500008
8200665
0097405
00212
40004006208
40004006163
40004006219
40004006364
40004006279
0001132
36180
85708
8510000
85322
47485
cfcbcd
cfdee
65969
65002000080001
30280
409303
1200004
12790
86649
7710000
77485
4680000
cbccc
cbcbcd
cbcec
feffc
aeacb
aecee
aefbf
fdcda
11300
11400040063
ccbbc
cccacd
9200004
929601
95400040063
958903
62002
906783
906758
afcbcd
afdcc
afafe
8440003606
840053
8117030301
8140008006000083
45000034001
45000034357
45000034461
45000034908
60797
eebacd
eebca
eeddd
55765
accbf
99980
030318
671450005
67671
2700003
2700001
2780000
dddea
ddaed
88123
301806
9130000
fbafc
2600005
24970
94400040061
0050907
0050898
dadec
4440478
21450001
218191
76880
76400040062
0570016
61400040065
babea
2217030301
bddba
748010056
2340003506
23400040067
9300001
9340003606
affffcad
02000
14400040065
66007
66667
66393
38801805
71933
49450001
0780000
4500008971
4500008966
0900008011
06506
06505
2940003506
2900005
29170303058500000000000000450005
53000
1940003406
1917030301
00593
58450001
78801000
ffffebbc
ffffefed
801000727
4500003063
40004011481
036330
80011
450001369
61640
4000330630
4000330677
4000310632
69688
817024
dcaeff
33755
3450100400
345010002
debcd
debad
442657
00399
003037
4560040
4000044
4000098
daaba
35730
5000011
45250
8018104
beeac
056830
1000057
117083
fcfbb
40004006540
63635
65000486
aaedc
40004006717
46635
280965
aabaf
aabdf
45000034544
abfca
abfcd
36540
40004006664
86239840
81542
acaacd
40004006189
40004006917
ccabd
ffbfc
fcbdf
dadca
aebfd
dedae
deddf
86469
eaaed
defcc
bcacc
06615
06681
dfbad
dfeed
97480
06134
87295
cebff
afedf
4350100400
fdbaa
97200
41486
ceecf
855010
06250
ebeba
ceddf
eaefb
40046
eeecb
eeedb
faeea
45000034441
dabdd
dbbee
45000034231
99665
daecb
daeacd
dafcf
dafbd
cbbaa
dffbd
8010007645
eadacd
eaddb
8028541
8010055989
dfddb
34000400644
effbc
bfddb
bdbcb
45000034633
edefd
945010111
21042
efddb
96677
bcccc
efcce
44000400675
edcff
edccc
45000034350
67762
46890
33525
80100018
fffffecd
26295
7776561746865720473696
14000400646
76098
34897
83197
50101038
987663
44416
89715010007
397100001703030021
501806105
515321
38933
522217
075691
91136
3949519
68629
71628
641691
63200704
711691
711692
010061
010067
589691
3588010006
0970501
286450005
546450005
53734
23983201
681691
241691
021691
299450005
299801000
521691
33454287
049691
48842
541450005
4500008449
4500008924
4500008953
4500008918
ffffeaca
0170303101
95010118
6901256
000100030000000004696
58010085
48010090
14030300010116030300280
14030300010116030300288
0000400033118582
00000000000000004500002855
ffafbedd
4500009061
010000010000000000000169056
3400080060
394562
970656
801007786
801007784
800350028
01000001000000000000036931
000016030300461000004241040
9796168
eacadefb
400050062
2180258
2647263
960400502
9000136075014800003
334545979
80778010006
33126667
3972805951
67378028541
00000773686
0220450001
5005016739
dddeeebc
00010001000000000169056
00010008000000000773686
00010005000000000275310773696
6202636100001
05026800012
170303023300000000000000
305626169647503636
60050521
2020100020100305
000000000000000000000000000000000000000088
74303161626138
78747261322
00010000000000000773686
0000010000000000000262680
7402787805666263646
04500007
045000032
0400031064
14500021
2400031061
30027
3400031061
5000043
5801802
545000239
64500007
68010200
745000092
74500011
70078
745080
88018006
80027
98018004
917030306
ddcbcd
edcbcd
00801805
00425
01695
01921
0000737
00001603
0000868
0000957
ffccd
ffcea
80935
80790
06234
06039
400064
450000579
8340003506
caabf
cabcd
97156
97921
000001114
ceabd
cecab
beffa
becacd
3480000
34992
2040008011
deabf
006715
1700004
1740003506
1740003206
45000317
90400040060
908190
904269
33450001
33505
33360
3280000
32801800
16380
16400040069
009776
96400040062
96161
00205
00216
40004006770
40004006424
40004006836
40004006777
40004006214
40004006034
cfafc
cfcacd
30748
1250100
864500008
77117
77717
4670000
4647592
abdea
abaac
8940003606
89400040063
cbaed
fdbbd
fdcac
1100004
11345
11317
11102
11915
ccccc
92069
92393
95450001
950107
95400040062
9514664
8010080
80100174
373606
37400040069
37622
6290000
62868
afbed
84036
8140003606
dbaba
45000034376
45000034692
45000034207
45000034014
45000034666
45000034443
eeabf
eefca
55000
55400040064
55429
dfccb
bccacd
99010
9940003606
99950
99856
eccda
030315
030353
030358
27317
2710000
27846
ddfdf
41917
88400040063
91400040063
fbdbe
fbfbf
2440003406
25064
257991609850107
facbcd
fafda
75288
756769
0050414
0050917
0050484
00508493
dabed
dafee
44325
44807
efdea
eacac
21000045000028
21917
76801000
28002
2840003506
57478
bfaea
bfcfb
bacaf
badeb
22393
bdbee
2340003206
93450001
54005
5440003506
5440003206
54397
56400040065
3840008011
72652
71360
4500008960
4500008822
4500008408
5940003506
0940003506
7340003506
29801002
19801004
04015
79000
13400040065
13122
00597
180001
18801003
00412
ffffecbf
bbeaeb
80180255
45000030000040003
40004011845
40004011488
20442
450001360
054801003
8010141
4500056227
90780
90789
9000068
44221
442455
442764
450906
ffffdaed
4000320652
adaddc
36069
42182
30636
30668
4000360688
34089
30340004006
7000066
4000095
daaff
35790
35714
6000097
6000028
50000450002
48316
cfeca
11732
bcefa
fadab
88043
874301
06076
40004006732
aaacc
ffade
ffafd
40004006220
adbfb
46637
73753
caabb
aabac
45000034521
45000034572
45000034508
40004006635
37706
8010002084
8010002043
93267
96269
165010
86499
bcdfa
45489
81403030001011603030028
eaaaf
adfbb
97021
4728650
dfbcf
40004006885
dfeeb
40004006392
06137
84420
cebaf
4350100
435010007
10950
dbdacd
45745
ecacc
ecaacd
1703030248
20750
857453
85532
ebeef
45000034134
45000034130
894801000
81259
70074
eedfd
ebfbc
fedacd
faefb
45000034411
00000036
84000400617
ecbacd
ddaff
82420
10484
daefa
dfffb
12072
16640
afddd
8010007617
80221
eabcd
effbd
faaab
dacca
babfd
8018055968
8018055929
725746
0000940
84077
eddbb
0000320661
ddfaa
34920
97981
bdade
bcfacd
bcfeb
44000400627
12640004006
98568
45000034397
05506
099691
31392
37550
41384
45000034882
025691
efacc
efacac
77740004006
14000400617
84706
24000400644
041344
50340004006
64000400627
4450100046
39740004006
04000400646
13389
21588
4210927
46384
1850100
5858585858
615691
3868501
6428922
fffffffc
bbcecae
35241
645691
0303000101160303004
216450005
070450005
085691
16949
237835
520471
250450005
56605
5668010008
52645
438450005
0050128
4500008414
4500008922
4500008956
005008743
728450005
138450005
0001000000000000057961686
450000288459
550100020
454244
88010093
38010093
9400036065
848084
00571554
4500003044
280100074
8010002013
200035002
00000000000000000450000285
010000010000000000000264320473696
0000170303401800000000000009
474223
867757
010000010000000000000364706
6469643
950800012
9000136075014800001
45000028000040003106671
25348010007
0001000300000000026361057374796
00010007000000000264320473696
00000160303010610000
bbcfbfb
70050670
00010001000000000364703302717103636
00971742025696
4697665
9671760
080808080
00010000000000000263610766696
88990963
000000000364706
ddbeaaad
000100000001000003777777
49484452000000640000006
227265706
533116301406034500035
9514664956
1160303004
145000052
1170303004
200000000000000450001
38011056
445000028
64500021
6400031061
88010020
88010009
84500056200004000331180
84500056200004000321184
8400033065
90118
004500004
00400040066
00940
0180100048
0000867
0000813
0000979
4530000
ffcde
06303
06685
06933
06355
03180
450000572
83054
cadcc
97170
cebbf
ceaac
ceeed
cdcff
34400040060
20470
deafb
deeea
deebd
00694
006015
1740003406
6940008006000083
69556
4280000
45000478
45000274
cafaa
33991
335010007
15900
154629
8710673696
16736
96004
00287
40004006162
40004006858
40004006307
40004006321
00010014
36000040003311
85552
cfdcf
cfddb
6540003206
65400040060
65314
3040008011
40801805
1200001
12843
77487
4640003506
abada
abcea
aecaf
fdfeb
11980
92801003
92252
95380
95067
70417
acdcf
37057
37869
84656
84400040069
00000731
dbdca
dbada
dbadd
dbcef
dbcbf
45000034065
45000034310
45000034016
45000034996
45000034464
45000034659
45000034304
45000034176
31396
eecaf
eedcc
5595186
acbbe
030345
030310
030331
030354
67000006
ddbba
88172
30169
91463
fbfbb
26450001
26162
2490000
94904
943456005
fcbbf
0050955
0050998
8011067
dacbd
dacac
dafeb
eacae
eafff
7640003506
05725
eddcc
edcacd
57801800
61400040060
bfcfd
228010007
6430000
64840004006
2300004
23400040065
93000045000028
007906
14400040067
00004940
660019
501111
00180
54395
5100003
5130000
56152
6800003
48400040064
71400040064
49400040060
17030313
63455
07400040065
072216
59877
59000045000028
09202
06545
06511
06594
06598
adccb
79158
79400040064
138795
08801006
08164
18908
78170303058500000000000000450005
ffffecaf
06509
4500003927
40004011431
20400
61616
45000028871
00000000000000450003
4000310633
4000310621
4000310619
45920
45941
20101050
03077
9000085
9000075
33741
80180183
debacd
450829
90287
4000320698
4000320656
adaddfcc
003001
4000360603
4000360682
45637
10696
10652
3838201
2000047
4000011
4000072
daacbdb
37688
6000078
fceff
fceea
28850
1000052
10000450000289
bceaf
90336
50040004006
88085
874906
fcfbd
80680
43040004006
61795
06020
06021
40004006755
deaff
40004006280
170303058500000000000000450004
cffed
45000034510
45000034593
abfbc
80180588
862906
40004006081
feeac
40004006132
deefc
20603
15400002
dedfe
bcdacd
62646
84100
45480
69095
06445
bfedd
adfaf
45185
efefe
47242
97136
06603
455906
82530
86660
89210
342906
97724
87740
20710
85722
aefacd
bcbfc
bcbda
18094
06267
ebeda
15703
15742
45000034191
81218
70032
99513
9959463
eaecf
96525
82738
25640004006
fedfd
eeede
85670
45000034492
20520
ecbda
45000034098
42710
cdcbe
45000034232
45000034236
45000034281
affac
daeaa
adeaa
16670
cefacd
eadbf
8010055988
82840
06985
effcc
effacd
fbedd
dacbb
fdefe
ebccb
bddae
8018055914
9450100400
12520
ddfac
eaccd
cbebb
edccf
edcfd
edfae
bdcfa
edacf
34620
00882
33534
095691
69811
4000380669
94710
74000400605
74000400646
37110
69732
53101
64000400667
98620
35686
42990
5018021
14535
176656
ffffffae
047450005
24559
000100000000000008756
64529
734458
ffffebfb
22687474703
08775
712672
17030300197
499470
0050335
29184
3818301
51132
731450005
611691
141691
091450005
79447
dffffecd
dffffeab
79386
081691
4500008445
90363925001
4500008928
4500008943
728878
000040065
ffffdfab
1703030371
000100020000000002687
4500009077
4500009024
4500009076
6901166
146680
1801000383
0100000100000000000002796
00010002000000000465646974057961686
4500003023
0001000100000000047669657705696
8010002055
0097342992
abbedb
35010074
aaeeadb
45600269
75010074
010000010000000000000268710673696
902735
3680473696
3903901
4380473696
00010000000000000161067468756
000100000000000003756
4933001
000100000000000003637265036
6901236
61641890
502000031
3833204
199274680
00010000000000000263610673706
0221008
0001000300000000026361066
000100010000000003756
010000010000000000000377777705746
0001000700000000
000100010000000003637265036
00006001962653131353730663
7572636845000551
0001000000000000087373756
51303335010
00010008000000000473796
00391536
02649912201
90363918901
59840680100170
633078010011
0100000100000000000003737263046
259003255
2785289
0001000300000000087373756
000100030000000003737263046
00010002000000000268710673696
08018
08010004
045000052
14500006
18010004
24500022
2459340210
2000080113
44500022
48010020
4801106
500509
58011015
6801106
6400034065
716030300500200004
70027
7000080113
88018
8400031061
900000000000000450005
94500021
00833
00000006
0000841
0000872
00094
ffdcd
80217
8077566
03007
03400040063
03015
03602
450000778
97732
97458
973501000
000001703
cddcf
cdccd
cdcdf
34400040061
34000045000028
34429
20450805
decca
00656
17000045000028
50995
42272
90450
3300003
3340003506
3340003206
330450005
32011
3200008011
3200000000000000
3230000
32846
15628
15933
1640003406
16345
16003
82559
82555
965010007
0001436
0001274
3630050
3600005
364660
85500
3540003206
35810
adfea
adfad
adaee
cfdec
cfbfe
65009
30417
12450001
12801003
12112
12801002
1200507
124501000
86801805
86000045000028
460082
898934
cbccd
febacd
febed
fdced
11334
92100
92847
9540003606
958010017
70485
acdacd
37317
6220000
62056
afafb
afdee
00000815
81400040063
811601
dbaac
45000034854
45000034066
45000034342
45000034119
45000034807
45000034929
45000034031
45000034271
45000034643
45000034252
45000034329
6040003506
3100004
318645
550107
dfacb
dfceb
dfcacd
bccbd
bccbc
accfe
99976
eccfb
030387
030395
030381
030323
67031
27893
27140004006
ddced
41330
88400040060
91866
fbdec
2640000
2440003506
24400040067
24926
25496
9440003606
94400040063
94400
94310
7500001
ebabe
ebdde
ebcbf
0050231
dacacd
44400040067
44657363726970
efcda
eabed
21965
801000872
801000471
05720
05790
3900001
57467
61406
bfdec
bfcbd
bacea
2240003406
22504
22400040065
6440003506
7440003506
74313
93009
0070156
0240003406
02969
020102020102305
14960
6640003506
66774
50140
98450001
98208
00136
5480000
54382
5180000
56175
388010003
38400040069
72054
71801805
713450005
49166
49172
4500008855
4500008827
73400040066
73069
70840004006
19000
580001
ffffeaba
80180215
036801000
20441
63259
6164706
6164696
942009880
4000330605
4000330655
000000000000004500006
4000310627
4000310638
9000090
20299
345147
3206973
ffffdffe
902001
90950
65638
3838301
7000077
4000053
daacb
35710
4500009038
4500009059
eacde
6000060
5000073
65190
caedf
bceacd
30055
45000034501
45000034537
45000034502
48540004006
5010015
7470050
0569983
40004006633
40004006085
40004006094
abafe
40004006196
40004006131
40004006920
4000300624
16031
ccaab
ccaacd
73628
deebb
8010002023
ffbdf
82082
fcace
afcffffe
73264
ddbcf
16562
47586
aedbe
86535
667991609850107
990674
efbcb
abedb
adfacd
10224
47310
dbfcc
47260
06635
06644
40004006394
1703030046
84480
84436
11141
69240
47438
34240004006
97703
97762
afedd
ecdee
4050100400
45715
ecaef
97205
97220
87785
41403030001011603030028
190674
39532
3952101
ceebc
31501000
06290
06232
06277
06221
33407
facbe
70081
eaefc
85182
40090
00000020404
205010111
ecbfe
42755
45000034789
bdebf
45000034260
99625
733301
dafcb
dafba
46784
cbbbd
dffacd
8018055939
39640004006
80240004006
00000232
15640004006
eabff
eabcb
eabaf
fbeec
17220
faafe
daccd
babdd
637991609850107
8010055927
8018055991
0000989
84025
bffdb
88780
9458010001
ddfde
efdca
efdacd
efdda
87941
bdabe
cbefd
bccff
92186
89988
fabfd
44000400644
79553
45000034369
7550100
755010002
8788010056
eface
944894
77769
21441
81685
74000400627
331005048
53181
05245
54000400646
52501000
190801
562450005
36484
1850050
18523
487338
17688
32146664
00010000000000000768357370656564016
59288
ffffebfd
54735
4974593523
0000340601
29280
bbedfd
782450005
147450005
0460050
53794
441450005
089691
721450005
52800
4500003241
4500008914
010000010000000000000468656
00010002000000000473796
00010002000000000768357370656564016
00976844
80180019
950180610
693680083
00001703030022
88010090
88010085
68010085
08010085
00000100000000000002676
000001000000000000047669657705696
3400036065
ffdeaaae
bbbcefb
8400080060
effffffe
80110586
7400080060
0001000100000000027
0000000000000000000000000000000000000000000000000000
1483450003
ffcecf
860379
87340050
4005068
3935395
34593531
114415
8056413
00000100000000000003747263077461626
6901186
544231
0001000400000000046835767605766964656
0000080000450005
8376814
6603000053
00010003000000000367656
0001000100000000017305776569626
009734542859
0000647374617469632
00010007000000000269310773696
74303164643035
00000100000000000003623935057961686
0200004803036
000100020000000003623935057961686
435053206973
21332801000
83839301
40103030301010402
3736574732
74727573742
0801802
100000380
1000080113
2801802
20007
345000028
3801106
34500056200004000321184
3400034065
317030306
40023
4000049
4400034065
60008
74500021
7400031061
8400035065
94500022
945000052
9400033065
00900
0040008011
00450805
00839
00339
45207
ffcff
ffcbf
06002
06893
06775
06729
450000968
450000878
838450005
83146
832450005
cadeb
cadcd
97801006
97962
97067
0000011137
ceabe
cdcbcd
cdbed
0540003206
deaacd
deffe
defcd
00645
10458
6940003606
690906
69400
504500008
50450001
50414
4240003206
42670
45000446
cafdf
33931
3260000
aaafc
165010001
16374
82772
82918
96402
966725
36000
85351
853636
4790000
adafa
cfbeb
cfbacd
cfcfd
cfabe
cfafe
cfebd
308010007
3040003206
30894
1210000
8680000
86693
7740003206
89801006
cbaacd
cbfdd
cbaef
fefaf
aeddb
aefed
aecacd
fdffa
fdafc
fdfbf
11800
11400040060
9240003606
9230000
70450001
70806
37450001
628010017
906752
906764
84117
0000045000028000040004006
dbced
45000034368
45000034404
45000034653
45000034375
45000034834
45000034668
45000034754
45000034328
45000034353
60705
31870
318961
eebec
eedfb
55007
9900004
99396
9900507
6790000
ddabd
ddcacd
41855
91400040060
9146665
fbaaa
26000
2640003406
2540003506
94305
75036
757991609850107
ebcba
ebfec
ebdff
dabec
dafff
440100
eadcb
eafdd
eacfd
801000478
8010007777
7600004
76824
05733
eddeb
3900003
bfcea
bdaaf
6480000
74400040065
14342
66303
68807
71976
71306
49000045000028
1703030071
6300001
4500008830
4500008872
59170303058500000000000000450005
59807
09400040065
098010017
29400040065
5340003506
1300008011
13054
13400040064
00599
1840003406
58000
78400040066
004814
bbeaaa
801000722
bbbffff
4500003069
40004011835
0000400036
800768
8003500
800451456
450001460
30050914
80101468
45945
45932
9000077
dcaefa
80180104
4000320614
90969
00392
00000301
50480
50430
98060
01850
11890
10684
daafb
35799
4500009162
4500009171
6000017030303
5000069
5000092
5000059
50000450000288
cceacd
bebffe
783866
bacda
fcfad
3364660
40004006599
63652
617991609850107
58363
40004006780
ffabe
40004006228
adbfc
46680
170303058500000000000000450002
45000034524
45000034558
74646
40004006499
862301
00000000000000001
85440
40004006939
4000300615
20646
20688
8010002078
932737
abbbb
ffbcc
15482
fcaca
fffdc
45431
aedab
06498
01706599
eaadd
66794
efbacd
96070
10210
45182
efeacd
bcaacd
dfbdd
dfebd
45535
06196
84400
777777450005
450000791
69520
69297
87638
fdbad
ecddc
ecdaf
dbddc
ecabf
86762
97290
84984
82930
10781
06262
bfbcc
cdebb
45000034199
93418
cabaf
11381
70015
70059
99585
eaeda
85134
47605
47634
47638
82797
82720
ebfacd
baede
baebf
febdc
faeeb
45000034480
45000034486
2050100400
dabdf
0160050
bdeaf
45000034296
fbdacd
eecbe
266108
15270
73336
eebcc
94000400655
dffbe
adedc
adeeb
dfdca
dfdacd
34000400687
34000400627
fbebb
93099
8010055904
45000034680
ddfbe
726450005
21045000248
ecfae
6774683
1950100
33564
099887
fffffeab
36740004006
26262
20920
037456005
84792
24000400646
45000034911
45000034939
041343
646372
64000400646
99743
997991609850107
22721
227991609850107
83710
532450005
397991609850107
88299
4210938301
83392
bbdfbe
38924
482932
78718
196505
08728311
3999601
5868010017
237450005
55523
54628
bbbdacd
00001703030058
bbebaa
801008004
33454280
00000554
593450005
074450005
5430000040300483046022100
4500008921
198450005
000031060
501000206
00001771
00001703030590324
6901276
6901366
000100030000000001730767617465776179096
48010093
480100474
323031372
68010090
000001000000000000046835767605766964656
550100046
00000170303003
0000400031067069
314660
0053158
1005021
17030310186
0100000100000000000005766964656
3454282
00001703030270
4500003048
034548
2801000203
4500009016
15010077
0264198
00000000000000000450000280
05010077
393700001703030
948094
801007781
3732015
01000001000000000000026361056774696
413756
400050067
656174697665
333432
323661
173572
879718
8456003
0001000000000000017909616
7202000046
6901146
927987
7375626
000100040000000005766964656
0000000001640461676
009797651602
0001000700000000026361056774696
0001000000000000086867757
05000382010100188
0001000000010000017909616
17030300250000000000000003
50146621
009717420256967
696672616
00021034000032
323031373036
585490043
80045145600010000
646372656174697665
54300000403004830460221004500026
08010009
0400035065
180180202
14500022
1400031061
117030306
34500022
38012390
345000562000040003511868
316030300500200004
40029
5801106
6000038
7000048
74500056200004000321184
00867
45400040063
45975
4500508
ffadb
8060000
80628
80218
06450001
06946
06309
0340003206
caaaf
97604
cecdc
cdbee
cdfad
cddee
cdfca
cdeea
34405
34122
20400040066
decacd
00670
00658
17229
1040008011
69804
42179
45000449
90824
33917
32346
15450001
15400040068
15400040063
15112
155075
15018063
8740000
8717030301
aacaa
16656
8200003
96485
96746
002239
40004006326
40004006051
368010007
362327
8530000
85317
85000045000028
85959
47400040069
47917
47663
cfbbf
65536
3070000
12355
12916
86627
868018060
77400040060
77402
4640003606
abdeb
abded
abdfb
89500
cbdbf
fedcb
fecae
fecacd
aedeb
aeaaa
fdaacd
fddcc
fdaba
11303
11377
cccaa
ccffffef
9217030301
92424
95288
70400040066
80100162
801008880
37437
906782
81928
dbfee
45000034861
45000034102
45000034700
45000034693
45000034126
45000034175
45000034222
45000034248
45000034658
45000034148
45000034673
60845
60225
3140003206
31318
5540003506
55842
55536
55595
dfbef
99400040060
99850
ecffa
eccba
030369
030386
030362
27540004006
88812
91450001
fbdcc
fbada
25000
9440003506
94443
fafed
ebccc
0050974
0050950
dacba
44005
44992
efcab
efcacd
eacaf
eacbd
2140003406
801000936
801000934
76635
05700
05742
28801003
280005
edbbc
3940008011
5710000
61801805
61343
6180100041
22054
bdaed
648010017
94242
9300000000000000450005
02055
020001380
1440478
66450004
5430000
51400040066
51917
48450001
48876
72900
72057961686
7100001
71801800
71690
52168
63696
63340
0790000
4500008854
4500008857
4500008961
59032
09879
7369450005
2900003
29400040067
19400040067
04450001
794557
13400040067
004862
ffffebbd
4500003053
40004011416
901501
4000330688
4000330629
45986
9000087
28365262
20250
82195
82194
442695
83024
90930
003032
30640004006
10600501
3000075
400001603010200010001
35780
35716
6000066
6000079
5000017030340180000000000000
41075
bcedf
46120
65734
aaedb
40004006781
4500004246
cffaf
45000034586
17040004006
1708668
7462616
0569993
36542
40004006091
aeabb
aeaca
40004006130
40004006992
4000300608
0000705
0000730
73637265656
fcadb
fddbe
aebac
70665
fffac
47596
fcdcb
fcdbf
bfebb
bfeda
45548
efebe
97191
40004006310
06140
fdfac
69527
87220
69286
fafde
97533
97532
fdbda
47785
86700
87745
20700
16890
42580
fdacc
33423
3342988
846770
06890
15733
cdefc
45000034145
45000034115
ceade
995010001
69437
47642
85681
45000034417
45000034487
45000034465
84000400667
dabad
20055
31403030001011603030028
dbbcd
dbbad
dbbbc
45000034796
45000034760
dbeacd
acfac
92570
12262
45000034242
99628
99674
affbb
affaa
26640004006
43636
fefcc
81394
dafcd
16697
92720
8010007662
eadfa
67072
acccd
dfdbf
effaf
badba
fdebb
fdeab
fdedd
255010001
8018055949
80180079
45000034677
bffba
edeaf
12592
879854
35575
72796
efcca
44000400695
98501000
edccb
bdcba
7650100
97811
055010
34740004006
34140
14000400644
31644
0140050
000000005004000003
33220
74000400635
74000400667
74000400644
68080
04000400694
60250
44710
bbeaca
bbdefee
26573057961686
24727
136783
596230
63200709
333965
981001
199450005
64439
23931
511450005
0000000002796
0000170303030
ffffdbfd
79845
071390
4500008443
4500003250
4500003223
4500008923
01000001000000000000026573057961686
80180022
000100020000000007657461672
00021033
4500008701
4500009042
4500009073
00004096
4000560625
ffffdacb
6901266
bbacdb
8400036065
3146680
100000868
000210860000323
55010077
40119
4500008869
0100000100000000000002736
0100000100000000000002756
bfffffee
8010002035
00022200021
ccafa
501806102
00000000000000000450000287
623232
00509533798
170303006000000000000000
005915
814668
01000001000000000000026175057961686
01000001000000000000026465057961686
000016030300461000004241049
061682
6573057961686
0180042
822743
bdbcbb
33293595
6272057961686
6901246
170303009000000000000000
23987901
cfccded
000060021644
005077137
05026800011
0001000200010000046564676505736
02000066030359
01000001000000000000026265057961686
01000001000000000000026272057961686
380648010056
00010000000000000263610963656
170303006700000000000000
38167409
fffffffffffffffffffffffff
3871214663
0653063060
69660000456005
04500056200004000331180
0400033062
0400032061
2000048
200000000000000450000
245000562000040003511868
2801014
2400033062
38018
300000000500400002
4801015
580102001
54500056200004000321184
516030300500200004
5400033062
68010020
745000028
817030306
8170303004
9400032065
9400035065
00852
00121
00128
0100008011
01435
01672
01709
0000973
0000400040112
45817
ffdee
ffaeb
ffcac
fffed
06288
06801805
06672
06994
0300003
450000868
cadcf
cefcf
ceecd
beffc
05400040062
3460000
34400040063
20400040068
2040008006000083
debbd
deaee
deaba
deccd
defed
00633
17700
10450001
1040003606
10400040068
69400040062
69695
4250100
425010001
42415
45000382
45000271
45000257
3360000
33400040069
15801800
87164
8719450005
aadcf
aacfd
8250100
82404
8250100400
96456
00257
40004006874
40004006256
40004006967
40004006274
40004006604
40004006029
40004006753
3610000
35400040062
65170303058500000000000000450005
65011007
30790
86632
86400040069
77636
8996450005
cbdcd
feeeb
fdbeb
fdaeb
11871
9280100020
923906
9200504
927701
3740003506
3717030301
6203636
62486
628010006
84005
84801006
810061
dbaacd
dbacb
dbccd
dbfdf
45000034907
45000034470
45000034857
45000034113
45000034171
45000034756
45000034371
45000034758
45000034273
45000034751
60450001
eeddb
55345
55636
55628
55717
55170303058500000000000000450005
55715
55562
dfcbcd
dfabb
99910
eccec
eccacd
67842
67567
27878
ddaaa
dddec
41400040062
8840008006000083
91164
fbadd
fbcda
26016
24924
94400040060
94418
fafdd
facfc
7530000
75400040065
ebcfb
ebdbe
ebfef
44118
44127
efdcf
efcfb
eabbc
eabee
eacaa
2140008011
80100039
801000932
801000215
76400040064
394500008
39400040063
61400040067
61420
613230
bfcfa
22900
22205
bdaaa
646572
93400040060
affffcea
cecee
0200008011
66355
54002
54801003
5190000
51000045000028
5640003206
38157
380006001932616365333032333
48857
48698
7240003506
71006
437759
1703030063
078010007
07450001
4500008821
4500008864
4500008813
4500008852
06522
19400040065
1900007
04400040065
bbecfb
03688
63235
97662
4500056274
4000330637
00000000000000450004
45950
45996
907801
80580
4000340635
33791
20280
55940004006
55930
7906962
83041
fadcc
4000320682
00397
778060
45667
4560048
10614
3000064
30000160303004
2000068
2000053
600003711
5000082
500003506
45294
69009289
fcebd
46140
fadba
88054
23499
fcfac
63200796
aaeab
aaaff
caadefa
45000260
45000034542
45000034529
45000034579
45000034518
40004006400
40004006074
4000380636
aeaff
acaba
abdfe
4000300687
ccacc
09068
deede
deedb
fddacd
ddbcb
05746965
69074
01750
01790
81440
abeea
adfdc
adfcc
ffdacd
68585987
06662
dfbab
dfedd
dfebf
93595
91503030012
06188
06720
450000717
450000741
cebab
97750
97550
45700
86734
97236
87703
87734
87717
82917
46043
10705
20733
85542
85516
40203
40296
40240
312032303045080
717991609850107
03950
dddbb
87190
87146
cdeac
45000034103
87394
11370
eaebe
eaecb
eaeea
85115
84544
82725
baefba
45000034493
84000400646
205225
dabdb
20032
45000034071
dbbaa
ddeacd
12284
12221
fbdaf
affcd
affdd
daecd
daeee
daeda
87173
dafac
46731
94000400662
92782
8010007603
8010055981
fbbacd
baabe
dfdbd
06920
eabdf
34000400617
17284
bfdac
bfdbd
8010055973
8018055964
8018055994
8018055957
5950026
0000947
8402236
bffbf
24628
16140
ddfab
96688
75640004006
cbefc
43305
44000400685
facdf
edccd
45000034382
30240004006
195010001
edfcd
edfad
edfba
bdcff
edabb
fffffebd
45000034881
36767
45000034931
33292
83134
64000400617
93137
54000400685
61216
680450005
43105
94990
7150100
22096
39771
3976201
04000400667
60241
487991609850107
38615
39440004006
39499
686450005
bbaaed
984183
05980100076
22645
722558
137450005
49768
134450005
bbbace
bbbacf
510450005
501022
55079
284475
2510000021
411450005
2314660
4500009262
2636365
0050669
294450005
00004500018
801001242
004744
4500008932
01703030032
50100029
ffffdeee
450180610
25010118
4500056406
000008696
4500009045
4500009048
4000530652
9000502
00504160
580100167
18010090
6964057961686
45600034000040003306
00000100000000000007657
bbffba
6965057961686
050100023
510057
50065
1400036065
108340
3801000205
dfffffed
400029066
000100010000000002646
8010002017
85010057
700035002
750100039
00007369676
aeadbd
fecfec
464792
01000001000000000000026672057961686
01000001000000000000026772057961686
010000010000000000000264310473696
0000170303401800000000000008
9345459
657366046
89110023
83329465
376666
960480
4850401
626105626169647503636
950800011
0021494
6901296
732048
50101094
210727
02678010003
0000010000000000000566722
40103030701010402
00010007000000000264310473696
010000010000000000000377777705626169647503636
01000001000000000000026965057961686
000100060000000009616
74303162636365
2146669
00391572
01000001000000000000026964057961686
6865696768743
000007657370616
2000020454
353936013002343601370532303730330572737431
86851650100032
74303166623232
6974724500024
06461746505686
000100000000000008686775706461746505686
05746965626105626169647503636
00000100000000000007657370616
09765758
14545
2400032061
38018004
30003
3400032061
48012390
61703031
90023
bcafa
00204
00934
00321
01551
018815
0000965
0000853
0000944
0000959
ffdaa
fffad
ffcdf
ffcacd
06907
06452
06061
06829
06756
06313
0390000
83262
cacbcd
cadfe
cacda
01042
cebbd
cedee
cdccc
05011001
3440003206
34628
34755
20801006
20400040060
20400040063
dedca
debea
decba
10801805
6940003206
69980
69402
69313
69323
45000288
3300001
33657
33801805
33400040061
32400040063
155812
87230
aacaf
aabbf
aacad
82801805
ffffbbc
00256
40004006121
40004006356
36450001
85400040063
47450004
475010002
3500001
35912
356583
35011007
cfcaf
cfcdf
65450001
65325
404500008
12400040068
86305
86400040063
7790000
77400040066
77622
46122
460832
abacb
abffb
abdef
abcda
abcbf
cbcab
cbfeb
fefad
fedef
feccb
aeabd
aeceb
aeeee
fdfee
1140008006000083
cccbcd
95801800
70400040067
6240003506
62628
afaee
84471
dbfff
dbcba
dbafa
dbfef
45000034160
45000034219
45000034449
45000034013
45000034938
60400040060
31974
31859
eefcb
eecfa
eefaa
55400040067
dfbacd
accbd
030324
030338
03035543
6750100
67433
67387
27400040062
41325
30101050
9100003
91000045000028
91871
9100503
fbaad
fbded
26801805
25801000
fabed
75636
fcbef
0050472
0050810
dabbe
dabbb
44946
44468
44316
efdeb
21400040064
80100043
801000483
8010002054
7630000
76677
edfee
3900050
57219
bfccc
bfdcc
bfdef
bfced
2200001
64836
74340
74170303058500000000000000450005
2380100041
93865
007005086
1400004
98400040062
548010056
51400040065
56801003
56400040064
68400040067
68000045000028
72451
72834
71975
71371
09636
52400040064
52982
43400040060
49801805
170303062
000240
6340003506
63000045000028
4500008861
59005
73904
06560
06588
06544
53450001
19964
04011
0400008011
04000107
79000045000028
08400040067
78974
801000781
bbdbebdd
69180
61655
97639
90181
8010184
8010194
40004011603
4500006207
942009980
40159
4000310684
6960000
9000091
80533
80525
4000340623
33700
20247
82197
83027
90236
4000320665
4000360662
10698
2000092
2000059
30359450005
4500009111
4500009114
31740004006
50000002
fcebb
483526
cfecb
1000053
11740004006
fcfed
40004006506
06087
deacf
ffacf
124906
40004006225
adbfd
adbffffe
45000270
cfffd
eceec
485394
17090
746153
40004006677
ccdbf
abdde
4000300632
4000300696
7361662
aaddf
20657
ffbae
fddff
dadfd
aebad
15596
15592
bcdba
81400
eaacc
efbfd
97080
03239
06686
dfbfd
dfbda
dfedc
40004006334
82542
1703030083
aacbe
97733
fdbdb
ecdaa
dbdab
45731
84930
20792
93613
11469
32514
89120
03917
87192
06847
bfbda
45000034137
1461236
37384
97320
97310
818001
feddc
baecf
febad
febdd
faeacd
40403
84000400699
84000400625
31441
45000034712
ddebe
bdeda
bdeed
45000034297
26677
43465
46716
46795
94000400642
dffec
16662
8010007642
eadfe
eadfb
8010055939
00000241
edbcb
baaae
baaee
baaba
1008010017
ddcbc
06930
34000400685
34000400676
fccbb
babcc
8010055922
45000034634
bffeb
edeacd
96140004006
49240004006
94592
94555
73592
7350100
eefacd
16186
88940004006
96620
bdaca
69384
bdfcb
fabfb
bcfad
433127
415331
72742
44000400634
44000400694
7950101
edcbc
edafe
34688
00881
67240004006
41387
12105
00916
77687
91387
46486
efaca
36760
37412
15920
24000400637
24000400694
24000400675
316208010007
344902
041342
57080100170
64000400696
64000400695
64000400675
16369
54000400642
54000400662
94920
132333230
83441
35634
60293
54500
70537
750456005
633450005
41636
70734
64266
245583
32144
17392
641450005
4000370634
4000370686
5961386
494822
63200708
58674
140450005
000080115
000037119
31149
28642
48940004006
284450005
000000005004000028
dffffefd
012796
493450005
4500008438
4500008917
ffffdfae
0000170303019
00001703030188
4000560670
28010090
501879702
780100167
1466879718
31466967
01000001000000000000027365057961686
01000001000000000000027477057961686
01000001000000000000027367057961686
01000001000000000000027163057961686
4500009065
4500003046
4500003072
2215450005
5400080060
8010002059
2000501
45010077
0675666
6005032
74303132333230
881578
8232714
cafeaab
01000001000000000000026974057961686
000100040001000001
4702000043
033205075626
3260801000
341526
400027061
7669643
63990301
820700504
176370490
003020102021001
00010000000000000766617368696
050003820101005
74303139323661
00010003000000000263610963656
0001000000000000026462046175746
90783846701
23809801
4478128010001
009728759184
02000138030359450005
0001000100000000026462046175746
08717
08011056
14500056200004000331180
14500056200004000321184
27780
3160303005
30004
3000080113
480180202
445000562000040003511868
5000080113
6400033061
78012390
8459340210
8801807
8000080113
945000089
9160303004
945000562000040003211847
9459340210
9000080113
00864
00167
00424
00571
0000862
0000970
0000695
00000005
0000943
0000609
45831
80400040062
0640003206
06846
06126
06551
80140
03450
03000045000028
83935
83035
836450005
caccb
caeba
01088
010823
cecbcd
ceaef
cdfeb
cdfae
cdcbf
3470000
34903
2070000
debef
deceb
decdc
1740000
17869
17759
174713
6900004
69594
5090000
42986
90951
33880
33343
3240003206
32414
15000
15170303058500000000000000450005
87450805
87921
aadef
aacfcc
1600003
9630000
9617030301
40004006418
40004006344
40004006363
40004006643
40004006579
40004006671
36400040060
85002
85400040069
3500004
3550100
adcde
cfadf
65054
65380
65830
6540000
65869
40895
860000000000000001
77400040062
77395
46002
4640003206
46400040063
46000045000028
46002000080001
abcde
89865
febbc
fdaec
fdcacd
1190000
11993
110610
92018
9240008006000083
95882
95392
70400040060
37801006
37656
37400040062
37218
37275
6200004
62005
906751
00000420
dbdee
dbcfa
dbddd
dbfba
45000034860
45000034960
45000034844
45000034859
45000034894
45000034851
45000034803
45000034810
45000034943
45000034964
45000034037
45000034957
45000034763
45000034678
31400040068
31323
31354
eeebf
5590000
55400040066
55400040060
5568585
dfbed
dfaae
dfcdd
bccee
accacd
9930000
99801805
030374
2730000
ddada
41915
884500008
91801800
fbdaa
fbaea
fbfaf
fbdfc
2400004
24400040064
2540003406
25984
9490000
94315
ebdfa
ebfdf
ebdba
0050960
dacad
efadf
eabec
801000479
801000811
05726
28400040064
57450001
57415
57624
57143
5760488
0110083
babbe
babeb
bafed
22204
22450001
22400040064
22624
bdbbb
bddee
74980
74400040066
2340003406
23400040064
93114
affffaaa
affffabe
affffcee
02054
02980
02000139
6630000
66400040067
501804
00100000100000000000001
56345
56350
56058
38400040060
4817030301
48000045000028
72860
72894
5240003206
43000045000028
4500008874
06546
29400040061
53400040060
79801805
138150
00588
78400040065
801000728
bbddecb
4500003068
40004011312
40004011465
80098
300509969
8010146
4000310626
817124
00970050924
800004500005
dcaeef
33744
442674
fadcf
900969368010016
170303055
003034
00000305
11815
34093
10633
2000076
200003506
7000069
4000091
35765
4500009158
4500009122
31751751
6000077
6000063
500003706
500003711
cceaa
48340004006
49501011
cfefc
caefd
1000089
1000011
10000450000285
11720
bcede
50089
88080
80615
80646
65728
63200705
40004006510
61743
01299
4500004220
45000211
cffde
45000034536
45000034531
45000034566
eceaa
48591
80180598
40004006662
40004006661
aeeda
acaae
abade
78088
40004006120
4000300659
86045
afbaf
deedc
89550
15487
15440
70630
47588
62610
064335
81431
eaabd
45120
451906
dfbdb
dfeab
dfeac
93540004006
06197
06750
06744
69237
6928701
fafba
4748440
cbddf
97535
109823
ecdde
ecdacd
ecadb
97270
84917
10700507
93652
4256588
bcbfe
11246
40210
40298
32539
87196
15740004006
40710
dfcbe
45000034116
45000034146
146648
85141
82710
eeeaf
ebbfe
ebbeb
febfc
faeed
94619
77340004006
dbbca
82488
92517
85241
94000400620
94000400617
94000400686
dffef
afdde
01537
8010007633
edbfb
edbfc
acccf
34000400689
fbecd
bfddc
fdeeb
63769
eafbb
8010055974
8010055994
8018055904
ccfae
ccfcc
ccfdf
0000987
edebb
ededb
edeba
36080
ddfdec
88934
ecfacd
bdfaa
bdfbf
bcfac
44000400601
44000400655
30225
1951466
edfacd
bdcbf
34750
39384
48040004006
41390
83640004006
26288
31606
7380050
45000034987
343165
000040003311856
74000400612
36150
160303004610000042410471
33193
1703030235
64000400680
64000400692
98760
45000499
54000400675
450005620000400033118403
76633
ffffffda
bbeaff
00010000000000000476696577047975747502717103636
bbaaaa
226320
28706
297450005
bbbbfc
27439
38432
70806501
04500
45000391
bbbfae
2648010008
0050500
80110401
638450005
4500008406
4500008446
4500008441
5290050
801001221
4500003242
0170303018
501000205
4500003706
4500003742
801806690
801806694
4000560655
5010018
00003622
28010059
68010093
680100170
00000100000000000008696
4500056421
000040003311896
6400036065
8000003206
700146632
4500009064
400029063
4500003071
9626842
066754
2645456005
00010001000000000476696577047975747502717103636
15010057
8010002014
96174748440
35010077
4560025
08000000000000039558
01000001000000000000037777320773696
984071
3815401
178025
160303014402000140030359450005
000100060000000008696
3103300000101080
967094
00000100000000000003656
00010002000000000170016
2146698
033631
3441466
6861894
000100030000000003706
000000000000000045000050
3746174730
0160303005702000053030359
61643660
4617461046175746
0001000700000000037777320773696
000001000000000000036170690361707305736
74303164666330
170303005200000000000000
02641940701
12968000111
0001000600000000066576656
5036903201
21819196174748440
080000000000000395584560029
045000089
04500021
14000380
18012390
10003
11703031
4000043
40000000000000001
445000562000040003511880
4400033062
64500056200004000331180
6000049
69765758
6400033065
7400033061
7459340210
00372
01942
0100004
01314660
0000879
0000926
0000967
00001603030
000016030300520200004
45006
45801805
45450805
ffbeb
ffbee
ffaba
ffdfc
06030
06050
06777
06223
03855
0350100400
83996
837450005
83803
cabed
caded
97000045000028
00000182
cebbc
cebec
ceeec
cddec
cddda
34395
34151
20217
1717030301
17400040060
42495
45000452
45000461
45000256
cafba
90774
32400040060
32400040061
32915
87885
82650
82306
9640003606
00228
40004006802
40004006863
40004006053
40004006709
36442
36452
85842
47800
47306
471906
3590000
3540003506
adffff
adaad
adaed
adddd
cfeed
65018056
65018063
12632
1230000
1240000
12207
8617030301
86628
7700000000000000
7740000
46377
abaee
abaea
894500008
cbfad
feffd
aedcd
aefff
aefcd
aefffffe
fdabf
1140008011
11405
11917
ccceb
922906
926945
95466
95280
70737
70742
70796
801008889
3790000
37435
37407
37828
afcfe
84018
8417030301
00000459
00000492
81109
81395
81310
dbdcf
dbaaa
dbaee
45000034651
45000034067
45000034474
45000034325
45000034274
45000034019
45000034753
6080000
3117030301
eeeacd
eecae
eeacb
eefbe
55615
bccaf
acceb
99312
9940000
99180
ecbbb
ecbbf
030344
67461
676572
27450001
2760000
27336
27636
ddbbe
ddaacd
ddfea
ddded
ddaef
414500008
41800
41122
88801800
918010011
26817
26105
24400040069
2494646
25400040064
25177
257220
75007
756450005
75282
ebfca
dabba
dacfa
44457
efbec
efcfa
eabbf
eafdb
eadebfd
21002
21400040067
7600000000000000
76801805
76145
edcaa
edafc
edcdf
579146
61980
bfcaf
bfcec
badcf
22385
64805
6440003206
6440003606
74060
23000001
93851
02626
02947
00182
4840003206
4800007
72468
5200003
49000
49400040064
6340003206
63400040064
07000
07307
450000869
4500008962
4500008826
4500008802
73000045000028
06512
2900001
13000002
08400040065
78400040064
004821
ffffecfb
ffffecde
bbcbee
40004011405
40004011433
20437
63281
68340004006
68391
40140004006
90717
80585
8000084
4000340638
20270
8210000
4000320670
90945
00000371
50495
421906
4000360612
4000360676
4560002
2000052
2000013
700003706
acede
daaaa
983456005
fcefe
ccedc
65140004006
28840004006
46180
fcfcc
80640
40004006535
40004006527
63623
58340004006
06094
01240004006
ffacb
12485454502
adbdb
45000231
cfffe
aabcc
45000034560
45000034599
45000034578
abfbe
acbfd
40004006080
acaffffe
05635
abdae
4000300620
4000300614
4000300658
860906
ccaba
afbfa
86850
deecf
abbfc
fddfd
daddf
dadfa
84115
cfdab
cfdaf
06489
814906
cfcbb
eaaacd
86580
86590
86574
efbad
ffddc
dbfacd
bcadb
06606
06611
40004006845
40004006850
97440
84200
450000727
69564
69593
69242
89236
47440
97741
afedb
43501000
86799
97245
87742
82910
82987
05675
10790
93675
85714
855301
35116
06260
11490
84617
89146
00004500002850
06845
06840004006
45000034141
89469
81240004006
06390
06392
82735
ebfcc
02449994
ebbed
85637
faedd
45000034433
11628
11607
84000400695
9699450005
94688
01640004006
dbbbb
dbbef
45000034734
45000034742
dbeba
ddefb
affbc
daebb
94000400634
94000400667
dfffd
dfffa
16681
afdfc
8010007697
8010007685
8010007637
edbca
edbfa
fbbcb
dfdbb
bfdaf
bfdcdc
fdeea
63780
eafbe
8010055909
8010055926
8018055963
8018055913
0000984
0000320699
edefe
edebd
88788
ddfbc
bafca
bafad
8850100400
cbeea
bcfdd
bcfef
72746
efcff
027450005
42611
33515
33539
00986
267991609850107
025450005
efade
bfacc
83599
15350
84747
50730456005
83920
614902
10393
04110
04190
371456005
53198
64000400655
64000400694
54000400644
61250100032
43169
366368
366461
2202531
385010007
04000400627
04000400644
54502
018062
662450005
487334
24500
00010000000000000770636
808456005
269450005
59216
2898010001
4000370643
49772801000
3840000
65800002
23739
0450050
004850
0909090
bbbfbe
48140004006
526602
0050547
8011096
00000504
0050185
498108
801001226
801001223
4500008941
ffffddbb
003661
1501004
45000028000040004006978
470792
6901336
6901126
00001703030025
58010093
14030300010116030300282
000100020000000003796278057961686
00000100000000000007626561702
60000020404
0000400033118562
00000100000000000003796278057961686
426600003106
740003
7400036065
0400036065
180102865
345428880
4500009017
500035002
8010002018
0005000000012
000001000000000000016702636
0061155
90323888201
426200003106
00000000000000000450000286
00509567482
9000003106
919903
6976656
3136352
eadafe
801272105
4500003015
160303006402000060030359
44444446454
4672456005
1636865
257761
3005093159
2667157
5976032
00501078
334542820
0982301
00000000016702636
0001000200000000056373796
010000010000000000000462616
3908801
22558087168450002
0000010000000000000467616
0000010000000000000263610468656
51303335011
68747470
01000001000000000000037068730474616
38064919
010000010000000000000366313005626169647503636
3679047
009736588450871
09432456005
73756767657
0001001400000000016702636
1144152790
48352661645
100000000000000450000
1400033061
20023
416030300500200004
48011015
4400036067
5400033067
64500056200004000321184
6400035065
68011015
617030306
6000080113
717030306
99765758
00942
00400040069
00932
00936
00853
00338
01450001
0180000
0130000
00000035
0000980
0000875
0000895
4517030301
45018063
80400040061
80304
805701
06900
06737
06104
06802
06328
03450001
03376
03305
450000859
83100
01040000
97003
9750100400
97173
cdaba
34400040062
20801800
17450001
1770000
17400040064
178010011
50229
42935
42403
429501000
45000410
9040003606
33230
33300
33655
3350100400
32300
32790
327991609850107
327223
1501105
87054
aacbf
16400040068
1640008006000083
82400040063
82790
00213
40004006953
0001232
859865
4750100
47400040063
47000000000000000
adaba
adfcd
adcef
650002
65467
655010001
65574
40400040063
40266
12400040063
12914
86256
77425
46450001
abcfc
89254
cbfca
aeaaf
aedfc
fdffb
fdfff
fdfdb
11996
ccffffdb
92801800
95217
9550100
95000045000028
acddf
37280
37000045000028
62345
62746
629991
afdef
afaef
84400040068
00000812
81050
45000034909
45000034456
45000034852
45000034479
45000034453
45000034214
45000034761
45000034279
45000034143
45000034078
60801000
6040003606
60807
31800
31435
31855
eedcf
eefdf
eeeca
5500005
55705
557705
dfdcc
dfcfd
bcbec
bccdc
acffff
99450001
99172
9940008006000083
99415
99997
030384
030364
030351
2740003506
27857
dddad
dddbd
41971
2600004
25628
25747
25732
25392
7580000
75400040064
ebcae
ebdac
0050487
0050988
dacbcd
daffc
eadec
eacab
2190000
2140003206
21400501
801000874
057608
39800
39400040069
57242
6100001
6140003206
61912
bfaed
0118010007
baced
22206
bdbea
bdcac
2300005
66685
66825
66002000080001
50142454
98400040060
98400040061
00105
001158
54400040064
51317
51692
56400040066
56400040060
56627
38458
68450001
48160
72676
728010011
7200501
52925
49002
49007
170303067
63801003
63400040067
07820
4500008963
5900501078
09801000
09000045000028
06534
06570
53400040065
538010001
19054
adccf
7940003206
13450001
08000045000028
18450001
7817030301
801000721
bbbddd
bbbffda
bbddfa
40004011942
40004011990
80030
450001361
30050942
6328586
6164323
942009280
00970050965
00970050960480
cdbcf
80530
80589
4000340697
4000340670
4000340622
3803701
821906
442533
4000350640
45020
90056
92400
10100019
01812
4000360657
38340004006
30000000
2000095
7000087
7000091
7000075
aceda
4000075
4000058
40000160303004
daabe
daaac
37680
6000073
600003506
4528030
fceac
28882
100004500005
100001703030
100001603010200010001
11737
bceeb
bceba
461906
fcfec
40004006505
40004006530
63628
47080
aaade
adbcc
46600
46638
aabca
abfac
40004006490
854906
acabf
40004006142
40004006199
abdab
87590
4000300645
0000684
73642
deeff
20641
abbda
fcaae
fddfe
aebca
15564
86140
861906
86138
84195
454906
06436
81480
81496
bfeec
eaadb
abeaa
abead
defde
cbade
4510003
addfe
adddf
dbfbb
efeed
bcaed
97150
dfeae
45534
dfade
dfafd
06717
69210
69232
89267
fafcf
34211
87677
86750
41400
10788
80102813
82242
85522
bcbdc
fdafd
89392
06211
11497
33440004006
dddff
45000034135
cabab
93395
812501
9738010015
eaeff
06387
96591
47610
ebbdb
85682
45000034436
90447
84000400605
84000400634
84000400642
84000400694
dabfe
dabae
45000034089
45000034095
dbbde
dbbea
45000034715
dbeeb
ddede
daedd
94000400695
cbbff
adeda
cefcc
8010007605
8010007665
accca
dfdfc
34000400671
effdf
bfdfd
faacc
dacff
63722
8010055908
8010055921
8018055954
72575
45000034605
45000034687
eddca
eddda
0000320643
edeed
96188
ddfcc
efdfd
97940
bafbc
eaccb
96611
2324933001
44000400680
44000400617
44000400626
19503
bdcbe
bfcca
fdcbc
6350100
92225
37533
77688
45000034869
bfafd
83596
94498
84790
83216
94704
6590050
1703030201
1703030205
64628
50101675
64000400605
64000400685
3988180
43116
553902
4000520643
83791
4450100
0097176570
41274
74506
51562
18550187
93811
56722
61595
38688
70499
63488
98418
78621
78584
08785
4000370633
4000370684
56048010015
939801
49040004006
88487
ffffeebe
54440004006
142019
66100294
555010
5908010007
4895501
45000028258
52670
bbcfbd
4500009254
191450005
0050526
dffffebc
50110021
cffffedf
48840004006
801001265
801001227
4500008947
4500008926
0050055
00004000351186
4508003498
0001000200000000077477697474657203636
4500009046
4500009079
450005620000400033118470
280100168
280100167
88010096
880100167
80110194
000100020000000005736
450005620000400033118050
90783811601
808288
4500056450
00000000000000004500002825
540003
4500009063
3454281
dffffffc
4400080068
4500003042
1400080060
001577
000100010000000008756
00008217
8010002016
ddbeeb
972984899
6005033
311072
45600295
3732343165
3946101
000016030300461000004241043
400050063
016030300251000002120
0001000300000000027163057961686
972193
61329930
4300473696
61643570
8211801
4415456005
233620
00010000000000000673706
90361989
7661466
0194456005
389499
0829001
0000010000000000000564736
69646504626162790473696
0722168010015
00004000370692
61643450
05026800013
4638389159
90783881401
8576299040
0000016030300500200004
45787069726573450004
9982735010002
9589638
164326164
7455100009
079548010006
66646164326164
25277943456005
943875901
0671777801000
333107696
743031646430353732343165
280005039
007005086450686
04000107000189
174713861
74303164643035373234316566646164326164
0801014
145000562000040003511868
19765758
200000000
280180202
24500056200004000321184
20024
300000000000000450000
345000239
4400033061
54500056200004000331180
5400035065
5400032061
68012390
6459340210
6400035063
70029
7400033065
845000028
89765758
845000239
8400035063
93206
945000092
980100041
9801014
acafc
00170303058500000000000000450005
00851
00887
01061
01536
01161
0000901
0000859
4540003206
4540003606
ffcbcd
80780
80885
06057
06230
06935
06977
06925
06778
06704
06274
0340003606
03145
450000959
9700004
97018
97395
ceaad
cefae
cdded
cdfec
05977
05267
3410000
deaae
17632
17400040061
17952
10280
42406
42050
33501000
33382
33159
3217030301
15217
15380
15400040069
87202
87400040069
87472
87352
aabec
16004
82685
82826
82700
82268
96685
96067
96116
40004006271
36400
8517030301
85896
853501
35336
35400040061
35002000080001
355075
adaec
cfaacd
cfdcd
65459
6580100020
30400040068
308080
408010015
4040008006000083
12305
120078
8640003606
77450001
abdbd
89112
898017
cbaee
cbfdf
aefca
aedbc
fdfbd
11005
11934
70206
70940
70222
37233
62217
625010001
90630
afcab
8440000
81402
dbceb
dbfec
45000034204
45000034475
45000034454
45000034107
45000034778
45000034354
45000034272
604500008
60801003
60256
60969
314500008
31444
eedca
eefdb
55645
557095
dfaeb
dfcba
bcbbf
bcffffed
accfb
030380
030382
67400040067
67400040060
27400040067
27297
ddffe
ddaee
ddaad
41801805
88400040069
9140008006000083
fbdea
fbffa
fbadb
fbaff
fbacc
24465
25209
25103
fabbb
7540003206
7520000
750180021
ebada
ebcec
ebcdf
fccacd
00509423
dadcb
dafec
44000002
21400040065
21400040062
801000486
76303
76657
766617368696
05717
39345
5740003506
57146
bfcae
bfcbc
bdcdf
64903
64300
93801006
93801003
93862
affffbbd
02450001
1430000
66305
50140004006
984500008
98860
00134
56801000
48400040061
52995
43926
49476
07801805
07374
09014
7300004
73400040064
06527
538010017
1940003506
79801000
79011
00598
0840003206
08801003
18000
1840003506
18170303058500000000000000450005
58400040064
004801
bbcbbc
40004011345
40004011445
40004011499
4000330610
4000330657
4000310643
03084
00970050825
9000058
900001703030
cdbfc
80522
20240
38048
4000320684
adaddba
90936
0030000
980948094
450000447
501000463
38352
3000054
88340004006
7000092
7000071
4000054
4500009053
6000086
600004500005
ccecd
1000091
50011
fadffffe
fcfab
aafaf
aafac
33617
33636
40004006544
90263931
61794
06047
06077
06022
40004006745
40004006733
40004006731
40004006791
40004006246
30040004006
45000267
45000034550
45000034596
45000034535
45000034571
48586
40004006465
8623566
adacc
81561
acada
05660
40004006937
aadffffe
20617
20640004006
ffbff
ffbdc
ffbad
ffbfa
15439
17469
abcbe
fcbfe
fdddc
fffcc
732669
47527
84136
84130
45490
45486200
69025
06484
10220
efeff
97196
dfbdf
dfede
45594
91582
91596
9150100400
84226
825906
06769
fdfacd
87215
89246
fafdc
aaccb
47445
34270
87684
975906
5018118
45717
45730
60032
10740
85536
89390
82681
ebead
ccbca
87136
45000034147
87397
cabaa
146693
85150
85194
06384
69490
20340004006
31085
febde
febfd
faefe
45000034439
84000400669
dabac
03580
ecbab
20095
20052
feccf
45000034090
45000034072
dbeda
45000034245
45000034270
daeaf
adbeebab
94000400641
cbbeb
dffba
8018055988
adeffb
cbfaa
015010
01540004006
8010007612
8010055940
accbb
65390
eabfe
11930
34000400692
34000400667
efffc
fbedf
17224
badfabe
25501000
8010055923
ccfef
bffbc
ddfacd
34997
12394
bafac
88537
8858010001
65570
65566
99139
bcfcd
44000400651
44000400671
235010001
677991609850107
edfbc
bdccf
17527
bfcbb
fdccc
33506
fffffeff
85316
41882
26710
025810
83540004006
14000400645
14000400669
14000400662
14000400629
24000400686
24000400667
80490
45000034920
45000034986
85886
10358
95589
767530
74000400692
92320
160303004610000042410466
647991609850107
6977616
54000400686
94982
11072
10551
51540004006
1450101
70716
585801000
ffffffdd
886069
665010001
688450005
00541551
64501000
27139
2714483
4000370631
21610
49740004006
39940004006
0856795
58936
ffffeefb
13180
04276
55027110
719456005
4500009211
00000503
49340004006
4500008920
4500008952
501000201
fffffdbb
050180610
250100020
4500056435
4500009041
80008
012390
454280
4005025
880100501
14030300010116030300281
000001000000000000046773733008626473746174696303636
40013
030106082
99014072
240003
2400036065
010000010000000000000273370272720369746302636
9283999
2400080068
0000400033118623
0000400033118602
6400080068
0400080068
858020216
8010002051
17030340186
950800005
35010057
08000000000000038556
1124450005
96320050
003500305
953259
1725978
11888010001
39323634
00010002000000000374313105626169647503636
663512
bbdeeae
61466783
61643560
05010136
950800013
1703030021000000000000004500010
37618010001
000040003411
01004004
300509311
74688010056
40121058
617070732
9518333894
0097003504
210121635
799058010017
7975508010006
94104898010001
0601050507014500015
200809283999
033759047
6900501927
65100504267
579146691
98094809400480
55027110456005
045000028
08010020
0400035063
1400033062
2000043
2400035065
2400033061
280100078
380180202
3459340210
3400038062
4000080113
78010020
745000562000040003511868
88018004
90026
90027
9801802
9400033061
9400035063
004500008
00375
0000950
0000756
0000956
45057
45421
45737
45628
45011001
ffcfd
804031
06942
06380
06650
0617030301
06400040062
06962
06825
06872
06457
06702
06772
06324
06574
80158
03006
03924
03336
03845
034727
450000783
97010
97559
97349
cefcd
cebfe
ceebf
cdeed
cdcbc
05006
0530000
05018056
34460
20471
deddd
decda
decef
006415
17400040068
173163
69475
69944
50725
50775
42436
42966
4250100400
42768
cafec
90965
333064
3200001
3240008011
32205
1550100
8700005
87170
87820
87400040068
87773
aadcd
16400040063
1650100400
8270000
82400040069
96104
40004006059
40004006743
40004006378
8570000
85315
85672
85244
35637
adbba
6540003606
30950
308791
12400040069
86736
77002
4600001
4630000
46400040062
abccd
898901
fedad
feeed
aecfa
fdaad
fdfed
92801805
7040003206
7040003606
70717
70941
8010035
801008882
375010001
62131
849501
00000201
81124
81305
81801805
dbdad
dbcfb
45000034174
45000034690
45000034064
45000034451
45000034477
45000034623
45000034276
45000034471
45000034055
45000034332
45000034339
45000034663
45000034609
60403
31400040063
eeffe
eedea
eecee
55334
55612
dfcaf
dfbbe
dfcfc
bcffd
accdd
994500008
99937
99828
99338
27400040064
27828
274790
414710
414309
88815
88842
88803
91310
91944
fbfff
fbfcd
fbfef
24801805
24947
25016
fabeb
faffa
7580100020
75767
75011001
ebffa
fcbbe
fcbbc
fccae
80114
dafdb
44154
44174
44400040063
44933
2100003
801000485
801000814
801000819
7640003206
76637
2840003206
390100
5700000000000000
bfadf
bfcee
22217
2230000
64473
23000045000028
93861
ceceb
00004303
00003842
00192
56607
38000045000028
72000
09652
4340003206
43801805
63450001
4500008836
59400040066
598200
7300003
adcba
79002
005906
58170303058500000000000000450005
7840003206
788010011
ffffecfe
00002452
40004011400
20416
20495
20439
20438
450001366
30050917
30050910
63230
affffefeb
97688
4500006301
4500006157
003505
21740004006
000000000000004500020
9000097
cccca
800003711
33736
20297
20234
80180043
4000350611
57311
97659
01840004006
30620
501000832
38362
3000092
3000044
88320
7000084
7000061
700006002
41090
28881
40640004006
1000058
bcebb
fadaa
fcfaa
65747
40004006565
40004006567
61792
aaefe
40004006789
40004006762
40004006215
40004006294
cffca
aabda
45000034523
45000034548
5010086
17082
17024
74763
36530
36560
40004006641
40004006403
40004006491
acbfb
81562
feebc
4000300625
ccada
ccabee
afbda
73640004006
090674
deefd
deebc
89531
82040004006
abccf
fdddb
fffaa
15550
15577
47515
62660
84181
454456005
decbe
abedd
45150
addff
efecd
efede
0320331
47200
97180
dfefd
45566
9356771
06150
84437
06715
93740004006
aeccf
450000794
111906
69292
ecdac
40501000
86712
972906
87755
41480
cfbdf
20711
65240004006
6520506
dbade
85524
bcbacd
11293
40225
06282
06239
11480
11417
00004500002864
eeaff
84600
8460000
71705
87195
45000034169
45000034185
89440
87382
cacbe
1466561
14680100183
eaedf
40040004006
06382
06391
53629
20389
89662
45000034087
45000034041
45000034048
45000034043
42769
dbbdc
dbbba
45000034720
ddeee
82499
cdcbb
bdeee
12267
45000034210
46726
46744
94000400671
1518010008
8010007632
8010007646
eadcd
15670
fbbff
fbbea
fbbbf
baadd
dfdff
dfdbe
dfdbc
34000400695
eafab
eafae
8010055964
8010055913
8018055928
59529
bdbca
bffad
bffacd
0000320641
edeca
36040004006
36040
88993
295395
96634
cbead
963004
89990
12620
45000034320
67736
05569
42680
46505
37540
85397
42212
77640004006
45000034886
34140004006
025453
99489
48640004006
14000400694
15984
84793
000040003311849
95592
04148
64756
37105
2250100
64000400631
64000400651
30440
98788
190450005
916005063
54536
44700
03886
98288
49666
99091
62285
58756
bbcefcb
6450100
bbaadc
7868010003
247991609850107
ffffebcd
28775
08740004006
74494
547991609850107
597991609850107
bbbbfb
6580050
520906
31181
51640004006
241374
45000028555
3345456
33454286
144393
bffffefe
cffffecf
7930050
54135
4500003213
4500008934
4500008930
75000332
009734542575
000035002
bbeede
900035002
0180025
08010090
00004500038
80050782
0301110002
3146639
440003
740007306
99014662
4500008816
010000010000000000000273360272720369746302636
8289005082
150100040
18010107
400029064
1400080068
0000400033118682
5400080068
851782
51303335018
903039
8010002015
65010077
64657669643
803646
461222
000016030300461000004241045
3565833
4500008100004000
000400040
681568
033234300
340732
426082
938278
6901216
0309301
5637572
33230320331
98248010016
00010002000000000377777707796
6964650766617368696
1603030066020000620303
450800280000400040067
05000382010100780
751466790
000100020001000001730767617465776179096
010000010000000000000273390272720369746302636
066889790
0020100020100305
261684797
00010002000100000361706902636305736
004400430143
0000400050067
2546785
698638010015
89519824
60096041778
019005000
073002861
323636366461
000100070000000005746
39323634323636366461
41471089519824
03323430033230320331
393236343236363664613232
03323430033230320331333107696
080102017
0801015
18010009
1000049
1400035065
1400033065
1400036067
2400033065
2400036067
3801015
3400031064
3400031066
4459340210
580100082
545000052
74500022
70003
94500056200004000331180
9000038
945000562000040003511864
9160303003
00573
0080100020
00407
00129
00563
0000962
0000963
ffaab
ffaee
80450001
80400040067
80905
060100
06459
06559
06406
06806
06628
06206
06451
06351
06458
06998
03801800
03400040069
83007
83230
83759
caceb
01025
97865
00000129
cedcb
cedaa
ceefe
cecbc
34400040068
34180
34763
20938
deeed
deffffc
00685
17841
10400040069
69456
69485
4290000
45000329
45000254
cafcc
1570000
15349
87937
87180000
aadaa
aacab
16000045000028
160005
82345
82400040068
96559
96801805
96474554202
002906
40004006343
40004006837
40004006551
40004006719
36303
36210
4740000
47630
35801006
35400040063
adceb
addcdc
cfcab
65002
65628
65415
30931
40280
40992
86017
7730000
77737
77255
77614
46790
abafc
89168
89885
cbdcf
cbaea
cbded
febcb
feced
fefef
fdafb
11039
11409
924500008
9270000
926906
70736
70706
80100480
37801805
37400040061
37344
37572
62801805
90610
90628
906774
afcca
afcde
844500008
84900
84831
84356
840054
81980
8130000
81400040069
819078
dbafb
dbcec
45000034691
45000034696
45000034452
45000034062
45000034104
45000034164
45000034050
45000034655
45000034302
45000034374
45000034159
45000034348
45000034352
45000034338
45000034275
45000034608
45000034278
eeadf
55450001
55616
55699
dfcdf
accaa
acfffffe
67801805
27400040066
27400040061
ddfee
8800000000000000
88656
fbdfb
fbaac
fbfdb
26170303058500000000000000450005
26899
26469
254500008
25456
25802
25415
25727
94417
94997
7510000
75628
75000045000028
ebadd
ebcac
fcbee
0050401
0050890
0050982
44400040062
44400040069
44881
21400040069
801000801
80100095
76446
76481
28400040066
57456
57801805
57400040064
57400040060
57116
57241
6190000
61400040064
bfaac
bfafa
bfcab
bafdd
bacef
22000045000028
22175
226945
64933
64655
646966
238018060
93204
cecef
02400040065
02996
02249
02988
14340
50146606
00145
54400040067
54988
48002000080001
7200003
71400040066
71971
71315
71951
52801003
52400040065
52400040067
43695
07427
4500008907
4500008851
59162
06595
29801805
adcfe
adccc
79400040066
13400040062
08460
08170303058500000000000000450005
1840008011
bbbffc
bbcbbe
80180667
bbadeb
40004011887
80036
80099
6320050
400080063
05480
4000330673
90740
31212
81790
009700508289
9000017030303
cdbdc
80560
805862
20284
80180171
3452005
3450804
92485454502
adadbad
90935
cbcda
23089
67684
70146
501000325
34020
10689
200004500005
4000087
35745
376450002
31750
317637049
6000020
6000069
6000087
60000030
5000080
45262
4102706
fceee
fcebf
4950101
cfebb
caeda
40648
40607
100003706
fadbd
89060
33645
40004006512
aaecd
06097
06046
40004006798
deade
aabaeeb
45000034573
17080
74628
36540004006
36562
acbfa
40004006043
85436
37740004006
37774
acaea
acaed
abacc
40004006145
ccdacd
87599
7363726970
deeae
89533
20662
8010002073
93240004006
abbea
dadab
dadbd
732649
47512
cfdffffe
eaacf
865801000
abeff
abefd
97020
102906
47390
efecb
47269
06640004006
82580
8254256
170303004800000000000000
59480
84446
86631
86641
93724
69546
89241
97700
97714
435879
10910
ecdcf
dbdde
45796
ecacb
ecaae
97285
87733
cfbcb
85710
42505
ceedf
31540004006
40200
82615
06281
06291
11494
00004500002870
ccbfa
15745
40740
45000034133
89417
89498
146650
99533
99540004006
69432
69494
82792
eeebc
45000034491
000000450002
89688
84000400637
20597
dabfc
ecbcf
ecbcb
dbbec
dbbdd
dbbbd
45000034741
dbeff
dbedb
dbefb
ddecd
ddeac
82486
acfed
bdeab
45890
45000034246
45000034228
99640004006
affcc
26610960
43628
daebc
73356
85240
94000400685
dffee
afdff
62712
16469
16487
65340004006
06989
11920
34000400637
fbeeb
1724579
bfdbc
babdc
80710
8010055943
8010055993
ccfda
45000034645
45000034665
bffec
eddffffe
ededf
16141
efdae
fbcca
bafae
eccbb
08034
7567752
ecfbb
cbebe
6938010003
fabdb
727991609850107
44000400645
9850100
30231
edfcc
00000431
34610
42688
335010
313450001
34739
46540004006
92285
37515
91493
464696
bfafe
20997
15397
22240004006
70200004
14000400601
14000400692
31635
4000380686
45000034984
94780
74000400617
51740004006
79761
64000400642
64000400687
54000400617
54000400696
4000520602
52560
13262
83499
66999
654891
17791
4873341
8010028
91111
bbdefa
24584
bbcefe
00010000000000000870617373706
35270
1875886
9843458
bbaefc
71679
ffffebac
62490
090402080
27224
884401
14776
54240004006
000037067
54640004006
3910050
537991609850107
13181
52194
ffffefae
022450005
0050192
effffecf
801001247
004715
4500008910
4500008916
4500008951
000000000373726305686
5727665722
2501806
4500009047
350180610
0000400032069
000001703030
940003
000100050000000007656
010000010000000000000273380272720369746302636
9400080068
dfffffee
5005055
0000400033118697
338029
4500009015
498308204943082037
8010002068
888064
345428870
ddbefa
080100080
950800006
05026800005
0000032067
4500009003
000100020000000003696
946546
afbafe
681548
313635
104189
426500003106
00010000000000000373726305686
6563801000
00004000380691
213395735
05026800016
50102154
15161132
3234303232
79461153
400027060
4449825
845533
54560053
05778952
4010303090402080
000100030000000003777777086
100509864
45886801000
6263652
0200004803030
10018457869660000456005
330050072
90263967501
303130303030305
7971514669
170303030300000000000000
06433575450005
226945201
41027066987
0801106
0400036067
10004
100035002
21703030021
28010313
3000049
3801802
3400033061
3400033062
3400036067
38011060
445000037
48018004
4400035065
58018
545000092
545000562000040003211847
545000562000040003511864
645000562000040003511868
645000562000040003511864
68011056
6400032061
78010004
71703030021
7400034068
7400035063
700000000500400008
8400031064
8400032061
903030
9400032061
9400033067
9400032062
0040003206
00980
00969
005010001
00379
00323
00309
0100006
01738010015
0000927
0000978
0000923
0000948
0000953
0000679
0000729
45751
ffadf
80632
bbffffdb
06054
06656
06368
06960
06156
06108
06761
06624
06679
03096
03377
03842
450000779
83317
838201
cabfe
01075
97217
97932
9700501
000001110
cebed
ceada
cefdb
cddcc
cdafb
05005
0555010001
34004
34410
20817
20400040061
decfc
deadf
0060101
1700001
69366
69443
50400040063
50772
424500008
42157
cafab
3340008011
33400040068
33595
15005
1540003606
15121
15955
87996
aabbc
aabbd
1617030301
16336
82842
82326
ffffaac
960100
96628
96164
002248
40004006160
850107
8540003606
85037
474500008
47380
47801805
35801000
35617
35628
35497
adabf
cfabb
65801003
65400040063
404762
12801000
1240003606
86288
86617
77000045000028
46801800
89801805
cbfee
cbffd
cbcac
aebeb
aecae
aeeef
fdffc
1140003606
1130000
92400040068
92152
62000045000028
84359
dbfeb
45000034626
45000034970
45000034373
45000034330
45000034654
45000034358
45000034764
60400040063
60429
3140000
31995
31925
311662
eeccc
eeaae
eedbf
eecbf
55126
dfbbf
dfcbd
99436
99375
9903262
030346
030392
030322
030314
030352
6740003206
2740008011
41400040063
8817030301
914500008
91465
fbfad
fbcfc
fbfaa
2640003206
2617030301
26300
26667
24400040066
24051
2501105
254215
94801805
9440008006000083
94463
fafee
75380
75617
ebffd
ebcbd
ebafa
ebcdc
4440003206
44317
efafc
efcba
214500008
21459
2140000
76400040065
76133
288010007
28450001
2800007
edaaa
57400040067
57168
57447
61852
bfbea
01150
0110050
bafda
22002
2240008011
bdaee
bdfff
64400040060
74400040060
93860
93170303058500000000000000450005
93896
93161
affffcaf
affffbbc
affffcae
02000045000028
66004
6640003206
66400040063
50112
50189
501695
00003816
9817030301
98854
00190
51400040064
560017
563810
38801800
38466
68468
723133
71861
09630
43400040061
1703030062
07879
07900500
4500008468
5940003606
0940003606
73776
73998
06584
06575
2980100020
53832
1840003206
18699
78002000080001
ffffecec
87027
bbdaad
4500003058
40004011301
40004011896
6164345
976805
03026
900004500005
4000340657
20239
80180189
80180155
debac
44248
ffffdffb
83047
83048
60111
90295
90226
991601
50100040
45689
65612
10641
3000066
300004500004
2000080
2000060
200001703030
7000064
700001603010200010001
700003711
acebd
4500009124
4500009365
4500009155
4500009107
5000020
4958323
28800
1000086
bcecf
bcebd
90312
23463
fcfcf
63200706
40004006546
61785
15820
06093
40004006290
4500004245
30020
30040
45000034590
45000034530
45000034581
9050100400
36536
acbcb
adafe
4000380699
feeff
feeae
40004006133
ccdfb
abddc
87517
86043
ccaee
aadbb
090677
deeaa
abbad
17480
fcabd
fddae
96233
aebdd
70688
fffbc
16560
47524
bcdac
84140
45416
69020
81439
eaaac
96020
47334
473906
ffdfe
68540
06631
06664
45550
23388
06795
067454
aecbbc
11146
11195
87289
87239
91246
69277
89290
fafca
47484
afeffffe
ecdfb
45720
86797
87722
10700
10717
39591
39554
85795
aefbb
8010007767
85540
85930
11216
40270
06255
11438
00004500002839
ebebbe
afacf
06896
91740004006
40782
bfbfb
cdedc
45000034198
93340004006
11311
85131
96522
eeddc
69484
47680
47660
25634
ebfae
115010001
11503030012
faeda
89639
11640004006
11685
84000400644
20540004006
20524
ecbae
45000034022
31445
42738
dbecd
dbecc
ddeeb
acfaa
acfbc
bdefe
bdeae
12282
84886
45000034291
45000034224
4341526
94000400680
94000400687
50285
8010007634
eadae
802208010015
edbfd
edbdd
10099
accff
06997
06990
eabde
34000400651
fbecf
fbeae
fbefc
bfdca
63743
8010055961
8010055978
8018055923
ccfcd
fbfab
5954689
725427
0000945
bdbfa
80180602
45000034635
45000034686
16197
16110
21070
21043
efdbe
96680
23252
35517
75662
885010001
cbeec
bccbb
69350
bdfba
bcfbb
44000400631
45320
30292
00000441
34640004006
fdcfe
94382
33570
31320
910783
48095
fffffece
33087
38248
03730
32620
83577
83560
81640004006
89040004006
70240004006
14000400605
14000400687
84797
24000400632
24000400616
41997
83285
45000034982
66640004006
99320
99384
76748
74000400696
74000400675
83140
50101340
50101178
64000400671
99728
52790
54000400687
54000400695
30710
65400000
74515
745010111
982005037
515343
41679
17684
567991609850107
38623
3863301
91144
bbdeed
80884
56540
18755
5098010003
29718
297991609850107
39240004006
08713
18267
78192
547332
59717
bbbbdd
711936
bbedaf
78203
23717
237991609850107
19255
19218
981913
5010064
53740004006
00001703030491
521695
ffffefde
02370
50110083
193055
63840
4500008903
4500008919
0050010
0170303005
80180027
0001000200000000046773733008626473746174696303636
ffffdecb
00010000000000000677756
850182
801806692
6901376
6901356
98010093
18010093
40018
bbfedc
0034000040003306
0000017030303
3066310
010000010000000000000273320272720369746302636
4508055
45080471
01000001000000000000067572616
8801017
4500009067
010000010000000000000178026
8400080068
effffcd
202550
4400080060
5801017
510058
3736383
4500009014
903032
17030340182
000210850000321
950800007
950800008
950800009
05026800006
05026800007
05026800008
05026800009
00000000000000000450000284
00010001000000000677756
726570
25010074
010000010000000000000264360473696
1303465
7005056
914630
0627821
4180908010015
4269201
edcfdc
966650
4006551
990331
6164358
036516
367760096041778
7265732
05026800014
05026800015
3834178
8000034062
950800014
950800015
950800016
9287608
bbbbfad
2541502
00010007000000000264360473696
2060100020
004560051
010000010000000000000273310272720369746302636
716014251
69130438010003
589001028810
08007908
0500304245000373
6164647204
7375676765737469
880100501393
980948094004809480
3234303232303130303030305
07900500915
0400033061
0801807
0400034068
0400033065
145000028
145000037
1400038062
24500023
28018004
245000562000040003511864
20068
2801015
3801105
3400033065
445000562000040003511864
5400036067
5400035063
645000092
680180202
600000000001030306
6400033067
845000052
8400033061
98018
9160303005
980180202
00862
00400040060
00861
00400040063
00107
00894
00404
0160000
0140008011
0117030301
01355
0000949
0000743
45909
45504
45850
4577924
4540008006000083
45943
ffceb
80974
06805
06012
06895
06876
06170303058500000000000000450005
06923
0650100400
80115
03780
03351
030620
83450001
cacfa
caeec
01086
974500008
97400040069
97275
ceafc
cdafc
cdefe
05461
05400040069
34880
34636
34746
dedfc
00638
17400040063
10780
10400
108010004
69946
69467
50800
50400040069
50752
42758
33935
3250100
32260
1517030301
15011001
aadda
1600005
16009
82280
820000000000000001
ffffcfc
009741278087
96495
9640008006000083
96398
960396
40004006012
40004006994
40004006179
40004006574
40004006757
40004006518
40004006729
36461
85932
85763
4740003606
47495
47649
35636
35361
35018056
65801006
65400040069
65772
65993
650102
408736
124500008
12102
86002
86685
77630
77732
77536
7745000036
abcee
89400040060
895010001
feffff
febea
fecac
feeef
aebba
fdfdd
fdfec
fdcdf
11306
11400040068
11807
92865
95595
80100175
37376
3750100
62565
afbbf
afbea
afcbd
84880
84968
dbdfb
dbcac
45000034657
45000034972
45000034802
45000034858
45000034361
45000034163
45000034752
31305
310000000000000000
3133303
eebef
eeffb
eeaed
eeeaa
eecad
eeeeb
55454
dfbcd
dfcad
bcbed
9900003
9917030301
99107
eccdd
030343
0303551
2717030301
27694
ddbbd
ddabc
41900
88657
888906
88861
9140003606
91435
914640
919601
fbcaf
fbaaf
26801003
24170303058500000000000000450005
2500001
25495
25461
25854
25350
94801000
9430000
9417030301
94827
fadeb
fafffffe
75450001
ebdcd
ebddb
44865
21400040066
21400040060
80100027
801000935
801000810
05750
05740
057906
289783
39456
39332
5740003206
57947
578575
619450005
61417
61507
bfbbb
bfbec
bacec
22213
22272
74450001
23400040062
0240003606
02905
66300
00146
54202
54699
5117030301
51801805
56007
56400040067
7200001
7240003606
72055
72051
71450001
7140003606
52000045000028
52945
43891
4940003206
07891
4500008860
59450001
59801003
0940003206
0940003006
73068
065386
19344
049517
79400040065
1300004
18400040063
188010056
58400040060
004871
004838
ffffecfc
bbedfb
40004011915
40004011435
40004011917
40004011412
0000400051067
8008010015
45000192
450001362
97617
97636
80101825
34060
4500006015
4000310616
4000310622
45910
69664
817096
900001603010200010001
805906
559337
34540004006
442427
442775
442324
45024
83049
90051
601466
4000320680
924906
00000314
00000319
98068
3000071
4500009174
4500009152
4500009121
317176
31765741
9834657
45241
4520003
4060000
40602
1000067
1000076
100003711
1000017030340180000000000000
fadbc
80670
40004006570
aaecf
40004006790
40004006255
30030
45000034515
45000034574
45000034568
abfbb
74662
40004006610
00000000000000004
40004006088
aeefd
adaff
81565
05610
40004006188
ccdaf
ccdba
abddb
08340004006
deedf
deeda
93234
82081
17447
fcbae
fcbdd
96225
73240004006
ddbdf
475906
86446
bcdde
86141
aeddc
06488
eaaab
97042
10241
03200
bcaba
97190
97192
06641
dfeec
dfeda
45510
45586
45537
97445
93573
06142
dfacc
82550
82544
84497
06786
86665
11105
69562
87282
872906
89225
fafcb
97735
97721
cbdaf
87646
fdbdf
10987
45742
ecaab
ecadd
86765
97296
97247
9728650
41465
82990
cfbdb
652160
ceeda
bcbcc
99250
99240004006
33415
846127
dddae
50576
5052198
dfccf
45000034184
89436
00010004000
70044
69403
2030000
31040004006
eeedd
faebb
faecc
45000034497
45000034499
84000400645
9468895
ecbca
20040004006
ddead
ddeed
acfeb
925891
bdeca
bdecd
bdefd
bdefa
45000034285
45000034212
26688
434016
daeba
81350
dafbf
94000400637
cbbed
dffcf
82392
adebd
92789
9278010003
01561
eaddf
eadda
00000255
15600500
fbbcc
baaff
ddcbf
eabfc
fbefb
bfdae
faadd
babde
25544
8010055914
8018055961
595010001
bdbda
43233
bffee
bffdd
bffea
eddae
0000320688
77582
77540004006
125010
16150
ddfdc
efdfa
96631
ecfdc
bcccd
fabfc
41560
dacdf
2350100400
79577
30215
edfca
bdcfd
17586
76573
edaca
bfccd
33530
31350
46528
92216
83681
8360000000050040000
33076
38275
83580
14000400631
14000400624
14000400676
24000400605
24000400651
24000400656
50750
31640004006
7784528030
000040003311858
74000400669
74000400695
33105
697991609850107
22501000
05289
22737
4000520630
445010007
95250
04000400689
11092
95605
63374
38628
04049
88628
0750101
6650100
bbeace
9840000
2161303465
78141
28540004006
56078
58666
0859559
60628
60604
14219
000037063
09772
01000097
48420
484691
25291
6050100
0050388
00000000046
44169
7598010017
59817
5648010003
043450005
dffffeca
004706
528450005
4500008945
4500008969
4500008937
2020202020203
ffffdefe
0000170302
4500009040
4500009044
4500009021
4500008670
00350039
28010093
14030300010116030300287
6964450005
363646
00000100000000000002617502666605617661737403636
457446
656433302
550100027
0000010000000000000567616
1801000203
036380100041
15010004
74500001
0000400033118637
49599448
2801000205
0000170303048
8010002067
8010002019
873612
426700003106
3934301
17030320180
0180083
000100020000000001730373736
4500004000004000331189
7072696
05108010007
000100040000000002617502666605617661737403636
6986346
1415338
060105050701010431
31203230304560041
5638801000
450000340000400036068245
0001000100010000016
47261636
35850864501000
967608010003
03037303030305
000100050000000005617374726
309320005029
58468612
0001000300000000037068730474616
859865010007
2161303465656433302
04500056200004000321184
08018004
11703030021
10029
100350028
2160303005
29765758
2400034068
2801105
3000038
30008
49765758
53106
54500022
58018006
540002606
645000028
7400033067
800013
81703031
9170303004
acafe
ddfbb
01030
0000829
0000904
0000749
00000065
00004000401159
4540000
45893
ffdbd
8040003606
80400040069
80450805
80898
06400040069
06961
06450004
06372
06719
06749
03400040062
450000757
83000
8340003606
8370000
83300
83995
83897
831031
97801805
97172
97153
cefdd
ceaeb
cdced
05450001
0500503
34980
34476
34996
34195
deaac
defdb
defec
0060000
17312
17505
173485
69026
69860
690006001932616365333032333
42650
4217030301
42801805
45000334
90962
90405
90424
33868
33112
33458
32628
32905
32246
32002000080001
87334
87029
870301
aaffff
16825
82039
ffffabb
ffffbdd
ffffbbac
00978974
96345
96467
96396
96100
0020000
00206
00258
40004006954
40004006319
40004006258
40004006718
0001128
363138
85805
85485454502
85751
85011001
47452
4777924
4740008006000083
35305
addea
cfabf
cfaea
cfdfa
659759
30910
12312
1277924
8670000
77146
77431
46008
abaef
895010002
cbcbf
fedea
aeffb
fdcad
11971
11969
11832
11329
cccac
9250100400
95170303058500000000000000450005
95255
70917
70733
70990
801008886
37351
6240000
62400040066
62834
afaaf
84349
84153
84955
840047
81800
810100
81504
dbdcd
dbaec
45000034708
45000034124
45000034035
45000034408
45000034949
45000034954
45000034038
45000034768
45000034709
60400040067
60869
eedcd
eeffc
55801805
5562689
dfaad
dfabe
dfadf
dfced
dfcde
bcbba
acbbb
eccbcd
03030050
6740003606
67117
67399
27917
27810
ddcdd
41400040069
88126
914430
fbcef
26400040066
2440478
2530000
25400040060
75676
75400040062
75365
75400040066
7501105
ebfbd
0050909
0050803
0050441
80113
dafdd
4400005
44492
efbbe
efcef
21010
21317
21428
214662
801000877
801000729
28000045000028
3900005
39400040062
39868
39157
3940008006000083
578010007
5700005
61450
6140000
bfaae
bfcad
baded
22384
bddfa
bdced
64995
64949
94250
74801805
23708
23400040066
23951
93400040063
93887
93979
affffbca
1400003
14400040066
501492
98111
00140
00131
4840003606
72000045000028
71002
716906
52400040066
52400040060
52104
43456
438933
63400040069
63165
07389
4500008841
4500008904
59400040064
59862
59868
09400040067
5340003606
19400040062
04400040067
7900004
79463
13000045000028
0050077
0885881
78400040062
801000724
87074
69110
40004011406
40004011941
03617
80046
20417
30050957
30050951
000000000000005
45917
00970050814
cdbfa
8056436
20210
20282
80180040
80180049
90080
60155
90910
50437
23040004006
30694
50100087
50100086
340906
10632
3000093
200004500022
303455
883001
7000088
aceab
aceaf
450000969
4500009170
4500009160
6000092
5000054
98340004006
45220
ccede
1000054
46136
23440
fcfca
fcfde
fcfbc
fcfda
89068
33670
40004006561
61793
617803646
40004006735
4500004229
28040004006
cffbf
45000034534
45000034541
45000034588
ecedf
eceac
ecedd
ecefc
40004006492
85400
4000380625
8150100400
0000820
abafd
40004006136
0000670
0000784
89526
abbab
ffbfe
16041
fddbb
96236
aebab
47516
47537
bcddb
62637
0178010003
deccb
bfefe
86597
66782
10240
10211
47384
efead
efeea
bcadd
472906
472268
40004006842
dfeff
82581
170303004600000000000000
84441
777744
93733
fdfdc
fdfae
69528
47486
97785
97744
dbccf
fdbaf
47798
45755
60015
849301
82200
85733
85712
31587
3150100400
06247
03986
15760
40722
50533456005
45000034120
45000034196
45000034192
93445000430
87396
81205
14628
cdddc
96580
96565
81840
eedbe
53628
203906
11561
faefd
00000015
00000039
40490
40482
84000400696
84000400631
2050100
dabde
dabab
45000034084
dbbfe
dbeac
acfea
92545
84882
99610
afffa
fefacd
73375
eebdc
94000400694
adeab
afdca
92750
92735
01540
42886
8010007687
00000265
fbbac
baaea
acccdd
dfdad
ddccc
eabca
eabcc
eabdd
34000400635
34000400626
fbeff
fbefd
fbebf
faafb
badda
fdeae
80740004006
8010055956
84040004006
43230
47137
eddde
96105
73593
12580
12567
88918
726194
34987
97920
bafde
080450005
88540004006
00000423
69311
89911
41580
41503030012
bacca
44000400624
67700
bdcfc
027991609850107
fdcbe
91085
37517
37537
45000034884
36734
03720
83545
77711
70299
14000400675
14000400656
24000400647
31643
83270
83269230
77881
83988
94796
955010
33242
74000400626
65990
92390
83132
32220
50640004006
50101452
797991609850107
64000400669
05241
61246
71559
7150101
36603
41237
83440
35684
94137
75073
01809
17741
63389
03440
48785
2450100
78741
78677
78627
73477756
59273
22687
13735
087991609850107
497991609850107
58288
9598010015
68741
14072
16969
65884
237172
54040004006
019007
484698010015
0050373
55040004006
09268
2707604736
0050520
0050582
58140004006
801001244
801001228
4500008905
4500008912
4500008927
079010
4500008720
801806696
9501004
1465305
000017030305908
4500009137
501800217
501800215
2801004
280100124
48010096
000045000208
940002906
00000000000000004500002827
50101195
effffdad
5400036065
911601
00971466814
bffffdad
324605
650100022
3801000206
efffffec
cffffdfb
4500003047
4500003070
8801000201
00022200027
17030340189
6005051
05010057
8001657
06010505070302
981756
eaabcd
051523
437758
47970653
62062308
342525
00010005000000000567616
818788
40478010003
40006001937353537626230623
7225100
3354657
5127921850
885590
686434
4114456005
07032983
400051067
4528002800004000400683
00010001000000000663616
0000450800780
00021041000032
40527926
74146996581
671146690
3018060355040
173163167
73477756456005
09916
145935
10078
100011
145000239
2400033067
28011060
2801005592
38018006
3801014
44500024
4400034068
440002606
67780
600013
70035
7400031064
7000003206
74500043
8400033067
00207
00819
00572
01956
0000708
0000955
0000707
000016030300620200005
45450001
45259
ffdcf
ffdcc
ffcae
ffbea
ffcdd
fffef
06975
06652
06462
06344
06758
06764
06675
8017030301
03746
03975
03462
83790
cadca
cafff
caddb
cacfd
cadbd
0105000382010
97801800
97952
9710000170303002
cefed
cdebe
05817
0590000
05995
05913
34736
20850
decae
dedfb
17380
17747
17555
176838
104500008
69400040069
698018015
50200
50703
4200004
4240000
42280
42400040069
42704
90217
90929
33317
33912
33930
32880
32725
32262
87002
aacff
16628
82900
82300
9600004
96325
96465
96375
00254
40004006776
40004006014
36400040062
36801805
36400040061
854500008
85852
8540008006000083
47627
35450001
addad
cfdcc
30430
309636
40405
4080100170
12122
12887
86696
77667
77703
77192
77002000080001
89695
cbadb
cbffc
cbfda
fedba
feeee
fefba
aecde
fdbea
fddda
11854
11474
11894
92158
95400040060
95386
70939
709612
acdfd
37306
37400040063
37334
37436
6240003206
afcdd
afbbbc
84010
84300
84801805
84155
84864
84865
81909
81463
dbffc
45000034450
45000034012
45000034867
45000034256
45000034879
45000034127
45000034963
45000034322
45000034919
45000034308
60801006
60410
60400040061
3140008006000083
eeaacd
eeaaa
eeaba
eedfe
eecab
eecef
eefbb
eefcc
55801006
5570000
55018063
dfdcb
dfbec
bccfd
bccec
99400040061
eccaf
eccad
eccbc
03030303
67547
670000450005
27495
ddadf
ddcde
41980
41396
4140008006000083
3017030301
91987
fbdef
fbdbc
fbafd
26007
26400040062
26400040064
2440003206
25980
25400040061
9400003
9480000
9440000
fabbe
fabbc
fafef
75765
ebabf
ebdbd
ebcdaa
fcbba
fccde
fccbf
0050799
daceb
0000000013696
44305
44000045000028
efada
21492
edadd
edcdc
39395
57400040066
61801000
61477
bfdea
bfcbf
01120
2240003206
22400040060
22400040063
bdfdb
bdfed
bdfec
6400004
64008
6498265
94247
942781
23400040061
9345486
02000505
14400040063
14996
501817
00141
54400040066
54152
5140003206
519005
68002000080001
48400040069
72002000080001
71980
52450001
52973
4300004
49801000
494500008
49400040062
49400040066
49002000080001
1703030073
63400040060
4500008973
4500008458
59855
09162
09414668
73002
73801805
53004
79450001
793077
005005021
18165
18476
5840003606
780001
784500008
00400504
bbbdcb
450000399
40004011347
40004011369
03680
80044
450001368
68361
05482
90140004006
8010196
4500006155
4500006052
450005628
4000310655
45989
cdbae
dcaefb
4000340646
4000340614
35067
20246
00004011603
44288
00005151
83070
57340004006
90917
00000300
cbcdc
50494
4000360613
7018010017
501000830
501000837
45641
106906
10613
3000063
300006001932616365333032333
2000086
30305
4000060
daabcef
35767
4500009362
37664
6000071
fceae
fceba
cfecd
cfebe
cfead
40688
90372
bedfdd
65769
65791
61771
470906
58361
06091
06098
40004006730
0128010015
adbae
30080
45000295
cffcd
45000034547
45000034592
45000034561
45000034522
45000034598
eceacd
90570
40004006417
86203
86236
86246
acbac
85435
adacf
0000882
acaaf
feefa
875001
4000300650
0000700
0000728
0000738
86812
20670
93219
ffbcf
15447
16089
dadbc
dadda
96289
deddb
732383
fcdec
fcded
62603
84112
841906
45445
45446
06497
eaabb
86587
efbcf
defacd
addab
dfefb
97420
82514
1703030075
06735
06792
450000712
11181
692906
fafbe
cebdb
47416
97738
ecddb
ecaea
86717
41417
41446
10765
65225
42560
42531
85547
82689
06292
06241
06226
ebeacd
ccbaf
32596
33410
89115
03940004006
dddaf
06887
cdecf
93440004006
14605
06386
69436
69481
84391
82793
baeae
85641
febdf
faecd
faeae
faedf
faefa
45000034445
89640004006
84000400662
84000400661
84000400666
dabda
20082
45000034040
45000034075
31403030001011603030020
ddafd
45000034781
dbefc
dbeea
ddeaf
925657
45000034239
cdfbe
cdfbc
85236
85246
46797
94000400645
94000400696
94000400646
94000400626
94000400666
dffae
82311
12040004006
adeba
adeffcf
16660
cefab
39628
15620
edbfe
fbbda
baabc
65382
dfdde
ddcfe
06941
34000400640
34000400612
34000400653
bfdde
faade
fdebe
ccfbb
ccfab
0000986
bdbae
45000034620
45000034644
45000034661
edefc
77525
49241
94502
16181
36070
efdaf
87990
eacbb
96639
12710
3556610
bdafd
65517
69382
bcfcb
44000400605
44000400635
44000400677
45000034390
30290
75540004006
bdcca
edacc
42620
6350100400
095450005
888801000
33020
025010
26240004006
20984
92680
37445
14000400635
24000400617
24000400636
24000400699
8398010003
95598
767991609850107
33240
74000400685
6598010003
69716
69756
64000400645
64000400635
64000400612
527991609850107
37220
71503030012
07751
897421
44567
38556
91663
04000400686
6028010015
57740004006
42920
1770050
2138010003
416450005
70782
49640004006
68617
187429
265010007
68294
26907
287801003
137991609850107
72079
78986
620861
070767
08240004006
140801000
08540004006
004885
49135
58987
0050333
7398010004
73140004006
23141
2314668
7598010015
bbcddb
ffffdbdc
043456005
78842
4500008929
01000001000000000000026169026
01000001000000000000046665656405626169647503636
801009971
4500008773
696361737
4500009075
4500009136
005120
28010096
50000020404
0000400033118597
4500056428
00000000000000004500002852
36858518
00000000000000015
3801000201
3801000203
00004000340676
0000400033118660
964079
4500009012
903038
bffffbb
95010077
308205383
8010002058
8010002034
00000100000000000001730479696
501806104
765795
010000010000000000000377777705
005097314
00000000000000450000567
426900003106
170303201883
000100050000000004706
955662
334542811
6972929
6901206
7027308
801806697
29468010004
44114450005
2935301
78893172
767639
987394
0001000200000000056475736875016
000001000000000000056475736875016
26432046
61603030054020000500303
77696474683
0800063455
204341301
170303029500000000000000450005
14902148010015
005089778
000002707604736
630050680
6265656475636174696
48293262539
41471089519824456001
64982658183
30820538308204
045935
0801105
0400038062
13506
1801014
18011056
240002606
3400034068
4400032061
4400038062
51703031
6400034066
6170303058500000000000001450005
76900
745000052
70004
745000239
700350026
816030300500200004
80028
84500040
9801105
9400031066
01114
0000922
0000702
ffdca
ffbec
06400040064
06151
80117
80102612
450000466
4500008501
83706
cabbb
caaae
caffc
978010060
ceddb
cdcaa
cdffb
0540008011
0550100
058018015
05986
344500008
34766
204500008
debee
deaaf
deeee
170964
17926
176371
69628
50400040062
42065
42345
42305
42736
42315
42246
45000432
45000367
45000384
90801003
33032
33946
32400040069
32763
15717
87801805
87395
16650
1640000
16280
166838
82017
96477
96871
40004006773
40004006428
40004006619
36616
3640008011
47813
47614
3540000
35400040068
35396
355010001
adacb
adcee
65445
30442
30400040069
12915
86035
77217
7740003606
7770000
77400040063
77795
46420
462341
89942
89400040068
89426
fefee
fecec
aecfc
fdfea
fdcaa
fdadd
11900
11995
11443
ccbea
ccced
cccab
920100
92450002
92400040069
92706
92927
9570000
95400040069
95435
70460
70755
acdca
6250000
6217030301
62400040063
62271
6250100021
90668
84800
84422
814500008
81400040068
81000045000028
dbdeb
dbcee
45000034460
45000034402
45000034407
45000034973
45000034945
45000034991
45000034419
45000034177
45000034253
6040003206
60801805
31456
31932
eeaee
5500004
dfaacd
bccbf
eccae
67400040069
67550
278010008
dddee
ddcee
ddfef
ddffffc
41002
410035002
91410
91849
91916
fbdeb
fbffffed
264500008
24359
25400040066
25395
94885
944542
75722
ebcaa
ebdae
0050921
00509136
4490000
44882
efbef
efced
21055
801000217
7640003606
76692
7665723
05780
2800005
28468
edaea
39801805
39174
39885
611501000
bfdeb
bfaee
bfcdc
bacac
2220000
22400040062
bddcb
64334
64170303058500000000000000450005
64952
7440003206
74400040064
23887
9340008006000083
02976
02400040064
14400040068
66000045000028
668010011
98007
98400040063
9840008006000083
54450001
54696
510079
56862
68165
72398
7205010003
7140003206
09640004006
528018015
43151
1703030072
4500008824
4500008967
59400040060
73400040060
739270
06516
29000045000028
1940003206
19400040061
19122
19178
1340008011
13400040069
13175
138010011
0050569
08176
18002
18400040067
18801805
18400040060
18000045000028
78005
78468
00406
004837
ffffeabc
bbbadd
87045
87080
87092
40004011817
40004011862
40004011387
40004011489
30050995
05485010002
97603
450005627
00000000000000010
20140004006
69645
00970050969
80506
8000017030303
80000160303004
202696
82193
345456
345010007
debfe
44240004006
44253
4000350628
83080
90030
10130
90947
50481
450000400000400032118
4000360666
70125
dccffffe
50100080
3000034
3000077
30320
30333
acefef
4000017030303
daaef
35725
4500009164
37640
6000096
50000160303004
98377
45216
69009189
fcefa
cfedf
caebc
bceca
bcedc
bcecc
88074
fcfea
33680
40004006596
40004006524
15884
aaecc
aaebc
47092
45000034595
45000034557
abfdc
62840
74745
74716
40004006435
40004006071
37761
0000884
acaca
acaeb
78057
875801003
4000300697
4000300623
73688
86897
ffcbb
abbde
abbba
ffbaf
70686
ddbff
ddbca
ddbacd
16510
47577
bcdea
86100000
69080
06420
eaaef
abeab
abefe
abeee
defaa
defac
10270
10228
ffdde
ffddf
685504
efefd
47291
47298
971906
06646
dfbfc
91506
84251
06184
594204
84417
84440
06740004006
06791
06723
11100
11190
11112
97740
97739
afeec
ecdbc
47716
45784
45726
9005036
1703030222
82216
20781
20700000000000000
93640004006
85720
4258010003
ceeaf
85584
bcbab
85920
82680
11434
11493
84640004006
afafd
03930
00004500002882
06812
16735
15750
15765
15731
40727
4070050
45000034194
93472
87350
11390
37310
37394
400172
eeddf
536432
11580
ebbba
45000034447
90417
11609
84000400601
45000034080
45000034094
dbbfa
ddeff
925010
fbdac
affec
26689
4348010017
2020201
daebf
daebd
73340004006
eebaa
eebab
46782
94000400615
94000400692
94000400625
94000400607
dffaa
adede
39657
8010007610
fbbcf
fbbee
dfdaf
34000400605
34000400669
34000400675
faaaf
faaea
fdebf
8073524
80100161
801001677
eafca
8010055949
bddde
bddac
bdddd
5950100
80390
45000034669
45000034646
45000034662
bffcd
47110
edeeb
96181
12530
16147
ddfcf
ddfbd
34990
efdbf
bafcd
bafbf
75605401
ecfcb
cbeee
65540004006
99150
69369
bdfbc
bcfdb
44000400632
44000400689
44000400676
edfaf
edade
bfccb
3003506
05541
42687
20869
33590
88897
88816
fffffefe
00981
91403030001011603030028
efaff
32688
835219
53560
14000400686
14000400651
24000400695
45000034981
77280100041
74000400671
503891
33110
40920
40986
99740004006
9978010003
54000400647
54000400626
37245
37242
525010002
07711
4438010003
91612
98628
04000400685
04000400675
04000400607
83490
13358
577991609850107
75087
038124
98244
449454
14585518
99024
38940004006
ffffffec
70497198
6861530
187991609850107
787991609850107
787771
769827
08000622
59735
620464726
625010
62540
29628
01006105
54234
27537
51040004006
04604
39140004006
55239
681450005
501028
63946
4500009210
549002
0050686
bffffecb
59391301
4500008946
0036156
501000203
00010002000000000473686
00001703030179
4500056400
95018008
4707909
696361697
4500009078
45000220000040003311
003500302
480100168
14030300010116030300289
00002668
180100170
696406676
caaeaf
000600215971693054677737435868594500004
0000400033118695
140003
1801000201
780100081
17030300320
648354
90000020405820402080
4500009013
903035
bfffffef
bbbddcaf
963424
0005000000018
0005000000019
00022200032
0200004603036
02467986
1620991
acafb
45048010015
975380
42378010015
45828010003
0001000200000000016505626169647503636
666650
4933638010003
85018111
676256
400027069
747261636
78138010015
98667071
947277
0911101
6373702
665981
009734542820
0100000100000000000003777777026
010000010000000000000377777705776569626
51466124
000100000000000007686973746
38615544
3237303631303130343633395
69636505626169647503636
042300004500004
000001010512
757365726
64183457
0097340467
35558668010003
251466815
0100000100000000000002696406676
366052555
2349549319
9203282
914665656
6021071
00021040000032
2606168802
1516113227181
593913016369
696361697368
080180202
1459340210
1400034068
2003500
28011015
20029
3801805595
4400035063
545000028
58012390
59765758
61703030021
6400036067
600350026
7160303005
79765758
740002606
7801805595
93106
945000056
900350029
0140003606
0000848
0000807
0000699
0003500
ffddd
8040003206
805616
06342
06334
06891
06367
06318
06754
03110
83019
cabbc
caffd
cacdc
97485
978135
cedcd
cedcc
cebee
cdaee
05207
34942
34801003
deabc
decbd
decbc
006886
69474
69435
6900003206
50400040061
42801003
42975
425010007
45000436
90863
909992
32315
32635
1520000
15117
15853
1550101
1500050
87617
87861
87360
aafea
aaebf
1640008011
16477
16372
8217030301
82871
ffffdcac
96010
96870
96737
96422
00218
40004006058
40004006248
40004006752
36445
85600
85273
47406
47461
47915
35400040069
35890
3501105
addba
adfba
cfcfe
cfaab
cfbca
cfcfb
65676
65305
65395
30765
30943
40400040062
40915
40717
40995
12146
12735
77980
77317
773906
abccc
abdca
abfdb
cbfcd
cbdfa
cbafa
aedad
aefeb
fdcdd
11305
11400040069
11955
ccbbe
92971
921906
954500008
95717
9501105
95018063
70203
70735
acdeb
37450
37623
37177
62492
62608
90692
afcaf
afabd
84032
818018060
dbdea
45000034459
45000034478
45000034061
45000034168
45000034813
45000034966
45000034355
45000034422
45000034341
45000034218
45000034149
45000034073
31980
3140003606
31400040061
31342
eebcd
eefcd
eeefe
eeaac
eeffffff
55380
5540003206
dfdcf
dfafb
dfcfa
bcbea
acffb
99154
99116
99824
67305
67400
27400040069
ddfdd
41400040068
41405
88817
91985
91464
91957
2600003
260100
2640008011
26432
24400040062
25618
2530688
94915
fadec
750102
75018056
ebafe
ebcde
0050970
0050925
00507535
80118
dacbc
4400003
4440003606
44160
efdcb
efbed
eacad
21980
21801805
21154
801000473
801000489
76833
05747
28400040069
39000045000028
61400040063
01103
01110
011906
22932
bdcae
64882
64956
942906
2300001
9300005
9300506
1440008011
66817
984701
989770
00130
00137
0010000010000000000000
510000400035118
38400040061
6840003606
48801003
72940
726967
7100003
0960050
5200000000000000
52170
524532
4317030301
4900003
49824
4500008909
4500008829
065010
06521
29018062
00003806906
53400040067
19400040060
13400040068
08400040064
78907
ffffebbf
bbeccbb
bbdada
bbabbb
40004011436
45000028906
80037
20486
450000515
63293
68341
97660
4500006175
003506
4000330618
40182
000000000000003
45933
20173
90706
90765
00970050807
9000014030300010116030300280000000000000000
4000340673
33733
7906956
801800414
442357
4000350615
90040004006
90055
90265
4000320687
00394
50496
98070
30693
4000360669
4000360643
7010000010000000000000
34095
65682
88375
883069
7000076
700004500004
aceed
daaebff
4500009175
5000097
5000095
452906
41080
fceef
ccefd
48398
4950100400
bcebe
50041
5005016
23480
23440004006
23430
63200799
33600
40004006545
6178312
40004006797
adbcf
4500004205
cfffc
cffbd
45000034517
45000034516
45000034564
45000034553
eceda
30540004006
17095
74782
74640004006
40004006634
40004006642
40004006416
40004006494
86200050
0000886
acadf
feebe
40004006197
aadfd
89517
ffbca
ffbaa
900010000
fdddf
fffcd
dedac
47525
06490
06440004006
bfefc
eaafc
abeeb
defbe
96080
10290
dbfdc
efebd
03240
47270
97182
06689
dfedf
45560
82564
84416
fdfde
fdfaa
85040004006
11169
69570
47417
97717
afecd
afeae
afebf
87645000034
97577
975962
fdbcc
fdbdd
ecdef
477676256
45760
86720
87787
87731
cfbde
39501000
85705
85765
85755
42524
ceebe
aefab
dbaff
85546
85592
590677
40236
06289
11489
00004500002849
00004500002858
32526
3120323030456002
cedab
71744
00004500002820
87150
15722
91717
bfbcd
bfbab
89447
934101
70085
96586
96560
9654626
84531450005
47635
95026
31080
eeebb
eeeac
ebbcd
ebbdc
faede
45000034403
90436
90488
84000400660
84000400626
84000400671
84000400607
dabff
03590
20030
42725
dbbfc
dbefd
acfad
84885
45000034287
45000034237
45000034226
affae
fefdc
202020203
daeab
daeac
15246
85285
27640004006
92792
15185
8010007680
8010007689
8010007684
fbbbe
baaed
67045
16412
82886
06987
eabfd
11945
34000400601
34000400642
34000400647
34000400660
effdbf
babfa
25562
ebcbb
eafcc
8010055938
8010055953
8018055978
8018055959
bdbfb
471978
eddfd
77562
88740004006
40340004006
12510
ddfad
88915
bdacf
ecfac
96350
bdfae
bdfcc
fabda
81040004006
44000400607
9850100400
edcfb
edcfc
45000034387
1958010011
edfaa
17540004006
42610
fdcba
33520
33542
33584
31382
92250
37576
39392
83606
00911
69816
99431
77705
15916
24000400634
24000400685
24000400626
50705
66642
36142
160303004610000042410495
64764
33150
45000438
54000400692
37297
44490
43140004006
4000520640
4000520613
077991609850107
04000400635
04000400692
30787
307657
10580100183
88120
501809
5018067
14533
463114
17605
49630
26182
64288
ffffffdc
075010001
047991609850107
76188
0097003505
352801003
56537
56501000
98489
68255
7874785
78667
01030301
ffffebcb
569643
13752
50900002
29740004006
0000340623
56097
0708447
939888
197991609850107
14080
29282
29240004006
29256
2378010011
49140004006
14740004006
147754
28640004006
51240004006
bbbdab
38140004006
bbebffe
00000647
793906
2790050
22816
08840004006
4500003743
ffffdefc
450182
45000034000040006
470121
afffffefe
70073
00004000320694
5010071
50027
000040003311865
340003
800500750
7801000205
380100072
4500009069
8801000206
00004000350642
918396
40000020405820402080
4801000205
0000400033118642
0000400033118662
8010002062
5883801000
963660
00000100000000000001780000010001
17030340187
02404969
0011000010000000000002046484641454245454341434143414341434143414341434500004
991769
250100036
34478010003
8225410
5950172
000100050000000002636
47059242
4497709
4500003011
339596
704780100170
491700
000100000000000005746865746108736
31203230304560054
563880100065
5281303455
61888725
00701500
000100080000000001
000100030000000006737461746963056
0097003507
01000001000000000000026368026
434388010011
352893182
4955714668
2040570010104020103030
087699084
90803943501
4660050319704
400503717032
0000000000000000000000000000000000000000000000000000450005
034727233
32460584810
73927045
7874785365
0400056064
1801807
28018
245000056
20000032
2801005595
38010020
34500020
3400033067
545000562000040003511868
58018004
500350028
645000052
68018004
60004
70022
78011060
800000000000000450005
9400036067
00935
00426
00898
00948
014664
0000913
0000808
06337
0640003606
06170
06174
06400040063
06843
06016
06172
83255
8350100400
caffa
caccd
cadba
010482
97280
97628
cedbc
cdaeb
cdfcd
cddfa
3400005
3414664
2077924
deffb
17617
17812
175010001
10254
69470
69450805
4270000
42746
45000437
cafef
90400040068
3350100
33400040063
33937
33964
32840
15345
15801003
15806
15780
15995
15359
87842
aadec
aafec
16476
82866
009744
9650100400
40004006513
0001100
36400040069
36400040063
85495
85668
4717030301
47636
47706
35672
35018063
adaaf
cfaad
65400040061
65417
65361
30764
408010007
40780
1217030301
12107
86817
86400040068
86395
7760000
77685
46479
abdbc
abfda
fecad
aeaef
aecad
fdfcd
fddfb
fddba
1117030301
92442
92905
95246
95295
95985
acdee
acdea
37996
37235
62400040067
62159
62343
62643
90650
90682
81821
dbcdd
45000034036
45000034694
45000034790
45000034848
45000034156
45000034994
45000034707
45000034318
45000034674
60257
607809
31162
31359
eeefb
eecfb
eecdd
55000045000028
55436
dfadd
99405
99816
99832
ecffffed
030393
6700003
6750000
67417
67961
6720485454502
2740003206
27185
ddabe
41801003
4130000
41495
41377
41395
88801006
88424
30146
9117030301
91400040069
91395
fbfec
26400040060
26109
24450
24306
24400040061
25405
25717
25755
25468
94801003
ebdfd
fccfd
fccba
0050737
0050975
dafed
44821
44417
44171
44966
eafec
21977
21319
76630
76885
28400040061
28819
edbbf
edffffff
3900000000000000
39037
6140003606
619809
bfbba
bfcef
bdaea
bdaba
bdfdd
6490000
74204
74932
23452
934500008
02010
0240003206
144500008
14400040062
14400040069
5018117
98170303058500000000000000450005
00101050
5440003606
56170303058500000000000000450005
56369
3842494
68400040063
480001
48801805
71400040060
43127
17030319
634500008
63054
0717030301
07000045000028
4500008805
4500008806
4500008873
4500008832
0940008011
06576
2940003206
29368
29058
19450001
1940008011
04450805
04921
79325
78400040063
78000045000028
004802
ffffecbc
bbbced
450000385
4500003059
30050801
000000000000007
61612
97620
8010165
4500006005
4500006170
4000330656
4000310688
03087
030906
009700508620
9000060
9000088
cdbdf
80540
33780
20220
3807484
82142
82196
4000350606
4508351
90053
50446
70170303058500000000000000450005
11897
6566743
10640004006
3000062
300001603010200010001
2000082
30300
303533
acebc
daabf
4500009154
31720
6000084
5000071
65180
49501000
cfebc
cfeac
1000065
11750
90373
fadcd
783206616
fcfee
40004006726
12432
73717
cffab
aabfc
45000034511
45000034513
30500
5010098
40004006433
acbcf
40004006047
40004006048
85432
feeda
40004006147
87581
86077
0000790
ccaaa
8010002028
8010002098
abbcf
82075
abcbb
96200
aebcf
ddbae
ddbdd
864906
fcdca
cfdae
69082
aedfee
06411
66740004006
ffdbe
68505
adddc
efecf
bcabe
06684
45580
45532
45514
97498
84240004006
82520
06789
06781
11180
11193
11198
69503
69522
87260
69216
fafab
cebaa
cebad
afefd
97536
ecdbf
47733
47767
ecade
46020
82293
31576
dbafd
bcbdf
11241
35110
11431
11403030001011603030020
33434
eeacc
ceddc
afaff
89100
15739
45000034100
89480
14640004006
70053
9950100400
eaedd
85120
69420
53688
79040004006
84540004006
47637
47662
82750
02434
02433
11501000
baeec
baeed
ebbca
faeffffe
45000034415
00000048
96940004006
20059
31416
dbbdf
45000034787
dbebb
ddefd
ddebc
10469
45000034290
daeae
85260
dafbb
94000400699
94000400629
dffbb
dffeb
82385
adefc
16255
16225
cefbe
396465
92797
92762
8010007649
80250
dfdfa
06939
34000400616
34000400682
34000400699
34000400666
effaa
fbedc
fbeed
6379625
eafde
bddaa
8018055973
8018055908
803036
432226
45000034689
45000034660
bffef
73540004006
cbcbe
12596
12588
ddfca
29538010003
eccca
23230
65546
69385
bdfad
4155735
bacff
44000400642
44000400687
44000400696
7628010003
37542
46237
fffffedf
85390
83680
42290
13517
77612
bfabe
36741
89080
14000400680
14000400647
14000400643
69939
31628
99350
76784
74000400686
74000400631
74000400694
65900002
160303004610000042410432
40911
22540004006
64000400637
52793
45000439
54000400605
54000400667
575010001
38540004006
36290
41212
04000400605
04000400653
83497
38740004006
54540004006
44703
32040004006
4210809
74532
51535
46389
03130
49675
587991609850107
61562
32494
68640004006
51440004006
bbceffeb
27196
bbaeac
ffffebfa
39040004006
13717
ffffeccb
0800062
08743
2850100
28292
59792
49440004006
3692783
197450005
27749
14240004006
25231
005033538
757801002
48912
68940004006
ffffdbdb
043967
dffffedd
bffffefd
78815
56140004006
49840004006
00004500016
00491582
088174
4500008944
75000336
0097345491
45000028000040004006617
4500056415
6501004
6501806
0000150303
4500008609
4000530664
4500009150
50100100
45428480
6901306
690162701
69006989
14030300010116030300286
18010085
78010040
780100170
80000020404
40003411
65776966
040002906
1201438933
640003
640007306
00000000000000019
1801000205
8801016
0000400034068
01000001000000000000017308626473746174696303636
400029061
cfffffec
00101040201030305
6400080060
0000170303021
903033
903036
702000053030359450005
009734166622
000210850000327
9400033063
0200004603039
580100072
450004094
9255322
75010077
009930
053680100170
009115
455726
4662157
057041
813272
4500003013
154674
2217288
6576656
000100040000000002636
3000034062
9781356
88690000450000280000400040062
426300003106
000100020004000404736
885133
230418301680
00000100000000000006737461746963066
087684
72747302717103636
450800280000400040066
399108010017
450000400000400033118692
45000037000040003311869
010000010000000000000473746174016
000100030000000003777777057961686
00010002000000000373733005626169647503636
303545000179
6726565776966
687574762
613068010015
00010001000300030
55000000005004000088690000450000280000400040062
734458801000
00507713794368
02000139030359450005
68747470450004
8073524330
6726565776966690333363002636
045000082
0400034066
0400033067
040002606
145000092
145000562000040003211847
245000089
245000052
24593404
20008
2400031066
3400035063
545000089
54500023
5160303003
54593404
5400033061
5400031068
5400031063
5000000000000000045000028
645935
64500023
7400056064
88010004
8160303003
92080
9003500
91703030021
9400031064
9400034068
900350026
00841
00304
00148
0150000
018010004
0000880
00004500007
0000774
0000579
000000352
454500008
45117
456906
45170303058500000000000000450005
45555
ffcbd
fffeb
bbaffffe
06626
80190
03012
450000378
8340003206
83965
cadea
caafb
caeee
9777924
0000011162
ceffa
ceaba
3440008011
34733
20476
20951
defea
decbf
0061159
17960
17871
17382
17801002
1700508
6930000
69842
698010060
69314
42400040062
42922
45000435
45000310
cafdb
90801006
33632
3330000
33628
33377
33156
33195
32932
32435
aaffe
16801006
16801805
820100
82355
82922
ffffabc
9650100
96400040069
96343
40004006448
40004006663
0001005
36801006
3640000
36317
3617030301
36195
85801805
35632
355800
adabd
addfa
addbd
65068
65400
65396
30727
1290000
1220000
12801805
12116
1250100400
86126
77010
77436
46492
ababd
abcba
abcfb
abcac
abfbf
8900003
89936
cbfcf
cbcba
fedec
fecfb
aebef
fdbbf
fdaaa
fdaea
fdcec
fdfba
11004
11154
113906
11395
92717
92115
95737
95628
95100
95018056
acdab
37417
37232
3750100400
6240003606
62400040062
62002000080001
906773
afabe
84980
84321
00000976
45000034466
45000034032
45000034977
45000034114
45000034904
45000034069
45000034349
45000034777
45000034363
45000034362
45000034704
45000034333
60400040069
60451
60921
31306
31443
eeeba
55315
557991609850107
dfccd
acfff
99933
eccaa
67065
67465
27400040060
27296
ddcaa
dddbf
41306
414906
88691
fbaba
fbadf
fbcde
26146
24905
25872
25742
25196
25297
258123
94400040069
94405
fafeb
fafec
75030
ebfaf
ebceb
0050911
dacaa
dafef
44932
efccc
eadeb
eadea
eacfb
21465
801000933
801000212
76317
76385
05760
edffff
edffc
39153
57000045000028
bfdcb
bfafc
bacab
bacbc
2200005
22400040068
22995
22203
22370
222300
bddcc
64306
64997
7400004
238010060
239910
02475
14968
14359
00004304
66890
66052
66897
66204854
50101050
5010000010000000000000
00003823
9800003
989790
00117
00142
5490000
5100005
51932
51921
680000400035118
7240003206
72400040065
721138010015
71377
52862
52934
43400040069
43168
4940003606
4940008011
170303061
1703030810
6340003606
63400040061
0700004
4500008834
5900004
29400040060
79801003
13155
13168
7800003
004868
ffffefdd
ffffecba
ffffeced
801000720
80180300
80180474
bbddeb
bbddeff
40004011437
40004011940
40004011484
40004011438
03667
800906
450001162
450001367
616164
05445
34062
34068
4500006006
003515
21717
69670
ffefef
00970050955662
4000340615
20292
20260
82103
82138
6010000010000000000000
90203
92417
65080
90932
90939
909001
0180079
42140
2000072
2000017030303
30317
3030610
aceecce
35760
4500009161
37646
37662
6000070
45260
fcede
65112
8018107
48323
1000071
11746
46110
90321
90322
fcfae
fcfba
40004006550
617267
15816
40004006785
40004006786
40004006760
aaabe
ffacc
46687
46640
4500004221
cffbc
45000034540
30060
30551
74770
801805966
40004006049
85417
85499
aeafd
feead
feecb
feeffffe
40004006198
87536
00007011
73652
86890
86840
ffbac
96246
dedaf
73217
15580
bcdad
86198
84150
454801000
aedfd
06417
06469
06431
06494
01703
bfecb
eaaad
eaaae
86568
abecd
adfac
6850100
bcada
06638
82523
1703030070
23319
06734
06726
93790
450000700000400032118
69582
89228
47499
34220
cbdac
47724
40532
ecaff
39500
65293
936306450005
85799
425010
ceeff
ceedc
8010007703
bcbcb
11262
40250
4028010003
35146
06285
06270
06227
ccbdf
32587
32585
84646
cedbb
891801002
16755
15700
15710
91775913
45000034187
93446
93427
93448
93315
1466401
cddaf
85100
eedae
69493
845010
84584
47684
fedbe
eeead
eeeab
77085
baedc
baebd
faeaa
faeaf
90480100183
84000400697
84000400620
84000400612
84000400676
84000400629
dabfb
ecbdb
dbbcb
45000034745
dbefe
ddeab
ddefe
ddecc
92565
92593
10482
12246
12291
45000034286
45000034289
9967450005
37040004006
fefbe
15236
85287
27688
dafbc
cbbfd
adecb
50246
39688
15190
01580
01544
8010007650
00000211
baafd
16440
06931
11931
34000400634
34000400632
34000400625
effec
efffb
effeb
fbeee
bfdab
93040004006
80787
8010055918
8010055998
8018055993
ccfee
45000034640
bffbd
eddaf
edecf
edecb
edeec
16142
ddfcd
21098
efdba
97941
2324500003
cbeaf
65527
70310
69386
fabfa
bcfcf
44000400616
44000400686
44000400625
30293
edfbf
765010
4000370650
00884
92262
92298
92280100082
46236
83689
33040
96469
92916
36720
32631
83593
92644
890906
69987
24000400645
41920
507656
80440
01447
1038010017
348202
74000400642
74000400616
74000400655
160303004610000042410401
160303004610000042410430
57041
64000400634
52733447
54000400697
54000400635
9188010003
55397
22736
4000520691
44500
38546
56240004006
04000400687
04000400662
57750
57759
1050100
44886
21597
705801002
36494
7450100
018058
51522
515701
1450100021
92077
46932
46951
99040004006
ffffffef
bbeafd
74185
bbcedacb
000100000000000004726
000100000000000004636
000100000000000002697005686
35231
bbdbfa
48280
98488
64311
59236
28742
1960050
3920050
18205
78900505
21628
78100
27469636
98186
60667
57640004006
08680
147991609850107
09726
44040004006
327507
29140004006
04245
68115
41140004006
56640004006
bbecbb
0050557
0050502
2110000
bffffefa
56180100076
cfceac
000045000168
5410000
801001240
cfcdacb
003636
801009976
000100020000000002697005686
8501004006
050182
15018008
9501806
3501806
90009
501800211
6901326
980100122
78010093
70000045000028
90000045000028
000210870000323
30000020404
50180160
17030310184
0097146686
4500008811
0033000000000000004500005
44500001
4508031
7801000201
903031
903037
8010002033
45010057
fcafb
0200004603034
821216
75010057
1005060
00000043484
801272103
446566450004
20574500002
1289801000
4500003016
9605016
0000011156
0000011159
00034000040002
450001680000400033118
6901286
200436
1930801002
589412807
37588010003
00010000000000000572756
07978010003
274480450005
130745
3130333133
005089003
6901386
0090158
009768585889999
00004508007
444344444
44434449454
6000000000303
01010105000
77656174
965038010003
32303133303230313130333133
6372656174696
77320446566450004
238278728010003
1200507349
72005010668
8211801801000
206010002020303
80735243304560025
045000562000040003511868
10000032
14593404
1801105
1400032061
1400031066
24500021
2400034066
2400038062
20658
34500021
340002606
445935
4400033067
4400031068
5459340210
50004
5801105
6400034068
6801105
680180072
70023
745000562000040003511880
71703031
7400031066
8801005592
94500056200004000321184
900350028
9400056064
ecafe
01912
01984
016615
45004
45821
45656
45925
ffaad
8050100400
06573
06461
0650100
06844
06175
06329
83400040066
83876
cadec
cadef
97017
97123
00000186
cebbe
ceaaa
cedad
cefac
cdaca
cdeec
05036
208010006
decfa
defbd
17870
1740008011
17992
17450805
17707
10400040063
69973
69238
5040003606
50460
42801006
42934
45000425
45000433
45000413
cafbf
90801805
90904
90468
33400040062
33392
33658
3345440
32636
15871
15948
15757
87495
87628
87377
87732
87155
875010001
87148
87568
aafbd
aaebd
161906
82370
82424
82209
009724
00253
40004006944
40004006129
40004006259
36018
85168
856962
47801006
4760000
47400040068
47694
354500008
adbbb
adffe
adfff
adced
cfdbf
65980
6517030301
65400040068
40864
1200005
1240008011
12845
12621
86616
8677924
86341
77357
77060
77963
77496
4600005
4617030301
4677924
46476
abffc
abaec
89946
cbadd
cbcfa
fecdd
feebd
aedba
11315
11946
92805
92175
950035002
95850
95474
70495
70995
80100499
62867
62100
62295
62429
afcbc
849906
00000952
81915
dbfda
dbdda
dbfbd
45000034118
45000034962
45000034472
45000034627
45000034672
45000034832
45000034614
45000034831
45000034179
45000034223
45000034613
45000034604
45000034619
310100
31963
eecfe
eedec
eecfc
551090
dfcbf
bccea
99450805
99417
67659
dddcb
ddabb
41895
41966
fbafb
fbfbd
fbfbe
2630000
24450001
2440000
24992
24898
25106
25018063
94817
943906
94480
94987
facfe
7500003
75004
75397
fcfff
fccad
4440000
efaee
21207
801000216
76400040066
76195
edffd
39400040068
57450
5740003606
61933
61436
61434
bfaec
01112
0110006
baceb
22707
bdbbd
bdbbf
bdbeb
bddef
bdffffef
64002000080001
93400040069
93897
0070000
02003
0240008011
66306
6640003606
988010015
98455
5400003
54154
54958
51345
38400040063
68400040069
4800050
72400040062
72032
7100004
52006
43457
43170303058500000000000000450005
4380100076
43002000080001
49400040061
63801805
63400040063
63114
63832
638774
07862
4500008819
738010007
06547
29975
19801805
04054
04400040063
794593
1380100020
080001
0840003006
08177
18006
1800003
18400040064
18400040069
78476
ffffeaab
ffffeafc
ffffeceb
ffffecad
ffffecdd
bbedba
80180315
80180775
80180613
801806967
40004011885
03640
03646
30050991769
45000028872
0540000
80101511
31060
4500006051
942009380
0000000000000045000084
69644
3120000
31240004006
31288
00970050921
16030310
9000084
80536
80537
20245
38067
82150
82130
4000350660
4000350676
47840
1703030550
60123
adadbbf
adadbee
00000316
cbcdd
4500004343
67640004006
67688
30656
70138
11812
38382
38336
2000067
70000000
4500009168
37660
36810
5000058
caefe
1000079
11790
90334
90347
fadda
88076
63200700
33685
40004006547
40004006541
43040
430801000
61703
aaefa
47040
06040004006
40004006221
46684
73740004006
4500004254
30010
30011
30095
cffcc
cffac
aabfb
ecefa
36586
86286076
acbdd
40004006075
adabb
acade
05688
ccddf
40004006930
4000300617
4000300646
86092
ccadb
89570
fcaab
962906
aebfa
fffbb
fffaf
ddbfa
86120
86136
84188
aedff
06438
064003
bfefd
bfebf
eaaeb
eaada
efbfe
10284
6850100400
45181
03290
47210
47282
97130
45517
93551
84280
06138
82590
82522
06739
11191
87240
fafcd
cbdde
fdbff
10945
10940
47720
47712
4054047
97237
936801002
aefac
85577
82640
82660
06294
11403030001011603030028
00004500002814
32525
16794
40750
40741
bfbdb
cdead
89431
cddbe
eaefd
